1.0000000000,0.0003586801,0.0000000000,0.0005200208,0.0000000000,0.0003778575,0.0001618385,0.0000000000,0.0002139495,0.0000000000,0.0000000000,0.0000000000,0.0002205558,0.0000000000,0.0000000000,0.0000000000,0.0001873361,0.0002080300,0.0000000000,0.0000000000,0.0000000000,0.0000000000,0.0000000000,0.0002066970,0.0000000000,0.0002403268,0.0000000000,0.0000000000,0.0000000000,0.0000000000,0.0000000000,0.0000000000,0.0000000000,0.0000000000,0.0002096876,0.0000000000,0.0000000000,0.0000000000,0.0000000000,0.0002186748,0.0000000000,0.0002234637,0.0000000000,0.0002313744,0.0000000000,0.0000000000,0.0000000000,0.0000000000,0.0000000000,0.0000000000,0.0001965409,0.0001938360,0.0000000000,0.0001930502,0.0004122861,0.0001966955,0.0004914005,0.0000000000,0.0002458815,0.0006109980,0.0000000000,0.0000000000,0.0001921968,0.0004026575,0.0001973944,0.0000000000,0.0000000000,0.0000000000,0.0002181025,0.0000000000,0.0002177226,0.0000000000,0.0000000000,0.0000000000,0.0000000000,0.0002208968,0.0006563115,0.0000000000,0.0002075981,0.0002197802,0.0000000000,0.0006358627,0.0000000000,0.0000000000,0.0000000000,0.0000000000,0.0000000000,0.0002182929,0.0000000000,0.0002106150,0.0004188189,0.0002202158,0.0002143163,0.0000000000,0.0002453386,0.0004187605,0.0002208481,0.0000000000,0.0000000000,0.0003349523,0.0000000000,0.0002150075,0.0000000000,0.0000000000,0.0004174494,0.0000000000,0.0002203128,0.0000000000,0.0000000000,0.0002052967,0.0001987281,0.0000000000,0.0000000000,0.0000000000,0.0000000000,0.0000000000,0.0000000000,0.0002091613,0.0000000000,0.0000000000,0.0000000000,0.0000000000,0.0000000000,0.0000000000,0.0000000000,0.0000000000,0.0000000000,0.0001981375,0.0000000000,0.0000000000,0.0002155172,0.0000000000,0.0000000000,0.0000000000,0.0000000000,0.0000000000,0.0000000000,0.0000000000,0.0000000000,0.0002127660,0.0002609603,0.0000000000,0.0002350176,0.0000000000,0.0004048583,0.0002111486,0.0000000000,0.0000000000,0.0000000000,0.0002189142,0.0004441483,0.0001722950,0.0000000000,0.0000000000,0.0000000000,0.0000000000,0.0000000000,0.0002072968,0.0003621876,0.0000000000
0.0000000000,1.0000000000,0.0113599481,0.0032799537,0.0381290180,0.0127990248,0.0031965903,0.0011587486,0.0008302889,0.0001485884,0.0000000000,0.0000000000,0.0001698947,0.0003059976,0.0001563233,0.0001665279,0.0001494768,0.0003247808,0.0001724435,0.0000000000,0.0003395009,0.0000000000,0.0001671402,0.0004848093,0.0001653713,0.0003628447,0.0003188267,0.0001578283,0.0001700391,0.0000000000,0.0001671123,0.0001810938,0.0001701259,0.0003935458,0.0001633720,0.0000000000,0.0001561037,0.0004967710,0.0004962779,0.0002857959,0.0004532407,0.0000000000,0.0006452307,0.0001762425,0.0001696065,0.0001736413,0.0000000000,0.0003444119,0.0003252561,0.0001569366,0.0000000000,0.0000000000,0.0003289474,0.0003062318,0.0000000000,0.0000000000,0.0005534034,0.0000000000,0.0001845359,0.0001596424,0.0004743083,0.0004601933,0.0000000000,0.0001582278,0.0004675810,0.0000000000,0.0001617861,0.0000000000,0.0000000000,0.0003157562,0.0001682086,0.0000000000,0.0000000000,0.0000000000,0.0000000000,0.0000000000,0.0000000000,0.0000000000,0.0000000000,0.0000000000,0.0001700391,0.0001646904,0.0000000000,0.0001649621,0.0003383522,0.0007073386,0.0003448276,0.0005058169,0.0004628201,0.0003279226,0.0002348520,0.0001696929,0.0003323916,0.0000000000,0.0000000000,0.0001631588,0.0000000000,0.0001763668,0.0001725923,0.0006830601,0.0000000000,0.0003332223,0.0000000000,0.0001688049,0.0000000000,0.0000000000,0.0000000000,0.0001677290,0.0000000000,0.0003214401,0.0001566416,0.0000000000,0.0000000000,0.0000000000,0.0001601281,0.0000000000,0.0001630258,0.0000000000,0.0003482500,0.0000000000,0.0000000000,0.0000000000,0.0000000000,0.0000000000,0.0000000000,0.0000000000,0.0001644196,0.0001562744,0.0000000000,0.0001738224,0.0003338341,0.0003369840,0.0003421728,0.0000000000,0.0001467351,0.0000000000,0.0003543586,0.0000000000,0.0001711450,0.0000000000,0.0000000000,0.0000000000,0.0000000000,0.0000000000,0.0000000000,0.0000000000,0.0000000000,0.0000000000,0.0006793478,0.0001689189,0.0000000000,0.0000000000,0.0004872503,0.0001633186,0.0003364172,0.0001538225,0.0003195909,0.0006479832,0.0001454545,0.0000000000
0.0000000000,0.0000000000,1.0000000000,0.0125955915,0.0142529906,0.0115626594,0.0041140170,0.0022480330,0.0011271839,0.0003316200,0.0003518649,0.0003898635,0.0001927525,0.0000000000,0.0001754694,0.0000000000,0.0000000000,0.0000000000,0.0000000000,0.0000000000,0.0007705644,0.0001927154,0.0000000000,0.0000000000,0.0001869508,0.0006233119,0.0000000000,0.0003547987,0.0001929385,0.0000000000,0.0003784295,0.0000000000,0.0000000000,0.0000000000,0.0003688676,0.0001706485,0.0001751927,0.0000000000,0.0001869508,0.0003061537,0.0001688334,0.0001949698,0.0000000000,0.0000000000,0.0000000000,0.0001975894,0.0002418965,0.0001956947,0.0003669052,0.0003525472,0.0005226481,0.0003441156,0.0001857700,0.0000000000,0.0005450581,0.0000000000,0.0002116402,0.0000000000,0.0002118195,0.0001796622,0.0001776514,0.0000000000,0.0003415301,0.0000000000,0.0000000000,0.0000000000,0.0000000000,0.0000000000,0.0000000000,0.0003548616,0.0001905851,0.0000000000,0.0001918281,0.0001920861,0.0000000000,0.0003861004,0.0001913143,0.0000000000,0.0001827819,0.0000000000,0.0000000000,0.0001860811,0.0000000000,0.0000000000,0.0000000000,0.0006050827,0.0003920031,0.0000000000,0.0003457217,0.0003703018,0.0000000000,0.0000000000,0.0005641219,0.0000000000,0.0002114165,0.0001841282,0.0000000000,0.0000000000,0.0001962323,0.0004528986,0.0002062706,0.0001885014,0.0001941371,0.0001913509,0.0001836210,0.0002193463,0.0005779233,0.0000000000,0.0001954270,0.0001809955,0.0003518030,0.0002078570,0.0001835199,0.0000000000,0.0001802776,0.0000000000,0.0007362415,0.0000000000,0.0000000000,0.0005750431,0.0003928501,0.0001871608,0.0001961554,0.0000000000,0.0005874290,0.0003819710,0.0000000000,0.0003508772,0.0001870557,0.0000000000,0.0001888931,0.0003818980,0.0003885759,0.0003842459,0.0004905969,0.0001829491,0.0002021427,0.0004785834,0.0001943635,0.0000000000,0.0002229157,0.0000000000,0.0002037075,0.0000000000,0.0001787310,0.0000000000,0.0000000000,0.0001846040,0.0001925669,0.0000000000,0.0000000000,0.0001548467,0.0001831166,0.0001843318,0.0000000000,0.0001723247,0.0000000000,0.0005478451,0.0001618909,0.0003189793
0.0000000000,0.0000000000,0.0000000000,1.0000000000,0.0044217687,0.0034693878,0.0006898931,0.0002316423,0.0004656577,0.0000000000,0.0002149151,0.0002439619,0.0000000000,0.0002080300,0.0002142704,0.0002339181,0.0002016129,0.0000000000,0.0000000000,0.0002188663,0.0000000000,0.0002405581,0.0002351281,0.0000000000,0.0002316423,0.0000000000,0.0004402377,0.0004343105,0.0002409058,0.0000000000,0.0000000000,0.0002637131,0.0000000000,0.0000000000,0.0006835270,0.0006216328,0.0000000000,0.0002319647,0.0000000000,0.0002281022,0.0000000000,0.0000000000,0.0001320306,0.0000000000,0.0002400384,0.0000000000,0.0000000000,0.0000000000,0.0000000000,0.0000000000,0.0002123142,0.0002091613,0.0000000000,0.0000000000,0.0000000000,0.0000000000,0.0000000000,0.0000000000,0.0002710762,0.0000000000,0.0002175332,0.0002087247,0.0000000000,0.0004358248,0.0002133106,0.0002344666,0.0004494382,0.0002355713,0.0000000000,0.0004344049,0.0002372479,0.0000000000,0.0000000000,0.0000000000,0.0004701457,0.0002410219,0.0000000000,0.0002331546,0.0000000000,0.0000000000,0.0000000000,0.0002303086,0.0002371354,0.0000000000,0.0002391200,0.0002545825,0.0000000000,0.0000000000,0.0000000000,0.0002288330,0.0000000000,0.0002402114,0.0002332090,0.0002556891,0.0000000000,0.0000000000,0.0002409639,0.0000000000,0.0000000000,0.0000000000,0.0002620545,0.0004681648,0.0004856727,0.0002384359,0.0000000000,0.0002835271,0.0000000000,0.0004727015,0.0002447980,0.0000000000,0.0004298302,0.0002646203,0.0000000000,0.0000000000,0.0002214839,0.0000000000,0.0002270663,0.0000000000,0.0000000000,0.0000000000,0.0002463054,0.0002319647,0.0000000000,0.0002521432,0.0002452784,0.0000000000,0.0000000000,0.0000000000,0.0002318034,0.0000000000,0.0000000000,0.0004756243,0.0000000000,0.0002395783,0.0000000000,0.0000000000,0.0000000000,0.0000000000,0.0002431315,0.0000000000,0.0000000000,0.0000000000,0.0000000000,0.0002239642,0.0000000000,0.0000000000,0.0004768717,0.0000000000,0.0000000000,0.0000000000,0.0000000000,0.0001842978,0.0004516712,0.0000000000,0.0000000000,0.0004192872,0.0004416961,0.0000000000,0.0005833171,0.0004755112
0.0000000000,0.0000000000,0.0000000000,0.0000000000,1.0000000000,0.0561689870,0.0078184592,0.0044926004,0.0013245033,0.0006694934,0.0004836759,0.0005585032,0.0000000000,0.0002331002,0.0002409639,0.0000000000,0.0000000000,0.0002556237,0.0002815315,0.0000000000,0.0000000000,0.0000000000,0.0002676660,0.0002536140,0.0000000000,0.0003061849,0.0002483238,0.0002445586,0.0000000000,0.0000000000,0.0000000000,0.0003053435,0.0000000000,0.0000000000,0.0005163956,0.0002319647,0.0000000000,0.0000000000,0.0000000000,0.0000000000,0.0000000000,0.0000000000,0.0002834467,0.0000000000,0.0000000000,0.0002847380,0.0000000000,0.0000000000,0.0000000000,0.0000000000,0.0002384927,0.0000000000,0.0000000000,0.0000000000,0.0000000000,0.0000000000,0.0000000000,0.0000000000,0.0000000000,0.0000000000,0.0000000000,0.0002339729,0.0000000000,0.0000000000,0.0002397507,0.0000000000,0.0000000000,0.0000000000,0.0000000000,0.0000000000,0.0000000000,0.0005440696,0.0000000000,0.0000000000,0.0000000000,0.0000000000,0.0002718869,0.0000000000,0.0000000000,0.0002735978,0.0000000000,0.0002614379,0.0002702703,0.0000000000,0.0002728513,0.0002931692,0.0000000000,0.0000000000,0.0000000000,0.0002595380,0.0003190301,0.0000000000,0.0000000000,0.0002946376,0.0003143666,0.0002575992,0.0002752546,0.0000000000,0.0000000000,0.0001969667,0.0000000000,0.0005326232,0.0002776235,0.0002719608,0.0002566076,0.0000000000,0.0005489981,0.0000000000,0.0005606953,0.0000000000,0.0002417211,0.0000000000,0.0002564103,0.0005111168,0.0002501251,0.0000000000,0.0000000000,0.0000000000,0.0005720824,0.0000000000,0.0000000000,0.0000000000,0.0000000000,0.0000000000,0.0000000000,0.0000000000,0.0000000000,0.0002408478,0.0000000000,0.0002852253,0.0000000000,0.0005422993,0.0000000000,0.0000000000,0.0000000000,0.0000000000,0.0000000000,0.0000000000,0.0000000000,0.0000000000,0.0003404835,0.0000000000,0.0000000000,0.0000000000,0.0000000000,0.0000000000,0.0000000000,0.0000000000,0.0002744237,0.0000000000,0.0000000000,0.0000000000,0.0002556237,0.0000000000,0.0000000000,0.0000000000,0.0002492522,0.0007639419,0.0004322455,0.0000000000
0.0000000000,0.0000000000,0.0000000000,0.0000000000,0.0000000000,1.0000000000,0.0318861210,0.0099859846,0.0054262209,0.0023317270,0.0011486708,0.0001803101,0.0001784758,0.0004798464,0.0000000000,0.0000000000,0.0000000000,0.0001701838,0.0001812908,0.0003325021,0.0001782849,0.0001784440,0.0000000000,0.0000000000,0.0000000000,0.0000000000,0.0000000000,0.0003304693,0.0001786352,0.0000000000,0.0005264081,0.0003818251,0.0005363848,0.0000000000,0.0001712915,0.0003187759,0.0001633186,0.0000000000,0.0001734906,0.0000978857,0.0001577785,0.0001803752,0.0005545082,0.0000000000,0.0000000000,0.0001826150,0.0004397537,0.0001809955,0.0001704449,0.0003285151,0.0001624168,0.0003211819,0.0000000000,0.0004802305,0.0001688904,0.0003250975,0.0000000000,0.0000000000,0.0000000000,0.0001671961,0.0000000000,0.0001603078,0.0004784689,0.0001656452,0.0000000000,0.0000000000,0.0001695490,0.0000000000,0.0000000000,0.0000000000,0.0001766160,0.0000000000,0.0000000000,0.0003558719,0.0001753771,0.0001786991,0.0001772421,0.0001743375,0.0003398471,0.0000000000,0.0000000000,0.0005184033,0.0003531697,0.0001730403,0.0000000000,0.0003721623,0.0001812251,0.0001769912,0.0004839490,0.0003438790,0.0004859677,0.0001782531,0.0001743679,0.0007469655,0.0003888025,0.0000000000,0.0001786671,0.0003713331,0.0003629764,0.0002840909,0.0001900057,0.0003497115,0.0005391804,0.0001772735,0.0003412969,0.0002010454,0.0003566970,0.0000000000,0.0001807664,0.0000000000,0.0001639076,0.0001913509,0.0003411223,0.0001701259,0.0005033557,0.0000000000,0.0006839945,0.0000000000,0.0000000000,0.0003550506,0.0001815871,0.0001736714,0.0001813894,0.0001847404,0.0000000000,0.0005309735,0.0001724435,0.0001635056,0.0000000000,0.0001828154,0.0001751620,0.0001768972,0.0000000000,0.0001779043,0.0000000000,0.0001700391,0.0000000000,0.0000000000,0.0000000000,0.0001733403,0.0004081633,0.0000000000,0.0001878287,0.0000000000,0.0000000000,0.0000000000,0.0001772421,0.0000000000,0.0001783167,0.0000000000,0.0005385030,0.0001454969,0.0001701838,0.0001712329,0.0001765848,0.0003216986,0.0000000000,0.0003394433,0.0001516990,0.0000000000
0.0000000000,0.0000000000,0.0000000000,0.0000000000,0.0000000000,0.0000000000,1.0000000000,0.0287747525,0.0115977415,0.0038329911,0.0035914380,0.0015571473,0.0007711289,0.0001400756,0.0004287552,0.0001513546,0.0000000000,0.0002958580,0.0000000000,0.0002898551,0.0000000000,0.0004624634,0.0003037667,0.0001472320,0.0004513314,0.0001635323,0.0001454334,0.0001441338,0.0000000000,0.0000000000,0.0001518372,0.0006534880,0.0001543210,0.0000000000,0.0004463621,0.0000000000,0.0001426941,0.0001505344,0.0003008424,0.0002702946,0.0000000000,0.0001555452,0.0000000000,0.0001593372,0.0001538935,0.0003144654,0.0001840265,0.0001560062,0.0000000000,0.0004302926,0.0001420051,0.0004218816,0.0001496334,0.0001401738,0.0000000000,0.0004263786,0.0001659751,0.0002313744,0.0001660854,0.0001456452,0.0001443210,0.0002808200,0.0004192872,0.0001444669,0.0001424501,0.0000000000,0.0000000000,0.0001520450,0.0003059039,0.0001441545,0.0003055301,0.0003065134,0.0004607587,0.0000000000,0.0003036745,0.0006174745,0.0001532097,0.0000000000,0.0001476887,0.0001537515,0.0000000000,0.0001498352,0.0001526951,0.0000000000,0.0001535155,0.0001597444,0.0004686768,0.0000000000,0.0001411233,0.0004477612,0.0003290556,0.0004620360,0.0004533092,0.0001601794,0.0003317300,0.0000000000,0.0003085944,0.0000000000,0.0001563477,0.0000000000,0.0000000000,0.0001514005,0.0000000000,0.0000000000,0.0000000000,0.0000000000,0.0003080715,0.0001523461,0.0001558361,0.0001465201,0.0002863278,0.0001636393,0.0001481701,0.0002957705,0.0001460494,0.0004417612,0.0001484561,0.0001484781,0.0000000000,0.0000000000,0.0000000000,0.0001505344,0.0000000000,0.0001587806,0.0003121099,0.0001529754,0.0002992668,0.0001428367,0.0001504664,0.0000000000,0.0001516530,0.0003059507,0.0001550868,0.0000000000,0.0004045853,0.0001477978,0.0000000000,0.0000000000,0.0001551590,0.0004509922,0.0000000000,0.0000000000,0.0001610565,0.0002942908,0.0005803831,0.0001494768,0.0001532097,0.0001488760,0.0004621784,0.0003067014,0.0003097414,0.0000000000,0.0000000000,0.0000000000,0.0001527184,0.0001407856,0.0000000000,0.0005904059,0.0002675227,0.0002254791
0.0000000000,0.0000000000,0.0000000000,0.0000000000,0.0000000000,0.0000000000,0.0000000000,1.0000000000,0.0396039604,0.0108883512,0.0088008801,0.0048740861,0.0030060120,0.0000000000,0.0001813237,0.0000000000,0.0001721763,0.0001895016,0.0002033760,0.0001846040,0.0001996008,0.0000000000,0.0001960400,0.0001883949,0.0003872967,0.0000000000,0.0000000000,0.0001833517,0.0000000000,0.0000000000,0.0001960016,0.0002155172,0.0000000000,0.0002380386,0.0000000000,0.0003524229,0.0005432814,0.0000000000,0.0001936108,0.0002079867,0.0000000000,0.0000000000,0.0003562945,0.0004174494,0.0001994416,0.0004101723,0.0000000000,0.0002030045,0.0000000000,0.0001821494,0.0003599064,0.0000000000,0.0000000000,0.0001769912,0.0003758692,0.0001800504,0.0000000000,0.0003523608,0.0004409171,0.0000000000,0.0001836547,0.0000000000,0.0001762736,0.0000000000,0.0000000000,0.0003912363,0.0001887149,0.0005892752,0.0001978239,0.0000000000,0.0000000000,0.0000000000,0.0003977725,0.0001991239,0.0000000000,0.0004003203,0.0001982947,0.0000000000,0.0000000000,0.0000000000,0.0000000000,0.0000000000,0.0003949447,0.0001930502,0.0000000000,0.0000000000,0.0002032934,0.0000000000,0.0001785077,0.0001916443,0.0000000000,0.0001995610,0.0000000000,0.0004203447,0.0002199736,0.0000000000,0.0000000000,0.0002088555,0.0002035831,0.0001552313,0.0000000000,0.0001952744,0.0002013288,0.0001983340,0.0001900418,0.0000000000,0.0000000000,0.0000000000,0.0000000000,0.0001872309,0.0000000000,0.0004323390,0.0000000000,0.0000000000,0.0001864628,0.0000000000,0.0003808798,0.0001904399,0.0002056767,0.0000000000,0.0004075810,0.0000000000,0.0004070832,0.0002077275,0.0000000000,0.0000000000,0.0001923077,0.0001812579,0.0000000000,0.0000000000,0.0000000000,0.0000000000,0.0000000000,0.0001991239,0.0003371544,0.0003787162,0.0002099517,0.0000000000,0.0000000000,0.0003869220,0.0000000000,0.0000000000,0.0002116402,0.0003765060,0.0000000000,0.0001920861,0.0000000000,0.0000000000,0.0003993610,0.0001984915,0.0000000000,0.0001593880,0.0000000000,0.0000000000,0.0003950227,0.0001779676,0.0001859773,0.0000000000,0.0005007511,0.0000000000
0.0000000000,0.0000000000,0.0000000000,0.0000000000,0.0000000000,0.0000000000,0.0000000000,0.0000000000,1.0000000000,0.0287731686,0.0197209302,0.0112889984,0.0068686869,0.0007103534,0.0003640998,0.0003920800,0.0003456619,0.0001902588,0.0000000000,0.0003707136,0.0000000000,0.0000000000,0.0000000000,0.0000000000,0.0000000000,0.0004339336,0.0003724395,0.0000000000,0.0002008839,0.0000000000,0.0001968117,0.0006497726,0.0000000000,0.0000000000,0.0001916443,0.0001768347,0.0001817191,0.0001946283,0.0001944012,0.0004169707,0.0003498338,0.0004062563,0.0003571854,0.0002095997,0.0004006410,0.0000000000,0.0000000000,0.0002038736,0.0000000000,0.0001828488,0.0003612717,0.0001783167,0.0005795981,0.0005331438,0.0007550019,0.0005423974,0.0000000000,0.0000000000,0.0000000000,0.0003731343,0.0001843658,0.0001779993,0.0001769285,0.0001846040,0.0001813237,0.0001963865,0.0005686126,0.0001971609,0.0000000000,0.0000000000,0.0003967467,0.0000000000,0.0000000000,0.0004000000,0.0001967729,0.0002009646,0.0003983270,0.0001954652,0.0000000000,0.0002000400,0.0002008839,0.0003869969,0.0000000000,0.0000000000,0.0001996406,0.0002103049,0.0000000000,0.0001988072,0.0000000000,0.0000000000,0.0003941146,0.0000000000,0.0000000000,0.0004222081,0.0002209945,0.0001913509,0.0002009243,0.0008396306,0.0000000000,0.0000000000,0.0000000000,0.0001960784,0.0000000000,0.0000000000,0.0000000000,0.0002296739,0.0000000000,0.0001976675,0.0000000000,0.0001879699,0.0001824485,0.0004343105,0.0000000000,0.0003804451,0.0003744617,0.0001891074,0.0003824092,0.0000000000,0.0002065689,0.0000000000,0.0002046245,0.0000000000,0.0002043736,0.0004173623,0.0002039152,0.0001987281,0.0003862495,0.0005460502,0.0001945147,0.0000000000,0.0000000000,0.0001986887,0.0000000000,0.0001999600,0.0001691475,0.0001900779,0.0000000000,0.0000000000,0.0000000000,0.0003885004,0.0000000000,0.0000000000,0.0000000000,0.0001889645,0.0000000000,0.0001928640,0.0000000000,0.0000000000,0.0000000000,0.0000000000,0.0002018978,0.0000000000,0.0001902588,0.0001915709,0.0000000000,0.0001786352,0.0005603287,0.0001896454,0.0001674481,0.0000000000
0.0000000000,0.0000000000,0.0000000000,0.0000000000,0.0000000000,0.0000000000,0.0000000000,0.0000000000,0.0000000000,1.0000000000,0.0382742991,0.0144118177,0.0099431818,0.0015800284,0.0006456820,0.0005168849,0.0007707723,0.0003356268,0.0000000000,0.0000000000,0.0005271481,0.0005276117,0.0003458413,0.0001669170,0.0000000000,0.0000000000,0.0000000000,0.0003259452,0.0000000000,0.0000000000,0.0001728608,0.0000000000,0.0000000000,0.0004095843,0.0000000000,0.0003145643,0.0001611084,0.0000000000,0.0000000000,0.0003884627,0.0000000000,0.0003554292,0.0004394639,0.0003653635,0.0005267779,0.0000000000,0.0000000000,0.0000000000,0.0006724950,0.0000000000,0.0001602307,0.0000000000,0.0005102041,0.0003158560,0.0004997501,0.0004811548,0.0001914242,0.0000000000,0.0001915709,0.0001648805,0.0000000000,0.0004746835,0.0001573317,0.0000000000,0.0000000000,0.0001725328,0.0000000000,0.0000000000,0.0001742768,0.0000000000,0.0000000000,0.0001746725,0.0000000000,0.0001752848,0.0000000000,0.0001760563,0.0003493450,0.0000000000,0.0000000000,0.0000000000,0.0005281690,0.0003405995,0.0000000000,0.0001705611,0.0000000000,0.0000000000,0.0000000000,0.0003488575,0.0003182686,0.0003389831,0.0000000000,0.0000000000,0.0001718508,0.0003675795,0.0001912412,0.0003373250,0.0001760253,0.0000000000,0.0000000000,0.0002807412,0.0000000000,0.0000000000,0.0003540450,0.0001746725,0.0003364738,0.0005933544,0.0007031113,0.0003471017,0.0001780627,0.0003320604,0.0001616815,0.0000000000,0.0001681237,0.0000000000,0.0000000000,0.0000000000,0.0000000000,0.0003370976,0.0001803427,0.0003498338,0.0005367687,0.0001711743,0.0005361930,0.0000000000,0.0001783167,0.0001743375,0.0003400204,0.0003226327,0.0000000000,0.0003601657,0.0000000000,0.0000000000,0.0000000000,0.0001752848,0.0003023432,0.0000000000,0.0000000000,0.0002137209,0.0001771793,0.0000000000,0.0000000000,0.0000000000,0.0001849112,0.0000000000,0.0000000000,0.0000000000,0.0001746420,0.0001690331,0.0003514321,0.0001747946,0.0001767721,0.0000000000,0.0000000000,0.0000000000,0.0003480682,0.0001586798,0.0001650165,0.0001673080,0.0001497903,0.0002751789
0.0000000000,0.0000000000,0.0000000000,0.0000000000,0.0000000000,0.0000000000,0.0000000000,0.0000000000,0.0000000000,0.0000000000,1.0000000000,0.0507059057,0.0370873786,0.0040214477,0.0020547945,0.0014673514,0.0011404366,0.0005346641,0.0000000000,0.0000000000,0.0001870557,0.0007493443,0.0007361060,0.0001771793,0.0001817851,0.0000000000,0.0000000000,0.0003454828,0.0000000000,0.0001850481,0.0005518764,0.0000000000,0.0000000000,0.0000000000,0.0001793722,0.0003327233,0.0008538251,0.0005461496,0.0001817851,0.0003014772,0.0003292723,0.0000000000,0.0000000000,0.0000000000,0.0001869159,0.0000000000,0.0004667445,0.0001900418,0.0001784440,0.0001716444,0.0001696641,0.0000000000,0.0001806685,0.0000000000,0.0000000000,0.0000000000,0.0002050441,0.0000000000,0.0000000000,0.0001748863,0.0000000000,0.0000000000,0.0000000000,0.0000000000,0.0000000000,0.0000000000,0.0001774623,0.0000000000,0.0000000000,0.0000000000,0.0001852195,0.0000000000,0.0001863933,0.0001866368,0.0001838573,0.0000000000,0.0001859082,0.0000000000,0.0000000000,0.0000000000,0.0000000000,0.0001809627,0.0001851509,0.0001812908,0.0000000000,0.0000000000,0.0000000000,0.0005571031,0.0003368705,0.0000000000,0.0002509410,0.0001870208,0.0001827485,0.0003926188,0.0004097521,0.0001791152,0.0001874766,0.0001951600,0.0000000000,0.0002951158,0.0000000000,0.0000000000,0.0000000000,0.0001859427,0.0001786352,0.0000000000,0.0003742515,0.0000000000,0.0001897893,0.0000000000,0.0001712915,0.0002014910,0.0001785395,0.0001780944,0.0001754694,0.0003543586,0.0001789549,0.0000000000,0.0000000000,0.0001861851,0.0003814610,0.0000000000,0.0003810250,0.0001941748,0.0001900779,0.0000000000,0.0001806358,0.0005127329,0.0003638348,0.0000000000,0.0001836210,0.0001855288,0.0000000000,0.0001866368,0.0000000000,0.0000000000,0.0000000000,0.0000000000,0.0000000000,0.0001816201,0.0002156102,0.0000000000,0.0001975894,0.0000000000,0.0003480682,0.0000000000,0.0000000000,0.0000000000,0.0001870907,0.0000000000,0.0003767188,0.0004539952,0.0001781578,0.0003586801,0.0003704390,0.0003359086,0.0005253020,0.0000000000,0.0000000000,0.0000000000
0.0000000000,0.0000000000,0.0000000000,0.0000000000,0.0000000000,0.0000000000,0.0000000000,0.0000000000,0.0000000000,0.0000000000,0.0000000000,1.0000000000,0.0361471861,0.0079703429,0.0041698256,0.0020424837,0.0017917936,0.0005932371,0.0000000000,0.0000000000,0.0000000000,0.0004178855,0.0002047921,0.0001964637,0.0002021427,0.0004533092,0.0000000000,0.0000000000,0.0000000000,0.0000000000,0.0002047502,0.0000000000,0.0002092926,0.0000000000,0.0000000000,0.0001832173,0.0000000000,0.0002023882,0.0000000000,0.0003192508,0.0005435767,0.0002115507,0.0004877454,0.0000000000,0.0002085071,0.0002146383,0.0002679528,0.0000000000,0.0001980198,0.0000000000,0.0000000000,0.0003696858,0.0000000000,0.0001840943,0.0000000000,0.0000000000,0.0004627487,0.0000000000,0.0000000000,0.0000000000,0.0001913143,0.0000000000,0.0000000000,0.0001915709,0.0000000000,0.0002042901,0.0000000000,0.0000000000,0.0000000000,0.0001910220,0.0000000000,0.0002072968,0.0004158004,0.0000000000,0.0002047083,0.0002092488,0.0000000000,0.0000000000,0.0000000000,0.0000000000,0.0000000000,0.0000000000,0.0002063132,0.0000000000,0.0002078138,0.0002193945,0.0000000000,0.0000000000,0.0003715400,0.0000000000,0.0001348254,0.0002086376,0.0000000000,0.0004405286,0.0000000000,0.0001988467,0.0000000000,0.0000000000,0.0004261666,0.0001606684,0.0000000000,0.0002039568,0.0002105706,0.0000000000,0.0001982554,0.0000000000,0.0002087247,0.0004114380,0.0002120891,0.0000000000,0.0000000000,0.0002268088,0.0001981375,0.0000000000,0.0001943635,0.0000000000,0.0001986492,0.0003974563,0.0004307560,0.0002075981,0.0004265302,0.0002023882,0.0000000000,0.0004352557,0.0000000000,0.0000000000,0.0002007226,0.0007552870,0.0014175780,0.0002149151,0.0000000000,0.0002067825,0.0000000000,0.0000000000,0.0000000000,0.0001974724,0.0000000000,0.0002646903,0.0000000000,0.0002019386,0.0000000000,0.0000000000,0.0000000000,0.0001962709,0.0000000000,0.0002004812,0.0002072539,0.0001994018,0.0002087247,0.0004150239,0.0004206099,0.0001651255,0.0001976675,0.0001990842,0.0002063558,0.0000000000,0.0001938360,0.0000000000,0.0001731602,0.0000000000
0.0000000000,0.0000000000,0.0000000000,0.0000000000,0.0000000000,0.0000000000,0.0000000000,0.0000000000,0.0000000000,0.0000000000,0.0000000000,0.0000000000,1.0000000000,0.0367924528,0.0124787294,0.0077157360,0.0039104159,0.0015658642,0.0002102607,0.0000000000,0.0002062281,0.0006195787,0.0002024291,0.0001942879,0.0001998401,0.0000000000,0.0000000000,0.0000000000,0.0000000000,0.0002037905,0.0004048583,0.0000000000,0.0000000000,0.0000000000,0.0000000000,0.0000000000,0.0003729952,0.0000000000,0.0001998401,0.0001057530,0.0003586157,0.0000000000,0.0002421308,0.0002159361,0.0000000000,0.0000000000,0.0002639219,0.0000000000,0.0000000000,0.0003753754,0.0003706449,0.0003658314,0.0000000000,0.0003644315,0.0000000000,0.0001854256,0.0002283105,0.0000000000,0.0002285192,0.0000000000,0.0000000000,0.0000000000,0.0001814224,0.0001895016,0.0001860465,0.0000000000,0.0000000000,0.0002027575,0.0000000000,0.0001889645,0.0002039984,0.0002048760,0.0000000000,0.0002057190,0.0000000000,0.0002067825,0.0002048341,0.0004020101,0.0003902439,0.0000000000,0.0000000000,0.0000000000,0.0000000000,0.0000000000,0.0000000000,0.0002166847,0.0002101723,0.0002044990,0.0000000000,0.0001977457,0.0004014989,0.0002061856,0.0002010050,0.0000000000,0.0000000000,0.0000000000,0.0000000000,0.0000000000,0.0002104820,0.0000000000,0.0002220742,0.0004033071,0.0000000000,0.0002048760,0.0001960400,0.0000000000,0.0002062706,0.0002032934,0.0002095557,0.0003861749,0.0001872309,0.0002239140,0.0000000000,0.0000000000,0.0000000000,0.0003885759,0.0000000000,0.0003930045,0.0000000000,0.0000000000,0.0002106594,0.0002000800,0.0002103934,0.0004299226,0.0002099076,0.0002044154,0.0001984521,0.0003734827,0.0010006004,0.0002123142,0.0004042037,0.0002043736,0.0000000000,0.0002057190,0.0000000000,0.0001952744,0.0002172968,0.0002607562,0.0000000000,0.0003993610,0.0000000000,0.0000000000,0.0000000000,0.0001940994,0.0000000000,0.0000000000,0.0000000000,0.0000000000,0.0010322048,0.0002050441,0.0002077706,0.0004909180,0.0001954652,0.0000000000,0.0000000000,0.0000000000,0.0003835091,0.0003897116,0.0000000000,0.0000000000
0.0000000000,0.0000000000,0.0000000000,0.0000000000,0.0000000000,0.0000000000,0.0000000000,0.0000000000,0.0000000000,0.0000000000,0.0000000000,0.0000000000,0.0000000000,1.0000000000,0.0470711297,0.0225865209,0.0123754420,0.0059295431,0.0020381694,0.0006775068,0.0003637025,0.0003640335,0.0000000000,0.0001724733,0.0000000000,0.0000000000,0.0006803878,0.0000000000,0.0001821825,0.0000000000,0.0000000000,0.0003899396,0.0000000000,0.0000000000,0.0000000000,0.0001621797,0.0001662787,0.0003541076,0.0000000000,0.0000000000,0.0001605394,0.0000000000,0.0003367003,0.0003787162,0.0001816860,0.0001863238,0.0002252252,0.0005541190,0.0003474032,0.0003345041,0.0006617039,0.0004904365,0.0000000000,0.0001628664,0.0001720578,0.0003309614,0.0001987676,0.0000000000,0.0000000000,0.0000000000,0.0000000000,0.0000000000,0.0001622586,0.0003374388,0.0006641209,0.0000000000,0.0001727414,0.0003582945,0.0003607504,0.0003365870,0.0000000000,0.0000000000,0.0001811922,0.0000000000,0.0000000000,0.0001822490,0.0000000000,0.0000000000,0.0000000000,0.0000000000,0.0001821825,0.0000000000,0.0000000000,0.0000000000,0.0001811594,0.0000000000,0.0001848771,0.0001804728,0.0001641497,0.0003504468,0.0000000000,0.0000000000,0.0005334282,0.0001905125,0.0003972195,0.0001743071,0.0001822157,0.0000000000,0.0003703018,0.0002885586,0.0000000000,0.0001782214,0.0005499542,0.0003615983,0.0001738526,0.0000000000,0.0000000000,0.0003591309,0.0001843998,0.0003430532,0.0003338341,0.0001954270,0.0005214671,0.0005202011,0.0001708526,0.0003449465,0.0003483714,0.0000000000,0.0005607477,0.0000000000,0.0000000000,0.0003541076,0.0000000000,0.0001885370,0.0005542213,0.0005414185,0.0005274262,0.0009996668,0.0015946137,0.0000000000,0.0001785714,0.0007218914,0.0001833517,0.0000000000,0.0000000000,0.0000000000,0.0003808073,0.0000000000,0.0001834526,0.0000000000,0.0000000000,0.0000000000,0.0001917546,0.0003447087,0.0003389831,0.0001755618,0.0001807338,0.0000000000,0.0003637686,0.0003618600,0.0001830161,0.0002957267,0.0001734004,0.0003490401,0.0003601657,0.0001636929,0.0006821282,0.0000000000,0.0000000000,0.0005813953
0.0000000000,0.0000000000,0.0000000000,0.0000000000,0.0000000000,0.0000000000,0.0000000000,0.0000000000,0.0000000000,0.0000000000,0.0000000000,0.0000000000,0.0000000000,0.0000000000,1.0000000000,0.0438596491,0.0294166806,0.0100502513,0.0022831050,0.0013888889,0.0000000000,0.0003735525,0.0000000000,0.0000000000,0.0000000000,0.0002007629,0.0001741553,0.0000000000,0.0000000000,0.0003692080,0.0003669052,0.0002004008,0.0001870557,0.0000000000,0.0001789229,0.0000000000,0.0001702417,0.0003631082,0.0000000000,0.0002006823,0.0001642306,0.0015128593,0.0010269283,0.0005836576,0.0003729256,0.0001913143,0.0002325581,0.0003791469,0.0001779993,0.0001712329,0.0001692620,0.0001672520,0.0001802127,0.0000000000,0.0003526715,0.0001693767,0.0000000000,0.0000000000,0.0000000000,0.0000000000,0.0001725626,0.0000000000,0.0000000000,0.0000000000,0.0000000000,0.0003661662,0.0001770225,0.0000000000,0.0001850139,0.0000000000,0.0000000000,0.0001854599,0.0001859082,0.0000000000,0.0000000000,0.0000000000,0.0005564830,0.0001822490,0.0003548616,0.0000000000,0.0003739716,0.0001805054,0.0001846722,0.0001808318,0.0000000000,0.0001950839,0.0001897893,0.0003703704,0.0001680108,0.0003592599,0.0003757986,0.0001865324,0.0001822822,0.0000000000,0.0004085802,0.0001786671,0.0000000000,0.0000000000,0.0000000000,0.0001472320,0.0001994416,0.0005485464,0.0000000000,0.0001854599,0.0001781896,0.0002116402,0.0000000000,0.0001841621,0.0000000000,0.0000000000,0.0000000000,0.0000000000,0.0000000000,0.0003553660,0.0001750394,0.0003534818,0.0005357143,0.0007145409,0.0001918649,0.0000000000,0.0001901864,0.0001815211,0.0003800114,0.0007750436,0.0011385199,0.0009260974,0.0014432618,0.0037632569,0.0062055120,0.0000000000,0.0000000000,0.0000000000,0.0000000000,0.0000000000,0.0003183699,0.0003551767,0.0000000000,0.0002300966,0.0000000000,0.0000000000,0.0000000000,0.0000000000,0.0000000000,0.0001765848,0.0001735810,0.0003600360,0.0000000000,0.0001791152,0.0005600149,0.0005569996,0.0001878287,0.0001509662,0.0000000000,0.0001788589,0.0000000000,0.0001675322,0.0001746115,0.0000000000,0.0000000000,0.0003029385
0.0000000000,0.0000000000,0.0000000000,0.0000000000,0.0000000000,0.0000000000,0.0000000000,0.0000000000,0.0000000000,0.0000000000,0.0000000000,0.0000000000,0.0000000000,0.0000000000,0.0000000000,1.0000000000,0.0441788883,0.0204638472,0.0030857848,0.0020503262,0.0010072522,0.0004030633,0.0000000000,0.0001898975,0.0001951981,0.0006540222,0.0001869159,0.0001847746,0.0002017349,0.0000000000,0.0001976285,0.0000000000,0.0000000000,0.0000000000,0.0000000000,0.0001774938,0.0003648969,0.0003909304,0.0003904725,0.0004178855,0.0001755310,0.0006121200,0.0004774979,0.0000000000,0.0000000000,0.0000000000,0.0000000000,0.0006145023,0.0003827751,0.0001835536,0.0000000000,0.0001789869,0.0001939112,0.0001783167,0.0005683971,0.0000000000,0.0000000000,0.0000000000,0.0002224694,0.0000000000,0.0000000000,0.0000000000,0.0001775884,0.0001853225,0.0000000000,0.0000000000,0.0000000000,0.0001979806,0.0000000000,0.0001848087,0.0001991635,0.0002000000,0.0002005214,0.0000000000,0.0000000000,0.0000000000,0.0001999600,0.0000000000,0.0003813883,0.0000000000,0.0002017349,0.0000000000,0.0001990842,0.0001946283,0.0000000000,0.0000000000,0.0000000000,0.0001996406,0.0005397625,0.0000000000,0.0002634352,0.0000000000,0.0001963094,0.0002119992,0.0000000000,0.0001921230,0.0002017756,0.0000000000,0.0000000000,0.0003125488,0.0002163566,0.0001968892,0.0004061738,0.0000000000,0.0000000000,0.0000000000,0.0006042296,0.0003970617,0.0002044572,0.0001887149,0.0001831502,0.0004363002,0.0003829950,0.0001909490,0.0000000000,0.0001898614,0.0001919386,0.0000000000,0.0002074689,0.0000000000,0.0000000000,0.0000000000,0.0002052545,0.0004191993,0.0006146281,0.0003992016,0.0021367521,0.0010968921,0.0039207998,0.0006215040,0.0003947109,0.0003991219,0.0002031694,0.0002008032,0.0003395586,0.0000000000,0.0002118195,0.0000000000,0.0000000000,0.0001950078,0.0000000000,0.0000000000,0.0000000000,0.0000000000,0.0000000000,0.0001936483,0.0001999600,0.0000000000,0.0004027386,0.0002001601,0.0000000000,0.0001604621,0.0001910220,0.0000000000,0.0000000000,0.0000000000,0.0003749531,0.0003808798,0.0001680390,0.0000000000
0.0000000000,0.0000000000,0.0000000000,0.0000000000,0.0000000000,0.0000000000,0.0000000000,0.0000000000,0.0000000000,0.0000000000,0.0000000000,0.0000000000,0.0000000000,0.0000000000,0.0000000000,0.0000000000,1.0000000000,0.0407804535,0.0079753489,0.0021494709,0.0003538570,0.0001770538,0.0000000000,0.0001680390,0.0001721763,0.0000000000,0.0000000000,0.0003280840,0.0000000000,0.0000000000,0.0000000000,0.0001892864,0.0000000000,0.0000000000,0.0001700102,0.0001582529,0.0001621534,0.0003447681,0.0003444119,0.0000000000,0.0003134305,0.0001789549,0.0003310162,0.0000000000,0.0000000000,0.0000000000,0.0002177226,0.0005388899,0.0005077001,0.0003261579,0.0003225806,0.0004784689,0.0003424071,0.0001589067,0.0001676446,0.0000000000,0.0000000000,0.0000000000,0.0003861749,0.0001659751,0.0000000000,0.0001591850,0.0000000000,0.0001644466,0.0003237294,0.0001737318,0.0001682935,0.0001743375,0.0001755002,0.0001640420,0.0000000000,0.0000000000,0.0001763047,0.0000000000,0.0000000000,0.0000000000,0.0001758706,0.0000000000,0.0001686341,0.0000000000,0.0001772421,0.0003429355,0.0000000000,0.0000000000,0.0000000000,0.0001845359,0.0003596475,0.0001756235,0.0001601281,0.0003412969,0.0003624940,0.0000000000,0.0000000000,0.0000000000,0.0003855050,0.0001697793,0.0001772735,0.0003683241,0.0001800180,0.0002823264,0.0000000000,0.0001734906,0.0001782531,0.0000000000,0.0001693480,0.0000000000,0.0001769285,0.0001747335,0.0000000000,0.0000000000,0.0003255208,0.0001897533,0.0000000000,0.0000000000,0.0001665002,0.0001680108,0.0000000000,0.0000000000,0.0000000000,0.0000000000,0.0003603604,0.0000000000,0.0000000000,0.0003665689,0.0014385902,0.0012302285,0.0030895984,0.0052210801,0.0081611391,0.0003627789,0.0001738224,0.0001755310,0.0001783485,0.0003531073,0.0001520681,0.0000000000,0.0001849797,0.0000000000,0.0001784440,0.0001720282,0.0000000000,0.0000000000,0.0000000000,0.0003358522,0.0000000000,0.0001709694,0.0000000000,0.0003404255,0.0007080899,0.0005282620,0.0000000000,0.0001445713,0.0000000000,0.0000000000,0.0001752234,0.0000000000,0.0001661130,0.0005054760,0.0003014318,0.0000000000
0.0000000000,0.0000000000,0.0000000000,0.0000000000,0.0000000000,0.0000000000,0.0000000000,0.0000000000,0.0000000000,0.0000000000,0.0000000000,0.0000000000,0.0000000000,0.0000000000,0.0000000000,0.0000000000,0.0000000000,1.0000000000,0.0204909718,0.0072859745,0.0027402623,0.0015655577,0.0009598771,0.0012929442,0.0000000000,0.0002108370,0.0001816860,0.0000000000,0.0000000000,0.0000000000,0.0003836562,0.0002104377,0.0001957713,0.0002318572,0.0003738318,0.0000000000,0.0000000000,0.0003795066,0.0001895016,0.0001027855,0.0005129082,0.0001977457,0.0003516174,0.0000000000,0.0000000000,0.0000000000,0.0000000000,0.0001984915,0.0001858736,0.0001785077,0.0000000000,0.0005227392,0.0001882885,0.0000000000,0.0000000000,0.0000000000,0.0006450226,0.0000000000,0.0000000000,0.0001820167,0.0001799532,0.0000000000,0.0000000000,0.0003604253,0.0003541704,0.0001913876,0.0000000000,0.0003843198,0.0001935359,0.0001796945,0.0000000000,0.0000000000,0.0001945147,0.0000000000,0.0003835827,0.0000000000,0.0000000000,0.0000000000,0.0003705076,0.0000000000,0.0001956564,0.0001886081,0.0001931621,0.0001889645,0.0001944769,0.0002045827,0.0000000000,0.0001936858,0.0001750088,0.0000000000,0.0002581978,0.0007812500,0.0000000000,0.0000000000,0.0000000000,0.0000000000,0.0000000000,0.0000000000,0.0000000000,0.0001525786,0.0004188482,0.0000000000,0.0001968892,0.0000000000,0.0003722315,0.0002228661,0.0001952744,0.0001926040,0.0001982161,0.0000000000,0.0001781261,0.0002110150,0.0000000000,0.0001854943,0.0000000000,0.0000000000,0.0000000000,0.0000000000,0.0002010454,0.0000000000,0.0000000000,0.0001897173,0.0000000000,0.0002030045,0.0005958292,0.0007748935,0.0016968326,0.0021359915,0.0074484339,0.0064620355,0.0032654629,0.0019391119,0.0011831986,0.0001947799,0.0003309067,0.0001853912,0.0006156372,0.0002434275,0.0000000000,0.0000000000,0.0000000000,0.0000000000,0.0002067397,0.0000000000,0.0000000000,0.0003761520,0.0000000000,0.0000000000,0.0000000000,0.0000000000,0.0001966182,0.0001565925,0.0000000000,0.0000000000,0.0005798222,0.0003490401,0.0000000000,0.0001849797,0.0001638002,0.0000000000
0.0000000000,0.0000000000,0.0000000000,0.0000000000,0.0000000000,0.0000000000,0.0000000000,0.0000000000,0.0000000000,0.0000000000,0.0000000000,0.0000000000,0.0000000000,0.0000000000,0.0000000000,0.0000000000,0.0000000000,0.0000000000,1.0000000000,0.0278330020,0.0082557155,0.0050697085,0.0020644096,0.0015832179,0.0006103764,0.0004564126,0.0000000000,0.0003842459,0.0000000000,0.0004150239,0.0002060157,0.0002276867,0.0000000000,0.0002529724,0.0000000000,0.0001842299,0.0001895375,0.0002036245,0.0002033760,0.0003202733,0.0000000000,0.0004258944,0.0003671072,0.0002200704,0.0000000000,0.0000000000,0.0000000000,0.0002137666,0.0001992032,0.0000000000,0.0000000000,0.0000000000,0.0000000000,0.0000000000,0.0000000000,0.0000000000,0.0000000000,0.0000000000,0.0000000000,0.0001947799,0.0001924187,0.0000000000,0.0000000000,0.0000000000,0.0003782864,0.0004111842,0.0005941771,0.0004128819,0.0004161465,0.0000000000,0.0002076843,0.0000000000,0.0000000000,0.0000000000,0.0000000000,0.0000000000,0.0000000000,0.0000000000,0.0000000000,0.0002095557,0.0006317119,0.0002023472,0.0000000000,0.0000000000,0.0000000000,0.0002208481,0.0000000000,0.0002082032,0.0000000000,0.0000000000,0.0001353730,0.0000000000,0.0002045827,0.0006653360,0.0002326664,0.0002000400,0.0000000000,0.0004406257,0.0000000000,0.0001614466,0.0000000000,0.0000000000,0.0000000000,0.0000000000,0.0000000000,0.0002423068,0.0000000000,0.0000000000,0.0004269855,0.0001963479,0.0000000000,0.0002283626,0.0000000000,0.0003976143,0.0001955034,0.0001975894,0.0001998401,0.0001998801,0.0002167317,0.0002088991,0.0002145923,0.0000000000,0.0004287245,0.0000000000,0.0002138123,0.0002081165,0.0002019386,0.0001897893,0.0016303240,0.0049989133,0.0030940594,0.0018757816,0.0006364022,0.0004190237,0.0008801267,0.0003973773,0.0002214839,0.0000000000,0.0000000000,0.0000000000,0.0000000000,0.0000000000,0.0000000000,0.0000000000,0.0001936858,0.0000000000,0.0002085506,0.0000000000,0.0002100399,0.0002087683,0.0002115954,0.0003319502,0.0000000000,0.0000000000,0.0002076412,0.0001861851,0.0000000000,0.0001981768,0.0005223751,0.0003699593
0.0000000000,0.0000000000,0.0000000000,0.0000000000,0.0000000000,0.0000000000,0.0000000000,0.0000000000,0.0000000000,0.0000000000,0.0000000000,0.0000000000,0.0000000000,0.0000000000,0.0000000000,0.0000000000,0.0000000000,0.0000000000,0.0000000000,1.0000000000,0.0362276039,0.0176117670,0.0086661643,0.0050605458,0.0031475653,0.0004096682,0.0010640184,0.0001752541,0.0003809524,0.0003760105,0.0000000000,0.0000000000,0.0000000000,0.0000000000,0.0000000000,0.0001686910,0.0001731302,0.0003696858,0.0003692762,0.0001013274,0.0001669170,0.0001924187,0.0001152871,0.0001982554,0.0000000000,0.0001949698,0.0000000000,0.0000000000,0.0003623845,0.0000000000,0.0000000000,0.0005102909,0.0005505597,0.0001694341,0.0000000000,0.0001722356,0.0002086376,0.0000000000,0.0000000000,0.0001774938,0.0000000000,0.0003395586,0.0001687764,0.0005274262,0.0001727713,0.0000000000,0.0001801477,0.0001870907,0.0001884304,0.0003506311,0.0001881468,0.0001888931,0.0001893581,0.0000000000,0.0000000000,0.0000000000,0.0000000000,0.0001855632,0.0000000000,0.0001896813,0.0003809524,0.0001837560,0.0000000000,0.0003682563,0.0000000000,0.0000000000,0.0001933862,0.0001885725,0.0001708234,0.0000000000,0.0005073567,0.0001900057,0.0003712642,0.0000000000,0.0004169272,0.0001818512,0.0001904762,0.0003969041,0.0005811701,0.0005978180,0.0000000000,0.0000000000,0.0001916076,0.0001888931,0.0001813565,0.0000000000,0.0000000000,0.0000000000,0.0001928640,0.0000000000,0.0001737921,0.0002049600,0.0001812579,0.0005425936,0.0000000000,0.0001798238,0.0001816860,0.0000000000,0.0000000000,0.0001891432,0.0000000000,0.0000000000,0.0001935734,0.0001973944,0.0000000000,0.0001885014,0.0000000000,0.0005202011,0.0009242144,0.0033287644,0.0020553064,0.0011318619,0.0003835091,0.0000000000,0.0003234153,0.0003614676,0.0000000000,0.0000000000,0.0000000000,0.0000000000,0.0002195872,0.0000000000,0.0002009243,0.0005392774,0.0000000000,0.0003665017,0.0000000000,0.0001823154,0.0001900779,0.0000000000,0.0001913509,0.0000000000,0.0000000000,0.0001820499,0.0001881114,0.0001703287,0.0001776514,0.0001803101,0.0000000000,0.0000000000
0.0000000000,0.0000000000,0.0000000000,0.0000000000,0.0000000000,0.0000000000,0.0000000000,0.0000000000,0.0000000000,0.0000000000,0.0000000000,0.0000000000,0.0000000000,0.0000000000,0.0000000000,0.0000000000,0.0000000000,0.0000000000,0.0000000000,0.0000000000,1.0000000000,0.0436746988,0.0179012346,0.0125736739,0.0074386811,0.0031369034,0.0009554749,0.0003775009,0.0000000000,0.0004071661,0.0002021427,0.0000000000,0.0000000000,0.0002471577,0.0001966955,0.0005435767,0.0000000000,0.0000000000,0.0001996008,0.0001056859,0.0003582303,0.0000000000,0.0004840271,0.0002156567,0.0002058037,0.0000000000,0.0000000000,0.0000000000,0.0005869693,0.0003749531,0.0000000000,0.0003654303,0.0001982554,0.0001819836,0.0000000000,0.0003705076,0.0000000000,0.0000000000,0.0000000000,0.0001913143,0.0000000000,0.0003647638,0.0001812251,0.0001892864,0.0003717472,0.0002016942,0.0001944012,0.0004051043,0.0004082466,0.0001887505,0.0002037490,0.0004093328,0.0002051703,0.0000000000,0.0002021019,0.0000000000,0.0000000000,0.0000000000,0.0000000000,0.0002055498,0.0002064410,0.0001986097,0.0000000000,0.0000000000,0.0002051282,0.0002164034,0.0002099076,0.0000000000,0.0001835873,0.0000000000,0.0001336898,0.0002059308,0.0002007629,0.0000000000,0.0000000000,0.0001963865,0.0004130525,0.0004317789,0.0000000000,0.0006365372,0.0000000000,0.0002013693,0.0006237006,0.0004093328,0.0001958097,0.0004740460,0.0000000000,0.0000000000,0.0002092926,0.0001928268,0.0003741115,0.0006711409,0.0007832387,0.0007810974,0.0001920123,0.0003881234,0.0001961938,0.0001962323,0.0004249894,0.0000000000,0.0006314460,0.0001998401,0.0000000000,0.0000000000,0.0004193751,0.0004084133,0.0001982161,0.0003730647,0.0007993605,0.0016988745,0.0010098970,0.0004083299,0.0006240899,0.0004110152,0.0003462005,0.0001950458,0.0002170139,0.0000000000,0.0000000000,0.0003988831,0.0002411382,0.0000000000,0.0002188184,0.0000000000,0.0001902588,0.0000000000,0.0002045827,0.0000000000,0.0000000000,0.0000000000,0.0000000000,0.0003269042,0.0000000000,0.0001966182,0.0000000000,0.0000000000,0.0005747126,0.0000000000,0.0001712915,0.0000000000
0.0000000000,0.0000000000,0.0000000000,0.0000000000,0.0000000000,0.0000000000,0.0000000000,0.0000000000,0.0000000000,0.0000000000,0.0000000000,0.0000000000,0.0000000000,0.0000000000,0.0000000000,0.0000000000,0.0000000000,0.0000000000,0.0000000000,0.0000000000,0.0000000000,1.0000000000,0.0434966216,0.0208168121,0.0113131313,0.0040413112,0.0028746646,0.0009451796,0.0002066543,0.0002037490,0.0002023472,0.0000000000,0.0000000000,0.0002474635,0.0001968892,0.0001812908,0.0001864280,0.0000000000,0.0001998002,0.0002115059,0.0001792436,0.0002089864,0.0004843201,0.0000000000,0.0004121162,0.0000000000,0.0002638522,0.0000000000,0.0000000000,0.0001876173,0.0001852538,0.0000000000,0.0001984521,0.0000000000,0.0000000000,0.0000000000,0.0000000000,0.0000000000,0.0002284670,0.0001914975,0.0000000000,0.0001825151,0.0001813894,0.0001894657,0.0001860119,0.0004038772,0.0000000000,0.0000000000,0.0002042901,0.0000000000,0.0002039568,0.0000000000,0.0000000000,0.0000000000,0.0002023063,0.0000000000,0.0000000000,0.0002009243,0.0001950458,0.0006175381,0.0004133940,0.0003976934,0.0002038736,0.0005978477,0.0000000000,0.0002166378,0.0002101282,0.0000000000,0.0000000000,0.0000000000,0.0000000000,0.0000000000,0.0002009646,0.0004349717,0.0000000000,0.0001965795,0.0002066970,0.0002160761,0.0000000000,0.0001591850,0.0002220249,0.0002015723,0.0000000000,0.0000000000,0.0001960016,0.0000000000,0.0002062281,0.0002032520,0.0000000000,0.0000000000,0.0001871958,0.0002238639,0.0001958864,0.0003907776,0.0003844675,0.0003885004,0.0001963865,0.0007861635,0.0000000000,0.0000000000,0.0002106150,0.0002000400,0.0002103492,0.0002148689,0.0006298551,0.0004088307,0.0003969041,0.0001866716,0.0006000000,0.0012749681,0.0006063056,0.0002043318,0.0000000000,0.0000000000,0.0000000000,0.0000000000,0.0002172496,0.0000000000,0.0004166667,0.0003992813,0.0004829751,0.0000000000,0.0002190581,0.0001940617,0.0000000000,0.0003964321,0.0000000000,0.0000000000,0.0002062281,0.0006152584,0.0004155412,0.0000000000,0.0001954270,0.0003937008,0.0000000000,0.0001831837,0.0007671653,0.0001947799,0.0003429355,0.0000000000
0.0000000000,0.0000000000,0.0000000000,0.0000000000,0.0000000000,0.0000000000,0.0000000000,0.0000000000,0.0000000000,0.0000000000,0.0000000000,0.0000000000,0.0000000000,0.0000000000,0.0000000000,0.0000000000,0.0000000000,0.0000000000,0.0000000000,0.0000000000,0.0000000000,0.0000000000,1.0000000000,0.0410877332,0.0183632735,0.0072767365,0.0032003012,0.0016722408,0.0004053506,0.0005997601,0.0001984915,0.0002185315,0.0002027575,0.0002417211,0.0001932367,0.0001781896,0.0001831502,0.0000000000,0.0001960400,0.0002093802,0.0005288207,0.0000000000,0.0003590235,0.0000000000,0.0002020202,0.0002077706,0.0000000000,0.0002056767,0.0001921599,0.0000000000,0.0003640998,0.0000000000,0.0003895598,0.0001790190,0.0001901864,0.0001821494,0.0002233639,0.0000000000,0.0002235636,0.0001880406,0.0001858391,0.0001793722,0.0005350455,0.0000000000,0.0001827485,0.0000000000,0.0001910220,0.0000000000,0.0002003606,0.0000000000,0.0002000400,0.0004018485,0.0002014099,0.0000000000,0.0000000000,0.0002027164,0.0002008435,0.0000000000,0.0000000000,0.0000000000,0.0000000000,0.0000000000,0.0000000000,0.0001954652,0.0000000000,0.0002122241,0.0000000000,0.0002005214,0.0001805706,0.0000000000,0.0001320829,0.0000000000,0.0000000000,0.0002129925,0.0000000000,0.0000000000,0.0002026753,0.0002116850,0.0000000000,0.0003136271,0.0000000000,0.0000000000,0.0000000000,0.0000000000,0.0000000000,0.0000000000,0.0000000000,0.0000000000,0.0002053810,0.0000000000,0.0005518764,0.0002191541,0.0001922707,0.0000000000,0.0003775009,0.0005721915,0.0000000000,0.0003856537,0.0000000000,0.0002011668,0.0002064410,0.0000000000,0.0002061856,0.0000000000,0.0004115226,0.0002004410,0.0001947040,0.0003668379,0.0007850834,0.0004161465,0.0000000000,0.0002004008,0.0002040816,0.0006053269,0.0003408316,0.0001916443,0.0000000000,0.0000000000,0.0004084967,0.0000000000,0.0000000000,0.0000000000,0.0000000000,0.0000000000,0.0000000000,0.0000000000,0.0002008435,0.0000000000,0.0002022245,0.0002010454,0.0004074150,0.0000000000,0.0001918281,0.0001931621,0.0002000000,0.0003601008,0.0001882176,0.0000000000,0.0001686625,0.0000000000
0.0000000000,0.0000000000,0.0000000000,0.0000000000,0.0000000000,0.0000000000,0.0000000000,0.0000000000,0.0000000000,0.0000000000,0.0000000000,0.0000000000,0.0000000000,0.0000000000,0.0000000000,0.0000000000,0.0000000000,0.0000000000,0.0000000000,0.0000000000,0.0000000000,0.0000000000,0.0000000000,1.0000000000,0.0514953456,0.0174728319,0.0078281449,0.0039454806,0.0021434139,0.0009602458,0.0001906578,0.0002090738,0.0001945904,0.0000000000,0.0003716781,0.0003437607,0.0000000000,0.0000000000,0.0001883949,0.0003074400,0.0001700102,0.0000000000,0.0001167542,0.0000000000,0.0001939112,0.0001992032,0.0002443196,0.0000000000,0.0000000000,0.0000000000,0.0001754078,0.0000000000,0.0000000000,0.0003453039,0.0003660322,0.0001755310,0.0006407518,0.0000000000,0.0002136752,0.0000000000,0.0005370569,0.0001729505,0.0000000000,0.0000000000,0.0001760873,0.0000000000,0.0001837560,0.0001909855,0.0001923817,0.0003574620,0.0001920861,0.0000000000,0.0003867724,0.0000000000,0.0000000000,0.0000000000,0.0001928268,0.0000000000,0.0000000000,0.0000000000,0.0000000000,0.0001875117,0.0000000000,0.0000000000,0.0000000000,0.0000000000,0.0005928854,0.0000000000,0.0000000000,0.0000000000,0.0000000000,0.0000000000,0.0000000000,0.0002039984,0.0002132651,0.0003711264,0.0001945147,0.0004056795,0.0000000000,0.0004557193,0.0000000000,0.0001899696,0.0000000000,0.0000000000,0.0003700962,0.0000000000,0.0000000000,0.0000000000,0.0003940887,0.0000000000,0.0007089685,0.0004193751,0.0001849112,0.0005535055,0.0001816201,0.0003669052,0.0009274717,0.0003708511,0.0005996402,0.0000000000,0.0000000000,0.0000000000,0.0000000000,0.0000000000,0.0003947109,0.0001924557,0.0003743916,0.0005302227,0.0005657175,0.0005985634,0.0000000000,0.0001924187,0.0001958097,0.0000000000,0.0000000000,0.0003687316,0.0002038320,0.0000000000,0.0003919263,0.0003765060,0.0000000000,0.0000000000,0.0000000000,0.0001832845,0.0003601657,0.0001869508,0.0001928268,0.0001860119,0.0000000000,0.0003861004,0.0000000000,0.0003117207,0.0000000000,0.0001857355,0.0001920492,0.0001735509,0.0000000000,0.0000000000,0.0000000000,0.0000000000
0.0000000000,0.0000000000,0.0000000000,0.0000000000,0.0000000000,0.0000000000,0.0000000000,0.0000000000,0.0000000000,0.0000000000,0.0000000000,0.0000000000,0.0000000000,0.0000000000,0.0000000000,0.0000000000,0.0000000000,0.0000000000,0.0000000000,0.0000000000,0.0000000000,0.0000000000,0.0000000000,0.0000000000,1.0000000000,0.0334672021,0.0146754468,0.0092506938,0.0036130068,0.0031664358,0.0007844675,0.0004311274,0.0004004004,0.0000000000,0.0000000000,0.0000000000,0.0001810282,0.0001938360,0.0000000000,0.0002079867,0.0000000000,0.0000000000,0.0000000000,0.0000000000,0.0001994416,0.0000000000,0.0002531646,0.0000000000,0.0000000000,0.0000000000,0.0001799208,0.0005331438,0.0003847634,0.0001769912,0.0001878993,0.0000000000,0.0002202158,0.0000000000,0.0000000000,0.0000000000,0.0001836547,0.0001773364,0.0000000000,0.0000000000,0.0000000000,0.0000000000,0.0003775009,0.0003927730,0.0003957262,0.0003668379,0.0001975114,0.0007938083,0.0001988467,0.0001991239,0.0007843137,0.0002001201,0.0000000000,0.0001946661,0.0001891432,0.0001992032,0.0002000400,0.0001926782,0.0000000000,0.0001930502,0.0000000000,0.0000000000,0.0006101281,0.0000000000,0.0001785077,0.0000000000,0.0000000000,0.0000000000,0.0003894839,0.0000000000,0.0000000000,0.0001905851,0.0004002401,0.0000000000,0.0002035831,0.0001552313,0.0000000000,0.0000000000,0.0004027386,0.0001983340,0.0001900418,0.0004572474,0.0001996406,0.0003937783,0.0002027164,0.0000000000,0.0001817521,0.0004323390,0.0001899335,0.0001894298,0.0003729952,0.0001883594,0.0000000000,0.0000000000,0.0000000000,0.0000000000,0.0002037490,0.0001938360,0.0002035002,0.0002077275,0.0002030457,0.0007920792,0.0003846894,0.0001812579,0.0000000000,0.0004106776,0.0003914660,0.0000000000,0.0000000000,0.0000000000,0.0001685488,0.0001893222,0.0000000000,0.0000000000,0.0002015723,0.0000000000,0.0000000000,0.0000000000,0.0000000000,0.0000000000,0.0000000000,0.0000000000,0.0000000000,0.0000000000,0.0001996406,0.0003970617,0.0000000000,0.0000000000,0.0001895016,0.0000000000,0.0000000000,0.0000000000,0.0003720238,0.0000000000,0.0000000000,0.0000000000
0.0000000000,0.0000000000,0.0000000000,0.0000000000,0.0000000000,0.0000000000,0.0000000000,0.0000000000,0.0000000000,0.0000000000,0.0000000000,0.0000000000,0.0000000000,0.0000000000,0.0000000000,0.0000000000,0.0000000000,0.0000000000,0.0000000000,0.0000000000,0.0000000000,0.0000000000,0.0000000000,0.0000000000,0.0000000000,1.0000000000,0.0378043571,0.0167355372,0.0072169599,0.0046521932,0.0019736842,0.0007309942,0.0008970621,0.0000000000,0.0002125399,0.0000000000,0.0002004008,0.0000000000,0.0000000000,0.0000000000,0.0003843198,0.0000000000,0.0001267748,0.0000000000,0.0000000000,0.0000000000,0.0000000000,0.0000000000,0.0000000000,0.0004036327,0.0000000000,0.0003926188,0.0002143623,0.0000000000,0.0002088555,0.0003984858,0.0002495633,0.0000000000,0.0000000000,0.0000000000,0.0002036245,0.0001958864,0.0001945904,0.0002039152,0.0001999200,0.0002183883,0.0004198153,0.0004387889,0.0006638637,0.0004066694,0.0002207993,0.0002218279,0.0002224694,0.0004457321,0.0002188663,0.0002240645,0.0000000000,0.0002172496,0.0002103934,0.0004459309,0.0000000000,0.0000000000,0.0000000000,0.0002152389,0.0000000000,0.0000000000,0.0000000000,0.0004428698,0.0001973165,0.0002134927,0.0000000000,0.0000000000,0.0002172968,0.0002366864,0.0000000000,0.0004244482,0.0002240143,0.0000000000,0.0004569340,0.0000000000,0.0000000000,0.0002180074,0.0000000000,0.0000000000,0.0004231013,0.0000000000,0.0000000000,0.0000000000,0.0002273244,0.0000000000,0.0006041079,0.0007333170,0.0000000000,0.0000000000,0.0002070822,0.0002094241,0.0000000000,0.0000000000,0.0002310536,0.0002221729,0.0000000000,0.0002162162,0.0000000000,0.0004673989,0.0004555809,0.0000000000,0.0004287245,0.0000000000,0.0004322455,0.0000000000,0.0002185315,0.0002212389,0.0000000000,0.0004457321,0.0001852195,0.0002106150,0.0004730369,0.0005778677,0.0004518753,0.0000000000,0.0002653928,0.0008624407,0.0002386065,0.0002092488,0.0000000000,0.0000000000,0.0000000000,0.0002128112,0.0000000000,0.0002220249,0.0000000000,0.0000000000,0.0000000000,0.0000000000,0.0000000000,0.0000000000,0.0002064836,0.0000000000,0.0000000000,0.0000000000
0.0000000000,0.0000000000,0.0000000000,0.0000000000,0.0000000000,0.0000000000,0.0000000000,0.0000000000,0.0000000000,0.0000000000,0.0000000000,0.0000000000,0.0000000000,0.0000000000,0.0000000000,0.0000000000,0.0000000000,0.0000000000,0.0000000000,0.0000000000,0.0000000000,0.0000000000,0.0000000000,0.0000000000,0.0000000000,0.0000000000,1.0000000000,0.0406593407,0.0145574534,0.0083777609,0.0045231813,0.0016460905,0.0015337423,0.0002258356,0.0003659652,0.0001694054,0.0001738828,0.0000000000,0.0001854599,0.0000000000,0.0003352892,0.0001933488,0.0000000000,0.0000000000,0.0000000000,0.0000000000,0.0000000000,0.0000000000,0.0001819836,0.0000000000,0.0005187619,0.0001707650,0.0000000000,0.0001701548,0.0001802127,0.0003460208,0.0000000000,0.0000000000,0.0000000000,0.0001782849,0.0003526715,0.0000000000,0.0001694915,0.0001765225,0.0001735207,0.0000000000,0.0000000000,0.0003760105,0.0003787162,0.0026473703,0.0003781433,0.0001897893,0.0003805899,0.0001905125,0.0003753049,0.0005744925,0.0000000000,0.0001864280,0.0005442671,0.0000000000,0.0000000000,0.0000000000,0.0001889645,0.0000000000,0.0000000000,0.0001998801,0.0001943257,0.0000000000,0.0001715560,0.0000000000,0.0002544206,0.0001909126,0.0001864628,0.0000000000,0.0002095118,0.0000000000,0.0001913876,0.0000000000,0.0001945904,0.0000000000,0.0000000000,0.0000000000,0.0003851338,0.0003796507,0.0001821825,0.0000000000,0.0000000000,0.0001884304,0.0000000000,0.0000000000,0.0000000000,0.0006183017,0.0003642324,0.0001816201,0.0000000000,0.0003613369,0.0003650968,0.0000000000,0.0000000000,0.0000000000,0.0001947420,0.0000000000,0.0000000000,0.0001983733,0.0003882741,0.0003788596,0.0003685957,0.0001740947,0.0003711952,0.0003923877,0.0000000000,0.0001893581,0.0001926411,0.0000000000,0.0001623377,0.0001815211,0.0000000000,0.0000000000,0.0001927525,0.0000000000,0.0000000000,0.0000000000,0.0000000000,0.0001805054,0.0000000000,0.0001840604,0.0003795787,0.0001831502,0.0000000000,0.0001899335,0.0000000000,0.0004616095,0.0000000000,0.0000000000,0.0000000000,0.0000000000,0.0003569516,0.0000000000,0.0001607717,0.0003146633
0.0000000000,0.0000000000,0.0000000000,0.0000000000,0.0000000000,0.0000000000,0.0000000000,0.0000000000,0.0000000000,0.0000000000,0.0000000000,0.0000000000,0.0000000000,0.0000000000,0.0000000000,0.0000000000,0.0000000000,0.0000000000,0.0000000000,0.0000000000,0.0000000000,0.0000000000,0.0000000000,0.0000000000,0.0000000000,0.0000000000,0.0000000000,1.0000000000,0.0403225806,0.0225190840,0.0080388858,0.0040733198,0.0032264187,0.0008914642,0.0009051412,0.0001676446,0.0001720282,0.0001835536,0.0000000000,0.0002019182,0.0001658925,0.0000000000,0.0001147974,0.0000000000,0.0000000000,0.0000000000,0.0000000000,0.0000000000,0.0000000000,0.0000000000,0.0001710279,0.0001689760,0.0001822157,0.0001683785,0.0003565062,0.0001711450,0.0000000000,0.0000000000,0.0000000000,0.0003527337,0.0001743983,0.0003374388,0.0000000000,0.0000000000,0.0001716738,0.0000000000,0.0003579739,0.0001858045,0.0000000000,0.0005226481,0.0000000000,0.0001875821,0.0003761520,0.0005650782,0.0003709887,0.0001891790,0.0001875469,0.0000000000,0.0003587444,0.0000000000,0.0000000000,0.0000000000,0.0000000000,0.0000000000,0.0000000000,0.0000000000,0.0003840983,0.0000000000,0.0001697505,0.0001815871,0.0001261989,0.0000000000,0.0005531993,0.0000000000,0.0004137360,0.0003613369,0.0001891432,0.0001969667,0.0001922707,0.0002971768,0.0002018978,0.0000000000,0.0000000000,0.0000000000,0.0000000000,0.0000000000,0.0003775722,0.0001862544,0.0000000000,0.0000000000,0.0000000000,0.0006105006,0.0005403458,0.0000000000,0.0000000000,0.0001786352,0.0000000000,0.0000000000,0.0001941371,0.0000000000,0.0001924187,0.0001835536,0.0005768122,0.0007843137,0.0001917913,0.0001871958,0.0003644315,0.0000000000,0.0003669725,0.0001937984,0.0001852195,0.0000000000,0.0003808073,0.0001882885,0.0001607200,0.0001795010,0.0001979414,0.0002333722,0.0001904762,0.0000000000,0.0000000000,0.0000000000,0.0000000000,0.0003570791,0.0003509388,0.0003640335,0.0007506099,0.0003622532,0.0001887505,0.0000000000,0.0000000000,0.0003047851,0.0001796622,0.0003617291,0.0005606429,0.0000000000,0.0000000000,0.0000000000,0.0004777070,0.0003086420
0.0000000000,0.0000000000,0.0000000000,0.0000000000,0.0000000000,0.0000000000,0.0000000000,0.0000000000,0.0000000000,0.0000000000,0.0000000000,0.0000000000,0.0000000000,0.0000000000,0.0000000000,0.0000000000,0.0000000000,0.0000000000,0.0000000000,0.0000000000,0.0000000000,0.0000000000,0.0000000000,0.0000000000,0.0000000000,0.0000000000,0.0000000000,0.0000000000,1.0000000000,0.0463081519,0.0156346431,0.0092467298,0.0056203164,0.0027329193,0.0011838990,0.0007263483,0.0000000000,0.0000000000,0.0002000400,0.0000000000,0.0001794366,0.0000000000,0.0002422774,0.0000000000,0.0002062706,0.0000000000,0.0000000000,0.0000000000,0.0001960016,0.0000000000,0.0003709887,0.0001830496,0.0000000000,0.0000000000,0.0000000000,0.0001855976,0.0002285714,0.0000000000,0.0000000000,0.0003835091,0.0000000000,0.0001827151,0.0000000000,0.0000000000,0.0003725088,0.0004043672,0.0003897116,0.0002029633,0.0002045408,0.0001891432,0.0002042067,0.0002050861,0.0000000000,0.0002059308,0.0000000000,0.0002069965,0.0002050441,0.0004024145,0.0000000000,0.0000000000,0.0000000000,0.0000000000,0.0000000000,0.0001994416,0.0002055921,0.0000000000,0.0002103934,0.0000000000,0.0000000000,0.0000000000,0.0001338867,0.0000000000,0.0000000000,0.0000000000,0.0000000000,0.0000000000,0.0000000000,0.0000000000,0.0000000000,0.0003187251,0.0002223210,0.0000000000,0.0002082899,0.0004102564,0.0000000000,0.0000000000,0.0002064836,0.0002035002,0.0000000000,0.0001932367,0.0005624297,0.0006727966,0.0003923107,0.0003912363,0.0001924187,0.0000000000,0.0000000000,0.0001966568,0.0002129472,0.0002053810,0.0000000000,0.0000000000,0.0000000000,0.0004303852,0.0002101282,0.0002046245,0.0005961844,0.0001868810,0.0004004004,0.0000000000,0.0000000000,0.0004092490,0.0004169272,0.0004119464,0.0005203816,0.0001954652,0.0002175332,0.0000000000,0.0002085506,0.0005997601,0.0002417795,0.0003720238,0.0000000000,0.0000000000,0.0001906578,0.0003969041,0.0002050441,0.0000000000,0.0000000000,0.0000000000,0.0000000000,0.0000000000,0.0000000000,0.0001970443,0.0000000000,0.0000000000,0.0001919017,0.0001950078,0.0003432887,0.0000000000
0.0000000000,0.0000000000,0.0000000000,0.0000000000,0.0000000000,0.0000000000,0.0000000000,0.0000000000,0.0000000000,0.0000000000,0.0000000000,0.0000000000,0.0000000000,0.0000000000,0.0000000000,0.0000000000,0.0000000000,0.0000000000,0.0000000000,0.0000000000,0.0000000000,0.0000000000,0.0000000000,0.0000000000,0.0000000000,0.0000000000,0.0000000000,0.0000000000,0.0000000000,1.0000000000,0.0442219441,0.0192911620,0.0119785213,0.0046500245,0.0019481785,0.0026954178,0.0001842639,0.0000000000,0.0001973165,0.0003151923,0.0001772421,0.0002062706,0.0001201201,0.0000000000,0.0000000000,0.0002092050,0.0000000000,0.0000000000,0.0001933862,0.0000000000,0.0000000000,0.0000000000,0.0000000000,0.0000000000,0.0000000000,0.0000000000,0.0000000000,0.0000000000,0.0000000000,0.0000000000,0.0001869858,0.0003609457,0.0000000000,0.0000000000,0.0001838573,0.0000000000,0.0000000000,0.0000000000,0.0004034698,0.0000000000,0.0000000000,0.0004045307,0.0002027575,0.0004061738,0.0003996004,0.0008168266,0.0002021836,0.0001984127,0.0001926782,0.0002031282,0.0002039984,0.0001963479,0.0000000000,0.0001967342,0.0002027164,0.0000000000,0.0002073828,0.0000000000,0.0003633721,0.0001952744,0.0001326612,0.0002035002,0.0001984521,0.0000000000,0.0002247696,0.0001941748,0.0000000000,0.0000000000,0.0000000000,0.0003152585,0.0000000000,0.0000000000,0.0000000000,0.0002022245,0.0001936108,0.0000000000,0.0000000000,0.0002006823,0.0002067825,0.0000000000,0.0001850139,0.0004415986,0.0003870718,0.0003860259,0.0001898975,0.0001918649,0.0001939864,0.0005822981,0.0000000000,0.0004051043,0.0002078570,0.0001975504,0.0000000000,0.0002119992,0.0000000000,0.0002017756,0.0003920031,0.0000000000,0.0001974334,0.0000000000,0.0001994813,0.0000000000,0.0004110152,0.0002030457,0.0005142269,0.0003858025,0.0000000000,0.0000000000,0.0000000000,0.0001971220,0.0002378121,0.0000000000,0.0000000000,0.0000000000,0.0003764352,0.0001957330,0.0002021836,0.0001947040,0.0000000000,0.0000000000,0.0000000000,0.0000000000,0.0000000000,0.0003888781,0.0004027386,0.0007247690,0.0000000000,0.0003849115,0.0001696065,0.0000000000
0.0000000000,0.0000000000,0.0000000000,0.0000000000,0.0000000000,0.0000000000,0.0000000000,0.0000000000,0.0000000000,0.0000000000,0.0000000000,0.0000000000,0.0000000000,0.0000000000,0.0000000000,0.0000000000,0.0000000000,0.0000000000,0.0000000000,0.0000000000,0.0000000000,0.0000000000,0.0000000000,0.0000000000,0.0000000000,0.0000000000,0.0000000000,0.0000000000,0.0000000000,0.0000000000,1.0000000000,0.0390376759,0.0236514523,0.0100048804,0.0064152411,0.0033958892,0.0009162544,0.0005889282,0.0007844675,0.0005235602,0.0000000000,0.0000000000,0.0000000000,0.0002114612,0.0000000000,0.0000000000,0.0000000000,0.0002056344,0.0000000000,0.0001842639,0.0001819836,0.0003593890,0.0000000000,0.0000000000,0.0000000000,0.0000000000,0.0000000000,0.0000000000,0.0002235136,0.0000000000,0.0001858045,0.0001793400,0.0005349501,0.0000000000,0.0001827151,0.0000000000,0.0000000000,0.0000000000,0.0000000000,0.0000000000,0.0000000000,0.0002008435,0.0002013693,0.0002016536,0.0001984127,0.0000000000,0.0002008032,0.0001970832,0.0000000000,0.0000000000,0.0004052685,0.0000000000,0.0003999200,0.0003909304,0.0002013288,0.0002121791,0.0002059308,0.0000000000,0.0000000000,0.0001939864,0.0001320655,0.0002021019,0.0000000000,0.0000000000,0.0000000000,0.0000000000,0.0000000000,0.0002116402,0.0002062281,0.0000000000,0.0002173441,0.0000000000,0.0000000000,0.0002008435,0.0001923447,0.0000000000,0.0002021836,0.0003987241,0.0000000000,0.0005686126,0.0001838573,0.0000000000,0.0001922338,0.0001917178,0.0005662514,0.0003813155,0.0001927154,0.0000000000,0.0002083767,0.0004023335,0.0002063983,0.0003925417,0.0006186843,0.0000000000,0.0000000000,0.0000000000,0.0000000000,0.0001833517,0.0001961169,0.0000000000,0.0001981375,0.0002003606,0.0002040400,0.0000000000,0.0003407736,0.0001916076,0.0000000000,0.0000000000,0.0000000000,0.0000000000,0.0000000000,0.0000000000,0.0000000000,0.0003810250,0.0001869858,0.0000000000,0.0000000000,0.0005804954,0.0002021836,0.0002010050,0.0004073320,0.0003220612,0.0000000000,0.0000000000,0.0006001200,0.0001799856,0.0000000000,0.0001911680,0.0003373250,0.0000000000
0.0000000000,0.0000000000,0.0000000000,0.0000000000,0.0000000000,0.0000000000,0.0000000000,0.0000000000,0.0000000000,0.0000000000,0.0000000000,0.0000000000,0.0000000000,0.0000000000,0.0000000000,0.0000000000,0.0000000000,0.0000000000,0.0000000000,0.0000000000,0.0000000000,0.0000000000,0.0000000000,0.0000000000,0.0000000000,0.0000000000,0.0000000000,0.0000000000,0.0000000000,0.0000000000,0.0000000000,1.0000000000,0.0436406068,0.0174322081,0.0102849796,0.0070367475,0.0032102729,0.0015125324,0.0008626267,0.0003300330,0.0003836562,0.0000000000,0.0001266304,0.0000000000,0.0000000000,0.0000000000,0.0000000000,0.0000000000,0.0000000000,0.0002014099,0.0000000000,0.0001959248,0.0000000000,0.0001951220,0.0002084636,0.0000000000,0.0000000000,0.0000000000,0.0004986288,0.0000000000,0.0000000000,0.0001955417,0.0003885759,0.0002035416,0.0001995610,0.0000000000,0.0002094680,0.0004379242,0.0000000000,0.0000000000,0.0000000000,0.0000000000,0.0000000000,0.0006674082,0.0002184360,0.0000000000,0.0000000000,0.0000000000,0.0002099958,0.0002224694,0.0000000000,0.0002143623,0.0000000000,0.0000000000,0.0002219756,0.0002352388,0.0002275831,0.0000000000,0.0000000000,0.0000000000,0.0001406470,0.0000000000,0.0000000000,0.0000000000,0.0002486944,0.0002117747,0.0000000000,0.0002345766,0.0002279462,0.0000000000,0.0004833253,0.0000000000,0.0000000000,0.0002213859,0.0004222973,0.0000000000,0.0000000000,0.0000000000,0.0000000000,0.0002076412,0.0002009243,0.0000000000,0.0000000000,0.0004207869,0.0002066970,0.0000000000,0.0000000000,0.0002115954,0.0000000000,0.0000000000,0.0000000000,0.0000000000,0.0002278423,0.0000000000,0.0000000000,0.0000000000,0.0004278990,0.0000000000,0.0000000000,0.0002300966,0.0002181025,0.0000000000,0.0002252760,0.0002223705,0.0000000000,0.0002102165,0.0000000000,0.0000000000,0.0000000000,0.0000000000,0.0000000000,0.0000000000,0.0000000000,0.0000000000,0.0000000000,0.0004273504,0.0000000000,0.0002124044,0.0000000000,0.0004432624,0.0000000000,0.0006961364,0.0002104377,0.0000000000,0.0000000000,0.0000000000,0.0000000000,0.0004194631,0.0000000000,0.0000000000
0.0000000000,0.0000000000,0.0000000000,0.0000000000,0.0000000000,0.0000000000,0.0000000000,0.0000000000,0.0000000000,0.0000000000,0.0000000000,0.0000000000,0.0000000000,0.0000000000,0.0000000000,0.0000000000,0.0000000000,0.0000000000,0.0000000000,0.0000000000,0.0000000000,0.0000000000,0.0000000000,0.0000000000,0.0000000000,0.0000000000,0.0000000000,0.0000000000,0.0000000000,0.0000000000,0.0000000000,0.0000000000,1.0000000000,0.0448186528,0.0244444444,0.0128723796,0.0052552553,0.0028129395,0.0008011216,0.0006353913,0.0007185198,0.0000000000,0.0001211681,0.0002163098,0.0002063983,0.0000000000,0.0000000000,0.0000000000,0.0000000000,0.0001879346,0.0003711952,0.0001831502,0.0001988072,0.0000000000,0.0000000000,0.0000000000,0.0000000000,0.0000000000,0.0000000000,0.0000000000,0.0005688282,0.0005486467,0.0001816860,0.0001897893,0.0000000000,0.0000000000,0.0000000000,0.0002030869,0.0002046664,0.0000000000,0.0000000000,0.0000000000,0.0000000000,0.0006184292,0.0000000000,0.0000000000,0.0000000000,0.0000000000,0.0000000000,0.0002061431,0.0000000000,0.0000000000,0.0000000000,0.0001995610,0.0000000000,0.0002170610,0.0000000000,0.0000000000,0.0000000000,0.0000000000,0.0002679169,0.0004131378,0.0002013288,0.0000000000,0.0000000000,0.0001969279,0.0000000000,0.0000000000,0.0002108370,0.0001594134,0.0002224694,0.0002019386,0.0002084202,0.0000000000,0.0000000000,0.0000000000,0.0002066116,0.0002036245,0.0000000000,0.0000000000,0.0000000000,0.0002243158,0.0003925417,0.0000000000,0.0001925298,0.0000000000,0.0001967342,0.0003936233,0.0000000000,0.0000000000,0.0000000000,0.0002004008,0.0004215852,0.0000000000,0.0000000000,0.0004095843,0.0001987676,0.0001869858,0.0002002804,0.0000000000,0.0000000000,0.0000000000,0.0000000000,0.0002060581,0.0001734906,0.0000000000,0.0000000000,0.0000000000,0.0000000000,0.0000000000,0.0000000000,0.0000000000,0.0002194908,0.0000000000,0.0003816066,0.0000000000,0.0002051703,0.0000000000,0.0000000000,0.0002053810,0.0000000000,0.0000000000,0.0000000000,0.0000000000,0.0004086637,0.0001834862,0.0001920123,0.0000000000,0.0000000000,0.0000000000
0.0000000000,0.0000000000,0.0000000000,0.0000000000,0.0000000000,0.0000000000,0.0000000000,0.0000000000,0.0000000000,0.0000000000,0.0000000000,0.0000000000,0.0000000000,0.0000000000,0.0000000000,0.0000000000,0.0000000000,0.0000000000,0.0000000000,0.0000000000,0.0000000000,0.0000000000,0.0000000000,0.0000000000,0.0000000000,0.0000000000,0.0000000000,0.0000000000,0.0000000000,0.0000000000,0.0000000000,0.0000000000,0.0000000000,1.0000000000,0.0368574200,0.0163899073,0.0066210550,0.0031078174,0.0011913271,0.0008095293,0.0008382230,0.0007539583,0.0002682044,0.0002612330,0.0000000000,0.0002555584,0.0000000000,0.0000000000,0.0000000000,0.0000000000,0.0002176752,0.0000000000,0.0000000000,0.0000000000,0.0000000000,0.0000000000,0.0000000000,0.0000000000,0.0002798769,0.0000000000,0.0000000000,0.0000000000,0.0000000000,0.0002235136,0.0002187227,0.0000000000,0.0000000000,0.0000000000,0.0000000000,0.0002227668,0.0000000000,0.0000000000,0.0000000000,0.0002464268,0.0000000000,0.0002479544,0.0000000000,0.0000000000,0.0000000000,0.0000000000,0.0000000000,0.0000000000,0.0000000000,0.0002371917,0.0002459420,0.0002623295,0.0000000000,0.0000000000,0.0000000000,0.0000000000,0.0002998501,0.0000000000,0.0002396932,0.0000000000,0.0000000000,0.0000000000,0.0000000000,0.0000000000,0.0002532928,0.0001825484,0.0000000000,0.0000000000,0.0002498126,0.0000000000,0.0002326664,0.0000000000,0.0000000000,0.0002429543,0.0000000000,0.0000000000,0.0002203614,0.0002730003,0.0002325041,0.0000000000,0.0000000000,0.0002301496,0.0002332090,0.0007001167,0.0007700205,0.0002456399,0.0000000000,0.0002383790,0.0000000000,0.0000000000,0.0002524615,0.0000000000,0.0002360718,0.0000000000,0.0002382087,0.0000000000,0.0000000000,0.0000000000,0.0000000000,0.0002464268,0.0002012477,0.0000000000,0.0000000000,0.0000000000,0.0000000000,0.0002377556,0.0000000000,0.0000000000,0.0000000000,0.0000000000,0.0002248707,0.0000000000,0.0000000000,0.0002342469,0.0000000000,0.0000000000,0.0002493766,0.0000000000,0.0000000000,0.0000000000,0.0000000000,0.0002148228,0.0000000000,0.0000000000,0.0000000000,0.0000000000
0.0000000000,0.0000000000,0.0000000000,0.0000000000,0.0000000000,0.0000000000,0.0000000000,0.0000000000,0.0000000000,0.0000000000,0.0000000000,0.0000000000,0.0000000000,0.0000000000,0.0000000000,0.0000000000,0.0000000000,0.0000000000,0.0000000000,0.0000000000,0.0000000000,0.0000000000,0.0000000000,0.0000000000,0.0000000000,0.0000000000,0.0000000000,0.0000000000,0.0000000000,0.0000000000,0.0000000000,0.0000000000,0.0000000000,0.0000000000,1.0000000000,0.0399638336,0.0135771180,0.0053784095,0.0026789131,0.0011362463,0.0005162623,0.0009970090,0.0008244994,0.0006167763,0.0001965409,0.0000000000,0.0000000000,0.0002000000,0.0000000000,0.0000000000,0.0000000000,0.0005262235,0.0005691520,0.0003494671,0.0000000000,0.0005332385,0.0000000000,0.0000000000,0.0002168727,0.0000000000,0.0000000000,0.0000000000,0.0000000000,0.0000000000,0.0005349501,0.0003856537,0.0001861158,0.0001935359,0.0003900156,0.0003619254,0.0001946661,0.0000000000,0.0001959632,0.0001962323,0.0000000000,0.0000000000,0.0000000000,0.0000000000,0.0000000000,0.0000000000,0.0003943218,0.0000000000,0.0001945904,0.0001903312,0.0001959248,0.0000000000,0.0000000000,0.0003903201,0.0000000000,0.0000000000,0.0002594707,0.0000000000,0.0001919386,0.0002069108,0.0002164502,0.0001879346,0.0001971609,0.0004114380,0.0002005616,0.0006141563,0.0004222081,0.0000000000,0.0001983733,0.0001954652,0.0003748828,0.0004496403,0.0003935458,0.0003881234,0.0003995206,0.0003694126,0.0000000000,0.0002127207,0.0000000000,0.0001868111,0.0001839250,0.0000000000,0.0001877582,0.0001877934,0.0000000000,0.0000000000,0.0004015258,0.0001910950,0.0002004812,0.0002045827,0.0002000400,0.0001950458,0.0000000000,0.0000000000,0.0001909855,0.0000000000,0.0000000000,0.0000000000,0.0001984915,0.0000000000,0.0000000000,0.0001867065,0.0000000000,0.0000000000,0.0001986097,0.0001906941,0.0002285192,0.0000000000,0.0000000000,0.0003713331,0.0003646973,0.0005683971,0.0013695950,0.0016984337,0.0019708317,0.0001956182,0.0001980983,0.0001575299,0.0003738318,0.0001881468,0.0000000000,0.0000000000,0.0001834526,0.0001862891,0.0001648261,0.0000000000
0.0000000000,0.0000000000,0.0000000000,0.0000000000,0.0000000000,0.0000000000,0.0000000000,0.0000000000,0.0000000000,0.0000000000,0.0000000000,0.0000000000,0.0000000000,0.0000000000,0.0000000000,0.0000000000,0.0000000000,0.0000000000,0.0000000000,0.0000000000,0.0000000000,0.0000000000,0.0000000000,0.0000000000,0.0000000000,0.0000000000,0.0000000000,0.0000000000,0.0000000000,0.0000000000,0.0000000000,0.0000000000,0.0000000000,0.0000000000,0.0000000000,1.0000000000,0.0355120947,0.0146716765,0.0058469171,0.0017802393,0.0009607686,0.0012844037,0.0010084034,0.0001885725,0.0000000000,0.0000000000,0.0002241650,0.0003679176,0.0001730403,0.0001666389,0.0000000000,0.0001628664,0.0001751313,0.0003246753,0.0000000000,0.0001648805,0.0000000000,0.0000000000,0.0000000000,0.0001696929,0.0001678979,0.0001626016,0.0000000000,0.0001680955,0.0004962779,0.0001778094,0.0003442933,0.0003569516,0.0003593890,0.0005031869,0.0000000000,0.0003602305,0.0001805054,0.0001807338,0.0000000000,0.0001815541,0.0003601657,0.0003541704,0.0000000000,0.0001807991,0.0000000000,0.0000000000,0.0000000000,0.0000000000,0.0001804728,0.0000000000,0.0001841621,0.0001797914,0.0000000000,0.0003491620,0.0003683694,0.0001810938,0.0001770852,0.0000000000,0.0001977457,0.0000000000,0.0000000000,0.0001887149,0.0003688676,0.0001438228,0.0000000000,0.0000000000,0.0000000000,0.0003602305,0.0001732202,0.0000000000,0.0005436752,0.0000000000,0.0003674444,0.0003418219,0.0001663063,0.0000000000,0.0001731302,0.0000000000,0.0005108992,0.0006876397,0.0001735207,0.0003471620,0.0001861158,0.0000000000,0.0003691399,0.0003527959,0.0000000000,0.0000000000,0.0000000000,0.0000000000,0.0000000000,0.0003318401,0.0000000000,0.0000000000,0.0000000000,0.0001796945,0.0001826484,0.0003615329,0.0004656939,0.0000000000,0.0001896094,0.0002218771,0.0000000000,0.0000000000,0.0000000000,0.0000000000,0.0000000000,0.0001717033,0.0001688619,0.0007000350,0.0005403458,0.0017436792,0.0038181818,0.0012628541,0.0012776054,0.0007373544,0.0005184929,0.0001738526,0.0001793722,0.0001631321,0.0001698370,0.0000000000,0.0001537515,0.0000000000
0.0000000000,0.0000000000,0.0000000000,0.0000000000,0.0000000000,0.0000000000,0.0000000000,0.0000000000,0.0000000000,0.0000000000,0.0000000000,0.0000000000,0.0000000000,0.0000000000,0.0000000000,0.0000000000,0.0000000000,0.0000000000,0.0000000000,0.0000000000,0.0000000000,0.0000000000,0.0000000000,0.0000000000,0.0000000000,0.0000000000,0.0000000000,0.0000000000,0.0000000000,0.0000000000,0.0000000000,0.0000000000,0.0000000000,0.0000000000,0.0000000000,0.0000000000,1.0000000000,0.0448693677,0.0178703021,0.0045308095,0.0019714145,0.0026460026,0.0006836828,0.0007770008,0.0001861158,0.0003820439,0.0000000000,0.0001892148,0.0001777146,0.0000000000,0.0001690046,0.0001670007,0.0003599064,0.0004994173,0.0005282620,0.0001691189,0.0000000000,0.0003127932,0.0000000000,0.0003484321,0.0001722950,0.0005003336,0.0003316200,0.0001725030,0.0000000000,0.0000000000,0.0001767409,0.0000000000,0.0001847063,0.0001720578,0.0001844338,0.0003703704,0.0003712642,0.0001858391,0.0001830831,0.0000000000,0.0001851166,0.0001819505,0.0001771165,0.0001859082,0.0000000000,0.0000000000,0.0000000000,0.0001805380,0.0001855632,0.0000000000,0.0000000000,0.0003697541,0.0006713662,0.0000000000,0.0000000000,0.0001862197,0.0001819836,0.0001953888,0.0004078303,0.0001783803,0.0000000000,0.0001942879,0.0000000000,0.0000000000,0.0001990842,0.0001824818,0.0001877582,0.0000000000,0.0000000000,0.0000000000,0.0001862891,0.0001838573,0.0000000000,0.0000000000,0.0001706193,0.0004012036,0.0001778094,0.0001773679,0.0006994230,0.0005294741,0.0000000000,0.0000000000,0.0005748228,0.0000000000,0.0000000000,0.0001812251,0.0000000000,0.0000000000,0.0001892506,0.0001847746,0.0000000000,0.0000000000,0.0001811266,0.0000000000,0.0003657644,0.0000000000,0.0000000000,0.0005577245,0.0001589320,0.0005320092,0.0001952362,0.0004593477,0.0000000000,0.0001808645,0.0000000000,0.0000000000,0.0005903188,0.0003526715,0.0003466805,0.0001796945,0.0001851166,0.0003577178,0.0005590757,0.0007415647,0.0001875117,0.0003015682,0.0000000000,0.0000000000,0.0000000000,0.0003346160,0.0000000000,0.0001768972,0.0001574307,0.0000000000
0.0000000000,0.0000000000,0.0000000000,0.0000000000,0.0000000000,0.0000000000,0.0000000000,0.0000000000,0.0000000000,0.0000000000,0.0000000000,0.0000000000,0.0000000000,0.0000000000,0.0000000000,0.0000000000,0.0000000000,0.0000000000,0.0000000000,0.0000000000,0.0000000000,0.0000000000,0.0000000000,0.0000000000,0.0000000000,0.0000000000,0.0000000000,0.0000000000,0.0000000000,0.0000000000,0.0000000000,0.0000000000,0.0000000000,0.0000000000,0.0000000000,0.0000000000,0.0000000000,1.0000000000,0.0420032310,0.0083927822,0.0040273157,0.0048820179,0.0022624434,0.0027230834,0.0009992006,0.0006161429,0.0002535497,0.0008135042,0.0007606009,0.0000000000,0.0001801153,0.0000000000,0.0000000000,0.0005317263,0.0001881114,0.0001802451,0.0000000000,0.0000000000,0.0002207018,0.0000000000,0.0003677823,0.0001775253,0.0000000000,0.0001840943,0.0001808318,0.0000000000,0.0000000000,0.0003932363,0.0001980590,0.0003672420,0.0001977457,0.0001985703,0.0000000000,0.0003988036,0.0000000000,0.0000000000,0.0000000000,0.0000000000,0.0001893581,0.0001994416,0.0002002804,0.0001929012,0.0000000000,0.0001932741,0.0001990446,0.0000000000,0.0000000000,0.0001982161,0.0003574620,0.0000000000,0.0003933395,0.0000000000,0.0001949318,0.0000000000,0.0000000000,0.0001908033,0.0002003205,0.0000000000,0.0002038320,0.0000000000,0.0000000000,0.0000000000,0.0000000000,0.0000000000,0.0003805899,0.0002288853,0.0000000000,0.0000000000,0.0002029633,0.0000000000,0.0003639672,0.0002164034,0.0000000000,0.0000000000,0.0001866716,0.0001885725,0.0001906214,0.0000000000,0.0000000000,0.0003977725,0.0002039984,0.0000000000,0.0000000000,0.0004160599,0.0000000000,0.0000000000,0.0001925298,0.0001814553,0.0000000000,0.0000000000,0.0000000000,0.0000000000,0.0000000000,0.0000000000,0.0000000000,0.0000000000,0.0000000000,0.0002506266,0.0000000000,0.0000000000,0.0000000000,0.0000000000,0.0002119093,0.0001884304,0.0001850139,0.0000000000,0.0001985309,0.0001913143,0.0003998401,0.0005964215,0.0000000000,0.0003191320,0.0001897173,0.0000000000,0.0000000000,0.0000000000,0.0000000000,0.0000000000,0.0001670286,0.0000000000
0.0000000000,0.0000000000,0.0000000000,0.0000000000,0.0000000000,0.0000000000,0.0000000000,0.0000000000,0.0000000000,0.0000000000,0.0000000000,0.0000000000,0.0000000000,0.0000000000,0.0000000000,0.0000000000,0.0000000000,0.0000000000,0.0000000000,0.0000000000,0.0000000000,0.0000000000,0.0000000000,0.0000000000,0.0000000000,0.0000000000,0.0000000000,0.0000000000,0.0000000000,0.0000000000,0.0000000000,0.0000000000,0.0000000000,0.0000000000,0.0000000000,0.0000000000,0.0000000000,0.0000000000,1.0000000000,0.0213443772,0.0123456790,0.0069218241,0.0032158171,0.0035594640,0.0017978426,0.0014370766,0.0000000000,0.0012192644,0.0003797228,0.0000000000,0.0001799208,0.0000000000,0.0001923447,0.0001769912,0.0000000000,0.0000000000,0.0002202158,0.0000000000,0.0002204100,0.0003716781,0.0001836547,0.0001773364,0.0000000000,0.0001838911,0.0001806358,0.0003912363,0.0000000000,0.0003927730,0.0001978239,0.0003668379,0.0001975114,0.0003967467,0.0000000000,0.0000000000,0.0000000000,0.0000000000,0.0000000000,0.0000000000,0.0001891432,0.0000000000,0.0004001601,0.0003854307,0.0000000000,0.0000000000,0.0001988072,0.0002093802,0.0000000000,0.0000000000,0.0000000000,0.0000000000,0.0000000000,0.0000000000,0.0001947040,0.0002101282,0.0002199736,0.0001905851,0.0002000800,0.0002088555,0.0002035831,0.0000000000,0.0002144082,0.0003906250,0.0002013288,0.0000000000,0.0000000000,0.0000000000,0.0003993610,0.0001968504,0.0004055150,0.0001872309,0.0000000000,0.0002161228,0.0003799392,0.0000000000,0.0000000000,0.0000000000,0.0003808798,0.0001904399,0.0000000000,0.0001986097,0.0006114961,0.0003877472,0.0000000000,0.0002077275,0.0000000000,0.0001979022,0.0000000000,0.0000000000,0.0000000000,0.0002052967,0.0001956947,0.0000000000,0.0002014504,0.0001991239,0.0001685488,0.0000000000,0.0000000000,0.0000000000,0.0000000000,0.0000000000,0.0002324500,0.0000000000,0.0000000000,0.0000000000,0.0005546312,0.0001920861,0.0000000000,0.0001910950,0.0001996406,0.0001984915,0.0000000000,0.0000000000,0.0001895016,0.0000000000,0.0001974724,0.0001779676,0.0000000000,0.0000000000,0.0001668613,0.0000000000
0.0000000000,0.0000000000,0.0000000000,0.0000000000,0.0000000000,0.0000000000,0.0000000000,0.0000000000,0.0000000000,0.0000000000,0.0000000000,0.0000000000,0.0000000000,0.0000000000,0.0000000000,0.0000000000,0.0000000000,0.0000000000,0.0000000000,0.0000000000,0.0000000000,0.0000000000,0.0000000000,0.0000000000,0.0000000000,0.0000000000,0.0000000000,0.0000000000,0.0000000000,0.0000000000,0.0000000000,0.0000000000,0.0000000000,0.0000000000,0.0000000000,0.0000000000,0.0000000000,0.0000000000,0.0000000000,1.0000000000,0.0265914585,0.0059944337,0.0043685155,0.0032555616,0.0020110076,0.0015027909,0.0007145409,0.0004266667,0.0006176016,0.0001005834,0.0000999001,0.0000991965,0.0000000000,0.0000989903,0.0004093747,0.0002998800,0.0001111976,0.0000000000,0.0001112471,0.0000000000,0.0002021019,0.0002973536,0.0001975504,0.0001011122,0.0001001201,0.0001045478,0.0004103406,0.0001047669,0.0002103934,0.0003029385,0.0002102165,0.0002106816,0.0000000000,0.0000000000,0.0003140375,0.0002116850,0.0000000000,0.0002085941,0.0002053810,0.0000000000,0.0000000000,0.0004149808,0.0002101723,0.0000000000,0.0002109482,0.0002167552,0.0001067122,0.0003157562,0.0002984481,0.0000000000,0.0002482416,0.0003170912,0.0004173187,0.0004344049,0.0002222963,0.0002062281,0.0001058201,0.0002164736,0.0002136067,0.0003672757,0.0003291639,0.0002089427,0.0003185728,0.0004214519,0.0001029442,0.0002266032,0.0004229224,0.0001049098,0.0001065530,0.0001021138,0.0000000000,0.0001101443,0.0002058460,0.0002055498,0.0002037905,0.0002049180,0.0002061218,0.0001030609,0.0000000000,0.0004217630,0.0003205813,0.0003122073,0.0005340739,0.0000000000,0.0001066439,0.0003156898,0.0004145507,0.0005017561,0.0001040150,0.0000000000,0.0003138075,0.0003156566,0.0002124270,0.0001055520,0.0000962927,0.0005138746,0.0000000000,0.0002367705,0.0003187759,0.0002078786,0.0000000000,0.0000000000,0.0001089681,0.0001024066,0.0003042288,0.0000000000,0.0002106594,0.0001032525,0.0002114165,0.0001053741,0.0003183362,0.0002797464,0.0002055921,0.0000000000,0.0004204772,0.0000000000,0.0005089059,0.0005132416,0.0005747126,0.0001350804
0.0000000000,0.0000000000,0.0000000000,0.0000000000,0.0000000000,0.0000000000,0.0000000000,0.0000000000,0.0000000000,0.0000000000,0.0000000000,0.0000000000,0.0000000000,0.0000000000,0.0000000000,0.0000000000,0.0000000000,0.0000000000,0.0000000000,0.0000000000,0.0000000000,0.0000000000,0.0000000000,0.0000000000,0.0000000000,0.0000000000,0.0000000000,0.0000000000,0.0000000000,0.0000000000,0.0000000000,0.0000000000,0.0000000000,0.0000000000,0.0000000000,0.0000000000,0.0000000000,0.0000000000,0.0000000000,0.0000000000,1.0000000000,0.0218437616,0.0086322870,0.0114964191,0.0061206121,0.0051622419,0.0015493581,0.0009097525,0.0010279253,0.0004948862,0.0003262111,0.0001612123,0.0001732202,0.0000000000,0.0003392706,0.0004897160,0.0001955034,0.0000000000,0.0001956564,0.0005038629,0.0001661406,0.0003219575,0.0001600768,0.0003327233,0.0001636661,0.0000000000,0.0001702707,0.0000000000,0.0001776514,0.0001659200,0.0000000000,0.0001780627,0.0001784758,0.0001786991,0.0001761494,0.0001795010,0.0001780310,0.0000000000,0.0000000000,0.0001787630,0.0000000000,0.0001734906,0.0000000000,0.0005215577,0.0000000000,0.0001869159,0.0000000000,0.0001777778,0.0000000000,0.0000000000,0.0002436647,0.0000000000,0.0005255781,0.0003750938,0.0000000000,0.0005155525,0.0000000000,0.0000000000,0.0001822822,0.0002851033,0.0001909126,0.0001755926,0.0001804728,0.0001780627,0.0003427592,0.0002020610,0.0001791152,0.0003537944,0.0000000000,0.0001690617,0.0001645820,0.0000000000,0.0003425831,0.0000000000,0.0003369272,0.0001699813,0.0001716444,0.0000000000,0.0000000000,0.0003566334,0.0003648969,0.0003489184,0.0000000000,0.0000000000,0.0000000000,0.0001777146,0.0003464403,0.0000000000,0.0003487358,0.0005511666,0.0005279831,0.0000000000,0.0001805706,0.0000000000,0.0004611837,0.0000000000,0.0001873712,0.0000000000,0.0001806685,0.0001740947,0.0000000000,0.0000000000,0.0000000000,0.0003397893,0.0001670844,0.0000000000,0.0000000000,0.0001722060,0.0001791152,0.0000000000,0.0000000000,0.0000000000,0.0001709110,0.0003439972,0.0003547987,0.0001614726,0.0001680390,0.0000000000,0.0004569688,0.0005675369
0.0000000000,0.0000000000,0.0000000000,0.0000000000,0.0000000000,0.0000000000,0.0000000000,0.0000000000,0.0000000000,0.0000000000,0.0000000000,0.0000000000,0.0000000000,0.0000000000,0.0000000000,0.0000000000,0.0000000000,0.0000000000,0.0000000000,0.0000000000,0.0000000000,0.0000000000,0.0000000000,0.0000000000,0.0000000000,0.0000000000,0.0000000000,0.0000000000,0.0000000000,0.0000000000,0.0000000000,0.0000000000,0.0000000000,0.0000000000,0.0000000000,0.0000000000,0.0000000000,0.0000000000,0.0000000000,0.0000000000,0.0000000000,1.0000000000,0.0196395277,0.0173526140,0.0111767187,0.0049622438,0.0021488047,0.0008505209,0.0003962750,0.0000000000,0.0001873361,0.0001848771,0.0002008435,0.0000000000,0.0003920800,0.0000000000,0.0000000000,0.0000000000,0.0004633920,0.0000000000,0.0000000000,0.0000000000,0.0000000000,0.0001916443,0.0001881114,0.0000000000,0.0000000000,0.0002052124,0.0002068252,0.0001910950,0.0000000000,0.0004148517,0.0000000000,0.0002082466,0.0002047921,0.0002093364,0.0000000000,0.0002033760,0.0000000000,0.0000000000,0.0000000000,0.0002012072,0.0002063983,0.0004033071,0.0004158869,0.0000000000,0.0000000000,0.0002069965,0.0003716781,0.0004002401,0.0006746728,0.0000000000,0.0000000000,0.0000000000,0.0002311604,0.0000000000,0.0002092926,0.0004379242,0.0000000000,0.0000000000,0.0002250225,0.0000000000,0.0000000000,0.0002073828,0.0000000000,0.0004814636,0.0000000000,0.0002057613,0.0002121791,0.0000000000,0.0001893222,0.0000000000,0.0001982161,0.0001976675,0.0000000000,0.0001965023,0.0000000000,0.0001987676,0.0000000000,0.0000000000,0.0000000000,0.0000000000,0.0000000000,0.0000000000,0.0002125399,0.0000000000,0.0004016871,0.0000000000,0.0002023472,0.0002150075,0.0004090816,0.0002068680,0.0004216740,0.0000000000,0.0003501401,0.0000000000,0.0002201189,0.0007949126,0.0004219409,0.0008085709,0.0000000000,0.0000000000,0.0002219756,0.0000000000,0.0000000000,0.0000000000,0.0002073398,0.0000000000,0.0002088119,0.0000000000,0.0002103492,0.0000000000,0.0000000000,0.0000000000,0.0002064410,0.0001852195,0.0000000000,0.0000000000,0.0000000000,0.0000000000
0.0000000000,0.0000000000,0.0000000000,0.0000000000,0.0000000000,0.0000000000,0.0000000000,0.0000000000,0.0000000000,0.0000000000,0.0000000000,0.0000000000,0.0000000000,0.0000000000,0.0000000000,0.0000000000,0.0000000000,0.0000000000,0.0000000000,0.0000000000,0.0000000000,0.0000000000,0.0000000000,0.0000000000,0.0000000000,0.0000000000,0.0000000000,0.0000000000,0.0000000000,0.0000000000,0.0000000000,0.0000000000,0.0000000000,0.0000000000,0.0000000000,0.0000000000,0.0000000000,0.0000000000,0.0000000000,0.0000000000,0.0000000000,0.0000000000,1.0000000000,0.0282283817,0.0137254902,0.0079296246,0.0020853608,0.0012233912,0.0011742602,0.0002286760,0.0004539265,0.0001125366,0.0001182592,0.0002245677,0.0005830904,0.0002270148,0.0002565089,0.0000000000,0.0000000000,0.0001157541,0.0001149161,0.0002248454,0.0003360215,0.0001150086,0.0004550626,0.0003585086,0.0002337814,0.0001197605,0.0000000000,0.0004594005,0.0004809426,0.0003615765,0.0001206855,0.0001207875,0.0002392631,0.0001211534,0.0002409929,0.0003574833,0.0003512058,0.0002416626,0.0002422774,0.0000000000,0.0001201634,0.0001185255,0.0000000000,0.0002490040,0.0004894164,0.0003611847,0.0003387151,0.0001179941,0.0005511160,0.0000000000,0.0001191469,0.0002495321,0.0003845661,0.0003528582,0.0000000000,0.0001243008,0.0003673319,0.0001031034,0.0001262467,0.0002387490,0.0002432202,0.0000000000,0.0002347969,0.0001310273,0.0001209775,0.0001199472,0.0001221001,0.0000000000,0.0000000000,0.0000000000,0.0002347142,0.0001171509,0.0001160093,0.0001167406,0.0003526508,0.0002351005,0.0001231679,0.0000000000,0.0000000000,0.0000000000,0.0002447980,0.0001239004,0.0003667482,0.0002407029,0.0001182452,0.0000000000,0.0000000000,0.0003691853,0.0002390629,0.0001203225,0.0002433090,0.0000000000,0.0002176515,0.0002342469,0.0002494077,0.0001378740,0.0002433978,0.0001186662,0.0002646203,0.0000000000,0.0000000000,0.0000000000,0.0001153669,0.0003545680,0.0004821020,0.0002355990,0.0007263043,0.0014485756,0.0003645643,0.0002098636,0.0004688782,0.0001176747,0.0000000000,0.0002253521,0.0003475440,0.0005850006,0.0004325727,0.0001610825
0.0000000000,0.0000000000,0.0000000000,0.0000000000,0.0000000000,0.0000000000,0.0000000000,0.0000000000,0.0000000000,0.0000000000,0.0000000000,0.0000000000,0.0000000000,0.0000000000,0.0000000000,0.0000000000,0.0000000000,0.0000000000,0.0000000000,0.0000000000,0.0000000000,0.0000000000,0.0000000000,0.0000000000,0.0000000000,0.0000000000,0.0000000000,0.0000000000,0.0000000000,0.0000000000,0.0000000000,0.0000000000,0.0000000000,0.0000000000,0.0000000000,0.0000000000,0.0000000000,0.0000000000,0.0000000000,0.0000000000,0.0000000000,0.0000000000,0.0000000000,1.0000000000,0.0564406008,0.0243292406,0.0087397801,0.0059642147,0.0034843206,0.0015655577,0.0007719027,0.0003805899,0.0006218905,0.0005687204,0.0004042037,0.0001930129,0.0000000000,0.0000000000,0.0000000000,0.0001996406,0.0000000000,0.0000000000,0.0000000000,0.0000000000,0.0000000000,0.0000000000,0.0002030045,0.0000000000,0.0002135839,0.0000000000,0.0002132196,0.0000000000,0.0002147766,0.0000000000,0.0002114165,0.0004326195,0.0000000000,0.0002099076,0.0000000000,0.0002151926,0.0000000000,0.0006230530,0.0000000000,0.0000000000,0.0000000000,0.0000000000,0.0000000000,0.0004276245,0.0003825555,0.0004128819,0.0001377031,0.0000000000,0.0000000000,0.0000000000,0.0000000000,0.0002051703,0.0002162162,0.0000000000,0.0000000000,0.0000000000,0.0002330459,0.0004213187,0.0002176752,0.0002141786,0.0008186656,0.0000000000,0.0000000000,0.0000000000,0.0000000000,0.0000000000,0.0000000000,0.0000000000,0.0000000000,0.0000000000,0.0000000000,0.0000000000,0.0002049600,0.0004100882,0.0000000000,0.0000000000,0.0002205072,0.0002089427,0.0002202158,0.0002251745,0.0004394639,0.0000000000,0.0002071680,0.0000000000,0.0000000000,0.0000000000,0.0000000000,0.0000000000,0.0006537372,0.0000000000,0.0001798561,0.0000000000,0.0004556847,0.0002760144,0.0000000000,0.0002084636,0.0000000000,0.0000000000,0.0000000000,0.0002024291,0.0001984915,0.0002069108,0.0000000000,0.0000000000,0.0002157032,0.0000000000,0.0000000000,0.0000000000,0.0000000000,0.0002054232,0.0002131742,0.0000000000,0.0000000000,0.0002032107,0.0000000000,0.0000000000
0.0000000000,0.0000000000,0.0000000000,0.0000000000,0.0000000000,0.0000000000,0.0000000000,0.0000000000,0.0000000000,0.0000000000,0.0000000000,0.0000000000,0.0000000000,0.0000000000,0.0000000000,0.0000000000,0.0000000000,0.0000000000,0.0000000000,0.0000000000,0.0000000000,0.0000000000,0.0000000000,0.0000000000,0.0000000000,0.0000000000,0.0000000000,0.0000000000,0.0000000000,0.0000000000,0.0000000000,0.0000000000,0.0000000000,0.0000000000,0.0000000000,0.0000000000,0.0000000000,0.0000000000,0.0000000000,0.0000000000,0.0000000000,0.0000000000,0.0000000000,0.0000000000,1.0000000000,0.0430273610,0.0130631832,0.0086589229,0.0064896755,0.0016882386,0.0012960563,0.0014622555,0.0005945303,0.0003637686,0.0005803831,0.0003702332,0.0000000000,0.0000000000,0.0000000000,0.0000000000,0.0000000000,0.0000000000,0.0000000000,0.0000000000,0.0001857010,0.0000000000,0.0001942502,0.0000000000,0.0006119951,0.0000000000,0.0002035831,0.0002044572,0.0002050021,0.0000000000,0.0002019386,0.0000000000,0.0004089143,0.0002005616,0.0000000000,0.0002053810,0.0000000000,0.0003969829,0.0002035002,0.0001988467,0.0002049600,0.0002162162,0.0002097315,0.0002040816,0.0005505597,0.0001973554,0.0001336184,0.0000000000,0.0000000000,0.0000000000,0.0000000000,0.0001962323,0.0004127115,0.0002156567,0.0000000000,0.0000000000,0.0002215821,0.0006038647,0.0002076412,0.0002044572,0.0003913894,0.0000000000,0.0000000000,0.0000000000,0.0002091175,0.0000000000,0.0000000000,0.0000000000,0.0000000000,0.0001950078,0.0000000000,0.0001938736,0.0000000000,0.0003922338,0.0002122692,0.0000000000,0.0002102165,0.0001996805,0.0002099517,0.0000000000,0.0004190237,0.0004080800,0.0001980590,0.0003727866,0.0000000000,0.0004238186,0.0002016536,0.0002039568,0.0002077706,0.0000000000,0.0005190311,0.0001948938,0.0002168257,0.0000000000,0.0002079002,0.0000000000,0.0000000000,0.0000000000,0.0000000000,0.0000000000,0.0000000000,0.0001978239,0.0000000000,0.0000000000,0.0000000000,0.0002046245,0.0000000000,0.0004901160,0.0003902439,0.0000000000,0.0000000000,0.0000000000,0.0000000000,0.0000000000,0.0003424071,0.0000000000
0.0000000000,0.0000000000,0.0000000000,0.0000000000,0.0000000000,0.0000000000,0.0000000000,0.0000000000,0.0000000000,0.0000000000,0.0000000000,0.0000000000,0.0000000000,0.0000000000,0.0000000000,0.0000000000,0.0000000000,0.0000000000,0.0000000000,0.0000000000,0.0000000000,0.0000000000,0.0000000000,0.0000000000,0.0000000000,0.0000000000,0.0000000000,0.0000000000,0.0000000000,0.0000000000,0.0000000000,0.0000000000,0.0000000000,0.0000000000,0.0000000000,0.0000000000,0.0000000000,0.0000000000,0.0000000000,0.0000000000,0.0000000000,0.0000000000,0.0000000000,0.0000000000,0.0000000000,1.0000000000,0.0280662363,0.0171015128,0.0117814341,0.0042462845,0.0026631158,0.0016876055,0.0006111224,0.0003730647,0.0005961844,0.0001898975,0.0000000000,0.0000000000,0.0004708098,0.0000000000,0.0000000000,0.0000000000,0.0001857010,0.0001941748,0.0003811702,0.0000000000,0.0001995610,0.0002081165,0.0000000000,0.0000000000,0.0000000000,0.0000000000,0.0000000000,0.0000000000,0.0002076843,0.0000000000,0.0000000000,0.0004125413,0.0002000400,0.0000000000,0.0002122692,0.0002039984,0.0002093364,0.0000000000,0.0000000000,0.0000000000,0.0000000000,0.0002099517,0.0003764352,0.0006087662,0.0001361100,0.0002117298,0.0004126264,0.0002236636,0.0000000000,0.0000000000,0.0000000000,0.0000000000,0.0000000000,0.0000000000,0.0000000000,0.0000000000,0.0000000000,0.0002103492,0.0000000000,0.0000000000,0.0000000000,0.0000000000,0.0002152853,0.0001979022,0.0000000000,0.0002304678,0.0000000000,0.0002003606,0.0000000000,0.0000000000,0.0000000000,0.0004030633,0.0000000000,0.0000000000,0.0000000000,0.0004106776,0.0002161695,0.0000000000,0.0002156567,0.0004198153,0.0002035831,0.0000000000,0.0000000000,0.0002181977,0.0000000000,0.0000000000,0.0002138580,0.0000000000,0.0000000000,0.0002002403,0.0000000000,0.0002696872,0.0000000000,0.0000000000,0.0000000000,0.0000000000,0.0000000000,0.0000000000,0.0000000000,0.0000000000,0.0000000000,0.0004045307,0.0000000000,0.0002105263,0.0000000000,0.0005013369,0.0002004410,0.0000000000,0.0002093802,0.0000000000,0.0001965023,0.0000000000,0.0001752848,0.0000000000
0.0000000000,0.0000000000,0.0000000000,0.0000000000,0.0000000000,0.0000000000,0.0000000000,0.0000000000,0.0000000000,0.0000000000,0.0000000000,0.0000000000,0.0000000000,0.0000000000,0.0000000000,0.0000000000,0.0000000000,0.0000000000,0.0000000000,0.0000000000,0.0000000000,0.0000000000,0.0000000000,0.0000000000,0.0000000000,0.0000000000,0.0000000000,0.0000000000,0.0000000000,0.0000000000,0.0000000000,0.0000000000,0.0000000000,0.0000000000,0.0000000000,0.0000000000,0.0000000000,0.0000000000,0.0000000000,0.0000000000,0.0000000000,0.0000000000,0.0000000000,0.0000000000,0.0000000000,0.0000000000,1.0000000000,0.0316842690,0.0191050779,0.0075400566,0.0046253469,0.0038653934,0.0022635815,0.0011284135,0.0009746589,0.0000000000,0.0000000000,0.0000000000,0.0000000000,0.0000000000,0.0000000000,0.0000000000,0.0002243158,0.0000000000,0.0000000000,0.0000000000,0.0000000000,0.0002578649,0.0000000000,0.0000000000,0.0000000000,0.0000000000,0.0000000000,0.0000000000,0.0000000000,0.0000000000,0.0000000000,0.0000000000,0.0000000000,0.0000000000,0.0000000000,0.0000000000,0.0000000000,0.0000000000,0.0000000000,0.0000000000,0.0000000000,0.0000000000,0.0000000000,0.0002498126,0.0000000000,0.0002634352,0.0000000000,0.0000000000,0.0000000000,0.0000000000,0.0000000000,0.0000000000,0.0000000000,0.0000000000,0.0000000000,0.0000000000,0.0002665245,0.0000000000,0.0000000000,0.0000000000,0.0000000000,0.0000000000,0.0000000000,0.0002423655,0.0002332634,0.0000000000,0.0000000000,0.0002460630,0.0000000000,0.0000000000,0.0000000000,0.0000000000,0.0000000000,0.0002617801,0.0002707826,0.0000000000,0.0000000000,0.0000000000,0.0000000000,0.0002605524,0.0000000000,0.0000000000,0.0000000000,0.0000000000,0.0000000000,0.0000000000,0.0000000000,0.0000000000,0.0000000000,0.0002458815,0.0000000000,0.0003595829,0.0002669514,0.0002528445,0.0000000000,0.0000000000,0.0000000000,0.0000000000,0.0000000000,0.0000000000,0.0000000000,0.0000000000,0.0000000000,0.0002615747,0.0000000000,0.0001976675,0.0002461841,0.0000000000,0.0000000000,0.0000000000,0.0000000000,0.0000000000,0.0000000000,0.0000000000
0.0000000000,0.0000000000,0.0000000000,0.0000000000,0.0000000000,0.0000000000,0.0000000000,0.0000000000,0.0000000000,0.0000000000,0.0000000000,0.0000000000,0.0000000000,0.0000000000,0.0000000000,0.0000000000,0.0000000000,0.0000000000,0.0000000000,0.0000000000,0.0000000000,0.0000000000,0.0000000000,0.0000000000,0.0000000000,0.0000000000,0.0000000000,0.0000000000,0.0000000000,0.0000000000,0.0000000000,0.0000000000,0.0000000000,0.0000000000,0.0000000000,0.0000000000,0.0000000000,0.0000000000,0.0000000000,0.0000000000,0.0000000000,0.0000000000,0.0000000000,0.0000000000,0.0000000000,0.0000000000,0.0000000000,1.0000000000,0.0466084062,0.0227848101,0.0114068441,0.0072869955,0.0036415133,0.0022222222,0.0013787670,0.0001881468,0.0002324500,0.0000000000,0.0000000000,0.0001944390,0.0001920861,0.0000000000,0.0000000000,0.0001923447,0.0001887861,0.0000000000,0.0000000000,0.0002060157,0.0000000000,0.0001917913,0.0000000000,0.0000000000,0.0000000000,0.0000000000,0.0002055921,0.0002101723,0.0002081599,0.0000000000,0.0005945303,0.0000000000,0.0000000000,0.0000000000,0.0002072109,0.0000000000,0.0002087247,0.0002204100,0.0000000000,0.0002078138,0.0003729952,0.0004017678,0.0001352082,0.0002095557,0.0000000000,0.0000000000,0.0002321802,0.0001996805,0.0000000000,0.0000000000,0.0002139953,0.0000000000,0.0000000000,0.0000000000,0.0000000000,0.0000000000,0.0000000000,0.0000000000,0.0000000000,0.0000000000,0.0000000000,0.0000000000,0.0001900057,0.0000000000,0.0000000000,0.0003969041,0.0001951600,0.0003945551,0.0000000000,0.0000000000,0.0004327131,0.0006257822,0.0002141786,0.0000000000,0.0000000000,0.0000000000,0.0000000000,0.0002077275,0.0000000000,0.0000000000,0.0000000000,0.0000000000,0.0002052967,0.0002076843,0.0002116402,0.0000000000,0.0003513086,0.0003966680,0.0004421844,0.0000000000,0.0002117747,0.0002027986,0.0000000000,0.0000000000,0.0000000000,0.0003942440,0.0001933488,0.0000000000,0.0002081599,0.0004005608,0.0002096436,0.0000000000,0.0000000000,0.0000000000,0.0001984915,0.0001999200,0.0000000000,0.0000000000,0.0000000000,0.0001978239,0.0000000000,0.0000000000
0.0000000000,0.0000000000,0.0000000000,0.0000000000,0.0000000000,0.0000000000,0.0000000000,0.0000000000,0.0000000000,0.0000000000,0.0000000000,0.0000000000,0.0000000000,0.0000000000,0.0000000000,0.0000000000,0.0000000000,0.0000000000,0.0000000000,0.0000000000,0.0000000000,0.0000000000,0.0000000000,0.0000000000,0.0000000000,0.0000000000,0.0000000000,0.0000000000,0.0000000000,0.0000000000,0.0000000000,0.0000000000,0.0000000000,0.0000000000,0.0000000000,0.0000000000,0.0000000000,0.0000000000,0.0000000000,0.0000000000,0.0000000000,0.0000000000,0.0000000000,0.0000000000,0.0000000000,0.0000000000,0.0000000000,0.0000000000,1.0000000000,0.0487439070,0.0225754018,0.0128975265,0.0091341579,0.0038381019,0.0025868441,0.0014159292,0.0002153316,0.0003400204,0.0004311274,0.0000000000,0.0000000000,0.0001741553,0.0001731302,0.0001804728,0.0000000000,0.0000000000,0.0000000000,0.0001924557,0.0000000000,0.0007203314,0.0003872217,0.0000000000,0.0001948558,0.0000000000,0.0001920861,0.0000000000,0.0000000000,0.0000000000,0.0000000000,0.0000000000,0.0000000000,0.0000000000,0.0000000000,0.0001892864,0.0000000000,0.0000000000,0.0003983270,0.0001940241,0.0003506311,0.0000000000,0.0001292324,0.0001955417,0.0000000000,0.0000000000,0.0000000000,0.0000000000,0.0000000000,0.0000000000,0.0000000000,0.0000000000,0.0000000000,0.0000000000,0.0000000000,0.0003888025,0.0003728561,0.0000000000,0.0003913129,0.0000000000,0.0003972195,0.0003674444,0.0001784121,0.0000000000,0.0001862891,0.0007436326,0.0001829491,0.0001847746,0.0001867414,0.0001867762,0.0000000000,0.0001946283,0.0000000000,0.0003801559,0.0000000000,0.0000000000,0.0000000000,0.0003879728,0.0003772161,0.0001779359,0.0000000000,0.0000000000,0.0000000000,0.0001939112,0.0000000000,0.0000000000,0.0000000000,0.0000000000,0.0004110997,0.0000000000,0.0001974724,0.0000000000,0.0000000000,0.0000000000,0.0002071251,0.0003693444,0.0005442671,0.0003767898,0.0001943257,0.0001874063,0.0003913129,0.0003891051,0.0000000000,0.0000000000,0.0001858736,0.0003743215,0.0003871467,0.0003495892,0.0000000000,0.0000000000,0.0000000000,0.0000000000
0.0000000000,0.0000000000,0.0000000000,0.0000000000,0.0000000000,0.0000000000,0.0000000000,0.0000000000,0.0000000000,0.0000000000,0.0000000000,0.0000000000,0.0000000000,0.0000000000,0.0000000000,0.0000000000,0.0000000000,0.0000000000,0.0000000000,0.0000000000,0.0000000000,0.0000000000,0.0000000000,0.0000000000,0.0000000000,0.0000000000,0.0000000000,0.0000000000,0.0000000000,0.0000000000,0.0000000000,0.0000000000,0.0000000000,0.0000000000,0.0000000000,0.0000000000,0.0000000000,0.0000000000,0.0000000000,0.0000000000,0.0000000000,0.0000000000,0.0000000000,0.0000000000,0.0000000000,0.0000000000,0.0000000000,0.0000000000,0.0000000000,1.0000000000,0.0537249284,0.0263702172,0.0159985289,0.0082672516,0.0040888889,0.0020449898,0.0008225375,0.0000000000,0.0012353305,0.0001752234,0.0003466805,0.0003354016,0.0001667222,0.0001735207,0.0001706193,0.0000000000,0.0000000000,0.0000000000,0.0000000000,0.0001730703,0.0001855976,0.0001863238,0.0000000000,0.0003741115,0.0000000000,0.0000000000,0.0001862891,0.0000000000,0.0000000000,0.0000000000,0.0000000000,0.0000000000,0.0001855288,0.0000000000,0.0000000000,0.0000000000,0.0000000000,0.0001860119,0.0000000000,0.0000000000,0.0001256281,0.0000000000,0.0001831166,0.0000000000,0.0000000000,0.0000000000,0.0000000000,0.0001955799,0.0001909490,0.0001477760,0.0000000000,0.0000000000,0.0000000000,0.0001863238,0.0001789869,0.0000000000,0.0001874766,0.0003700962,0.0001901864,0.0005296610,0.0003432887,0.0000000000,0.0001788909,0.0001784440,0.0003516793,0.0005326705,0.0000000000,0.0001793400,0.0000000000,0.0000000000,0.0003822630,0.0003647638,0.0000000000,0.0000000000,0.0001904762,0.0001859427,0.0001809955,0.0001711743,0.0000000000,0.0000000000,0.0005521811,0.0005579319,0.0001890717,0.0000000000,0.0000000000,0.0000000000,0.0007866273,0.0002314279,0.0007571456,0.0005461496,0.0002161228,0.0000000000,0.0000000000,0.0003547987,0.0005231950,0.0005425936,0.0005590757,0.0003599064,0.0003750234,0.0001864628,0.0003775009,0.0004547522,0.0001785077,0.0001796622,0.0001855632,0.0000000000,0.0000000000,0.0001779676,0.0001582779,0.0000000000
0.0000000000,0.0000000000,0.0000000000,0.0000000000,0.0000000000,0.0000000000,0.0000000000,0.0000000000,0.0000000000,0.0000000000,0.0000000000,0.0000000000,0.0000000000,0.0000000000,0.0000000000,0.0000000000,0.0000000000,0.0000000000,0.0000000000,0.0000000000,0.0000000000,0.0000000000,0.0000000000,0.0000000000,0.0000000000,0.0000000000,0.0000000000,0.0000000000,0.0000000000,0.0000000000,0.0000000000,0.0000000000,0.0000000000,0.0000000000,0.0000000000,0.0000000000,0.0000000000,0.0000000000,0.0000000000,0.0000000000,0.0000000000,0.0000000000,0.0000000000,0.0000000000,0.0000000000,0.0000000000,0.0000000000,0.0000000000,0.0000000000,0.0000000000,1.0000000000,0.0524200594,0.0269922879,0.0135837666,0.0068698256,0.0032045876,0.0012172855,0.0009290802,0.0022357724,0.0006930007,0.0006855184,0.0003316200,0.0003297609,0.0001714972,0.0003373819,0.0001816201,0.0000000000,0.0000000000,0.0000000000,0.0000000000,0.0000000000,0.0003680530,0.0000000000,0.0000000000,0.0000000000,0.0001855288,0.0000000000,0.0003617291,0.0000000000,0.0003695492,0.0003709887,0.0000000000,0.0003665017,0.0003589375,0.0001843998,0.0003869969,0.0000000000,0.0000000000,0.0003336670,0.0000000000,0.0003737852,0.0000000000,0.0000000000,0.0003882741,0.0000000000,0.0003546728,0.0001854943,0.0005792624,0.0000000000,0.0004390458,0.0001977457,0.0000000000,0.0000000000,0.0001839926,0.0000000000,0.0000000000,0.0000000000,0.0001827151,0.0000000000,0.0001743983,0.0001696353,0.0000000000,0.0003535443,0.0000000000,0.0001737318,0.0005263158,0.0000000000,0.0001771793,0.0000000000,0.0000000000,0.0000000000,0.0000000000,0.0000000000,0.0003841721,0.0003761520,0.0000000000,0.0001787949,0.0000000000,0.0000000000,0.0000000000,0.0003635042,0.0003672420,0.0000000000,0.0000000000,0.0000000000,0.0001762115,0.0001939488,0.0004557885,0.0005605381,0.0001797591,0.0002129925,0.0000000000,0.0003908540,0.0003505697,0.0003446493,0.0000000000,0.0003679853,0.0003555556,0.0000000000,0.0003683241,0.0005591799,0.0001499925,0.0000000000,0.0000000000,0.0001832509,0.0004991681,0.0003466805,0.0001758396,0.0000000000,0.0000000000
0.0000000000,0.0000000000,0.0000000000,0.0000000000,0.0000000000,0.0000000000,0.0000000000,0.0000000000,0.0000000000,0.0000000000,0.0000000000,0.0000000000,0.0000000000,0.0000000000,0.0000000000,0.0000000000,0.0000000000,0.0000000000,0.0000000000,0.0000000000,0.0000000000,0.0000000000,0.0000000000,0.0000000000,0.0000000000,0.0000000000,0.0000000000,0.0000000000,0.0000000000,0.0000000000,0.0000000000,0.0000000000,0.0000000000,0.0000000000,0.0000000000,0.0000000000,0.0000000000,0.0000000000,0.0000000000,0.0000000000,0.0000000000,0.0000000000,0.0000000000,0.0000000000,0.0000000000,0.0000000000,0.0000000000,0.0000000000,0.0000000000,0.0000000000,0.0000000000,1.0000000000,0.0518105850,0.0261788891,0.0117132867,0.0078700603,0.0028044872,0.0009090909,0.0026057326,0.0006845798,0.0008467401,0.0009839292,0.0001629461,0.0000000000,0.0000000000,0.0003586801,0.0000000000,0.0001799532,0.0003624502,0.0003380663,0.0001809300,0.0001816201,0.0000000000,0.0001822822,0.0001796300,0.0001831166,0.0001815871,0.0003571429,0.0003478261,0.0005472455,0.0001830496,0.0003537944,0.0003617945,0.0001771793,0.0000000000,0.0000000000,0.0000000000,0.0001813237,0.0003297609,0.0001759944,0.0002469746,0.0001826484,0.0001785714,0.0000000000,0.0003992813,0.0000000000,0.0000000000,0.0000000000,0.0000000000,0.0001448016,0.0000000000,0.0000000000,0.0000000000,0.0000000000,0.0000000000,0.0000000000,0.0001827151,0.0000000000,0.0001852881,0.0000000000,0.0000000000,0.0000000000,0.0000000000,0.0001741250,0.0001716149,0.0000000000,0.0001749475,0.0000000000,0.0000000000,0.0000000000,0.0001861504,0.0000000000,0.0000000000,0.0000000000,0.0000000000,0.0003625816,0.0001765537,0.0000000000,0.0003555556,0.0000000000,0.0000000000,0.0000000000,0.0001842299,0.0001822822,0.0001563233,0.0000000000,0.0001913143,0.0004485311,0.0005531993,0.0001774938,0.0000000000,0.0000000000,0.0003855050,0.0000000000,0.0000000000,0.0001763668,0.0001815871,0.0000000000,0.0000000000,0.0001817521,0.0001838911,0.0002968680,0.0001741857,0.0003506311,0.0000000000,0.0000000000,0.0000000000,0.0001736714,0.0003097893,0.0002928258
0.0000000000,0.0000000000,0.0000000000,0.0000000000,0.0000000000,0.0000000000,0.0000000000,0.0000000000,0.0000000000,0.0000000000,0.0000000000,0.0000000000,0.0000000000,0.0000000000,0.0000000000,0.0000000000,0.0000000000,0.0000000000,0.0000000000,0.0000000000,0.0000000000,0.0000000000,0.0000000000,0.0000000000,0.0000000000,0.0000000000,0.0000000000,0.0000000000,0.0000000000,0.0000000000,0.0000000000,0.0000000000,0.0000000000,0.0000000000,0.0000000000,0.0000000000,0.0000000000,0.0000000000,0.0000000000,0.0000000000,0.0000000000,0.0000000000,0.0000000000,0.0000000000,0.0000000000,0.0000000000,0.0000000000,0.0000000000,0.0000000000,0.0000000000,0.0000000000,0.0000000000,1.0000000000,0.0557103064,0.0235001911,0.0126834571,0.0070422535,0.0010452962,0.0037321625,0.0016642012,0.0012790060,0.0014119308,0.0007012623,0.0005484461,0.0007185198,0.0003886514,0.0000000000,0.0000000000,0.0000000000,0.0001822490,0.0000000000,0.0001970055,0.0001975114,0.0001977848,0.0000000000,0.0001987676,0.0001969667,0.0001933862,0.0001879346,0.0003958045,0.0000000000,0.0000000000,0.0001961169,0.0001917913,0.0001974724,0.0000000000,0.0000000000,0.0000000000,0.0000000000,0.0000000000,0.0001303951,0.0000000000,0.0001934236,0.0000000000,0.0000000000,0.0000000000,0.0000000000,0.0000000000,0.0000000000,0.0000000000,0.0000000000,0.0000000000,0.0001999600,0.0003940887,0.0000000000,0.0000000000,0.0001982947,0.0001955417,0.0002013288,0.0001860465,0.0000000000,0.0002145462,0.0001887149,0.0000000000,0.0001852881,0.0003743916,0.0001891790,0.0000000000,0.0004085802,0.0001972776,0.0006072874,0.0000000000,0.0004042854,0.0000000000,0.0000000000,0.0000000000,0.0001910585,0.0000000000,0.0001924557,0.0000000000,0.0001944012,0.0001965409,0.0002000800,0.0000000000,0.0003352330,0.0001881114,0.0002084636,0.0004964011,0.0002002002,0.0001921599,0.0002306273,0.0000000000,0.0002101282,0.0005612722,0.0001836547,0.0001908397,0.0000000000,0.0000000000,0.0000000000,0.0001971609,0.0000000000,0.0001585289,0.0000000000,0.0001895735,0.0005886970,0.0000000000,0.0000000000,0.0001876877,0.0000000000,0.0000000000
0.0000000000,0.0000000000,0.0000000000,0.0000000000,0.0000000000,0.0000000000,0.0000000000,0.0000000000,0.0000000000,0.0000000000,0.0000000000,0.0000000000,0.0000000000,0.0000000000,0.0000000000,0.0000000000,0.0000000000,0.0000000000,0.0000000000,0.0000000000,0.0000000000,0.0000000000,0.0000000000,0.0000000000,0.0000000000,0.0000000000,0.0000000000,0.0000000000,0.0000000000,0.0000000000,0.0000000000,0.0000000000,0.0000000000,0.0000000000,0.0000000000,0.0000000000,0.0000000000,0.0000000000,0.0000000000,0.0000000000,0.0000000000,0.0000000000,0.0000000000,0.0000000000,0.0000000000,0.0000000000,0.0000000000,0.0000000000,0.0000000000,0.0000000000,0.0000000000,0.0000000000,0.0000000000,1.0000000000,0.0489434712,0.0219966159,0.0116723687,0.0009033424,0.0060084118,0.0037632569,0.0013506669,0.0017991495,0.0008124797,0.0003377237,0.0006646726,0.0003573343,0.0000000000,0.0001792757,0.0000000000,0.0000000000,0.0000000000,0.0000000000,0.0001813565,0.0001815871,0.0001789549,0.0003648969,0.0001808973,0.0000000000,0.0006933611,0.0003633721,0.0000000000,0.0000000000,0.0000000000,0.0001765225,0.0001813237,0.0000000000,0.0000000000,0.0003613369,0.0006574622,0.0000000000,0.0001231527,0.0000000000,0.0001779043,0.0000000000,0.0001987676,0.0001744592,0.0001823819,0.0000000000,0.0000000000,0.0001443626,0.0000000000,0.0000000000,0.0001834189,0.0003619254,0.0000000000,0.0000000000,0.0000000000,0.0000000000,0.0001845700,0.0003433476,0.0001670286,0.0000000000,0.0001739130,0.0000000000,0.0001709986,0.0001725923,0.0000000000,0.0000000000,0.0001870208,0.0005436752,0.0000000000,0.0001771793,0.0001852195,0.0000000000,0.0001848429,0.0000000000,0.0003518649,0.0001666111,0.0001770852,0.0000000000,0.0001787310,0.0000000000,0.0001835199,0.0003632401,0.0000000000,0.0001734004,0.0005718643,0.0002231645,0.0003673095,0.0001768347,0.0002088991,0.0000000000,0.0001919386,0.0001724733,0.0000000000,0.0000000000,0.0001808973,0.0003498338,0.0000000000,0.0000000000,0.0000000000,0.0002959455,0.0000000000,0.0000000000,0.0001802127,0.0003277077,0.0003412387,0.0000000000,0.0001543686,0.0000000000
0.0000000000,0.0000000000,0.0000000000,0.0000000000,0.0000000000,0.0000000000,0.0000000000,0.0000000000,0.0000000000,0.0000000000,0.0000000000,0.0000000000,0.0000000000,0.0000000000,0.0000000000,0.0000000000,0.0000000000,0.0000000000,0.0000000000,0.0000000000,0.0000000000,0.0000000000,0.0000000000,0.0000000000,0.0000000000,0.0000000000,0.0000000000,0.0000000000,0.0000000000,0.0000000000,0.0000000000,0.0000000000,0.0000000000,0.0000000000,0.0000000000,0.0000000000,0.0000000000,0.0000000000,0.0000000000,0.0000000000,0.0000000000,0.0000000000,0.0000000000,0.0000000000,0.0000000000,0.0000000000,0.0000000000,0.0000000000,0.0000000000,0.0000000000,0.0000000000,0.0000000000,0.0000000000,0.0000000000,1.0000000000,0.0434782609,0.0215217391,0.0030130566,0.0083762887,0.0045330916,0.0030433226,0.0025942580,0.0015458605,0.0007153076,0.0003513703,0.0001897533,0.0000000000,0.0000000000,0.0000000000,0.0003565698,0.0001915709,0.0000000000,0.0000000000,0.0001930875,0.0000000000,0.0001940241,0.0001923077,0.0000000000,0.0001836885,0.0000000000,0.0000000000,0.0001870208,0.0001914975,0.0005623243,0.0003856537,0.0000000000,0.0001970055,0.0001920123,0.0001736413,0.0001860465,0.0000000000,0.0000000000,0.0003779289,0.0002034174,0.0000000000,0.0000000000,0.0001939864,0.0000000000,0.0000000000,0.0000000000,0.0000000000,0.0001894657,0.0005857087,0.0005772561,0.0000000000,0.0000000000,0.0001935734,0.0001909490,0.0000000000,0.0000000000,0.0003534818,0.0000000000,0.0001844338,0.0000000000,0.0001811594,0.0001829491,0.0001848771,0.0000000000,0.0001992429,0.0005780347,0.0003949447,0.0005645465,0.0001971998,0.0004024145,0.0000000000,0.0003839509,0.0003734130,0.0005289140,0.0000000000,0.0003978516,0.0001898614,0.0000000000,0.0005860520,0.0001930875,0.0001642036,0.0001838573,0.0002032520,0.0000000000,0.0003908540,0.0003755163,0.0002242655,0.0000000000,0.0004097521,0.0003656976,0.0001795977,0.0000000000,0.0001923077,0.0000000000,0.0001935734,0.0000000000,0.0000000000,0.0001554968,0.0001840265,0.0001852538,0.0001915342,0.0000000000,0.0000000000,0.0000000000,0.0000000000,0.0000000000
0.0000000000,0.0000000000,0.0000000000,0.0000000000,0.0000000000,0.0000000000,0.0000000000,0.0000000000,0.0000000000,0.0000000000,0.0000000000,0.0000000000,0.0000000000,0.0000000000,0.0000000000,0.0000000000,0.0000000000,0.0000000000,0.0000000000,0.0000000000,0.0000000000,0.0000000000,0.0000000000,0.0000000000,0.0000000000,0.0000000000,0.0000000000,0.0000000000,0.0000000000,0.0000000000,0.0000000000,0.0000000000,0.0000000000,0.0000000000,0.0000000000,0.0000000000,0.0000000000,0.0000000000,0.0000000000,0.0000000000,0.0000000000,0.0000000000,0.0000000000,0.0000000000,0.0000000000,0.0000000000,0.0000000000,0.0000000000,0.0000000000,0.0000000000,0.0000000000,0.0000000000,0.0000000000,0.0000000000,0.0000000000,1.0000000000,0.0504899872,0.0074906367,0.0169246646,0.0129870130,0.0072501295,0.0056713928,0.0026459401,0.0017188037,0.0015210411,0.0003635703,0.0001758087,0.0000000000,0.0001836885,0.0006850488,0.0000000000,0.0000000000,0.0001845700,0.0000000000,0.0000000000,0.0001856665,0.0003682563,0.0000000000,0.0003524229,0.0003698225,0.0001855976,0.0001792436,0.0000000000,0.0003591954,0.0001845359,0.0003872967,0.0000000000,0.0000000000,0.0001669170,0.0000000000,0.0001246261,0.0000000000,0.0003620565,0.0000000000,0.0000000000,0.0000000000,0.0000000000,0.0001931621,0.0001886437,0.0001463915,0.0001979022,0.0001814882,0.0001867065,0.0001841282,0.0000000000,0.0000000000,0.0001852538,0.0003657644,0.0000000000,0.0003491011,0.0000000000,0.0001993620,0.0001768659,0.0001764291,0.0003477656,0.0000000000,0.0001772735,0.0001773050,0.0003809524,0.0001843658,0.0001887861,0.0000000000,0.0003772161,0.0000000000,0.0001881822,0.0000000000,0.0001789229,0.0001693193,0.0000000000,0.0000000000,0.0003637686,0.0000000000,0.0003736921,0.0000000000,0.0000000000,0.0001763357,0.0000000000,0.0002280502,0.0000000000,0.0003598417,0.0002131742,0.0000000000,0.0001955417,0.0003508156,0.0006900121,0.0001787310,0.0001840943,0.0000000000,0.0003705762,0.0000000000,0.0000000000,0.0000000000,0.0000000000,0.0000000000,0.0000000000,0.0001664447,0.0003469211,0.0003519887,0.0001566907,0.0000000000
0.0000000000,0.0000000000,0.0000000000,0.0000000000,0.0000000000,0.0000000000,0.0000000000,0.0000000000,0.0000000000,0.0000000000,0.0000000000,0.0000000000,0.0000000000,0.0000000000,0.0000000000,0.0000000000,0.0000000000,0.0000000000,0.0000000000,0.0000000000,0.0000000000,0.0000000000,0.0000000000,0.0000000000,0.0000000000,0.0000000000,0.0000000000,0.0000000000,0.0000000000,0.0000000000,0.0000000000,0.0000000000,0.0000000000,0.0000000000,0.0000000000,0.0000000000,0.0000000000,0.0000000000,0.0000000000,0.0000000000,0.0000000000,0.0000000000,0.0000000000,0.0000000000,0.0000000000,0.0000000000,0.0000000000,0.0000000000,0.0000000000,0.0000000000,0.0000000000,0.0000000000,0.0000000000,0.0000000000,0.0000000000,0.0000000000,1.0000000000,0.0155891793,0.0272965879,0.0153616386,0.0117498951,0.0068245684,0.0027799841,0.0020811655,0.0008148299,0.0004456328,0.0002139037,0.0002237637,0.0002256827,0.0002070822,0.0002252760,0.0002263468,0.0000000000,0.0000000000,0.0002232641,0.0000000000,0.0002262955,0.0000000000,0.0002144542,0.0002274795,0.0002285714,0.0000000000,0.0002251745,0.0004390779,0.0004540295,0.0002408478,0.0000000000,0.0002258866,0.0000000000,0.0002176752,0.0000000000,0.0000000000,0.0000000000,0.0000000000,0.0000000000,0.0002163098,0.0000000000,0.0004804228,0.0000000000,0.0000000000,0.0002475248,0.0000000000,0.0000000000,0.0000000000,0.0000000000,0.0000000000,0.0000000000,0.0000000000,0.0000000000,0.0004240882,0.0000000000,0.0002498126,0.0000000000,0.0000000000,0.0004221190,0.0002134472,0.0000000000,0.0000000000,0.0000000000,0.0000000000,0.0002334267,0.0000000000,0.0000000000,0.0000000000,0.0000000000,0.0000000000,0.0000000000,0.0000000000,0.0002203614,0.0000000000,0.0002229157,0.0002257336,0.0000000000,0.0000000000,0.0003767898,0.0002146844,0.0000000000,0.0000000000,0.0000000000,0.0004400440,0.0000000000,0.0000000000,0.0000000000,0.0000000000,0.0000000000,0.0000000000,0.0004526935,0.0002169668,0.0000000000,0.0002265519,0.0002298851,0.0005311615,0.0002149151,0.0000000000,0.0002252252,0.0006008412,0.0000000000,0.0000000000,0.0000000000,0.0004297379
0.0000000000,0.0000000000,0.0000000000,0.0000000000,0.0000000000,0.0000000000,0.0000000000,0.0000000000,0.0000000000,0.0000000000,0.0000000000,0.0000000000,0.0000000000,0.0000000000,0.0000000000,0.0000000000,0.0000000000,0.0000000000,0.0000000000,0.0000000000,0.0000000000,0.0000000000,0.0000000000,0.0000000000,0.0000000000,0.0000000000,0.0000000000,0.0000000000,0.0000000000,0.0000000000,0.0000000000,0.0000000000,0.0000000000,0.0000000000,0.0000000000,0.0000000000,0.0000000000,0.0000000000,0.0000000000,0.0000000000,0.0000000000,0.0000000000,0.0000000000,0.0000000000,0.0000000000,0.0000000000,0.0000000000,0.0000000000,0.0000000000,0.0000000000,0.0000000000,0.0000000000,0.0000000000,0.0000000000,0.0000000000,0.0000000000,0.0000000000,1.0000000000,0.0128263857,0.0089138329,0.0054803353,0.0024205749,0.0005979073,0.0003214401,0.0003116236,0.0000000000,0.0000000000,0.0000000000,0.0000000000,0.0000000000,0.0000000000,0.0000000000,0.0000000000,0.0000000000,0.0000000000,0.0000000000,0.0000000000,0.0000000000,0.0000000000,0.0000000000,0.0000000000,0.0000000000,0.0000000000,0.0000000000,0.0000000000,0.0000000000,0.0000000000,0.0000000000,0.0000000000,0.0000000000,0.0000000000,0.0000000000,0.0000000000,0.0000000000,0.0000000000,0.0000000000,0.0000000000,0.0000000000,0.0000000000,0.0000000000,0.0000000000,0.0000000000,0.0000000000,0.0000000000,0.0000000000,0.0000000000,0.0000000000,0.0000000000,0.0000000000,0.0000000000,0.0000000000,0.0000000000,0.0000000000,0.0000000000,0.0000000000,0.0000000000,0.0000000000,0.0000000000,0.0000000000,0.0000000000,0.0000000000,0.0000000000,0.0000000000,0.0000000000,0.0000000000,0.0000000000,0.0000000000,0.0000000000,0.0000000000,0.0000000000,0.0000000000,0.0000000000,0.0000000000,0.0000000000,0.0000000000,0.0003384095,0.0000000000,0.0000000000,0.0000000000,0.0000000000,0.0000000000,0.0000000000,0.0000000000,0.0000000000,0.0000000000,0.0006949270,0.0000000000,0.0000000000,0.0000000000,0.0000000000,0.0000000000,0.0000000000,0.0000000000,0.0000000000,0.0000000000,0.0000000000,0.0000000000,0.0000000000,0.0000000000,0.0000000000
0.0000000000,0.0000000000,0.0000000000,0.0000000000,0.0000000000,0.0000000000,0.0000000000,0.0000000000,0.0000000000,0.0000000000,0.0000000000,0.0000000000,0.0000000000,0.0000000000,0.0000000000,0.0000000000,0.0000000000,0.0000000000,0.0000000000,0.0000000000,0.0000000000,0.0000000000,0.0000000000,0.0000000000,0.0000000000,0.0000000000,0.0000000000,0.0000000000,0.0000000000,0.0000000000,0.0000000000,0.0000000000,0.0000000000,0.0000000000,0.0000000000,0.0000000000,0.0000000000,0.0000000000,0.0000000000,0.0000000000,0.0000000000,0.0000000000,0.0000000000,0.0000000000,0.0000000000,0.0000000000,0.0000000000,0.0000000000,0.0000000000,0.0000000000,0.0000000000,0.0000000000,0.0000000000,0.0000000000,0.0000000000,0.0000000000,0.0000000000,0.0000000000,1.0000000000,0.0531561462,0.0216284987,0.0129345190,0.0061814556,0.0039649416,0.0018367347,0.0006691947,0.0006425359,0.0002239642,0.0002258866,0.0004145937,0.0000000000,0.0000000000,0.0002272211,0.0000000000,0.0000000000,0.0000000000,0.0000000000,0.0000000000,0.0000000000,0.0002276867,0.0002287806,0.0002192021,0.0004508566,0.0000000000,0.0000000000,0.0002410800,0.0002330459,0.0000000000,0.0002010454,0.0006538797,0.0001427144,0.0000000000,0.0002218279,0.0002420721,0.0002552323,0.0000000000,0.0000000000,0.0000000000,0.0000000000,0.0000000000,0.0000000000,0.0002225684,0.0000000000,0.0000000000,0.0000000000,0.0002668802,0.0002282584,0.0000000000,0.0002322880,0.0002121791,0.0004104248,0.0002500625,0.0002156567,0.0004301075,0.0000000000,0.0000000000,0.0002162630,0.0004327131,0.0002361833,0.0004539265,0.0004673989,0.0000000000,0.0000000000,0.0000000000,0.0000000000,0.0002259887,0.0000000000,0.0004091653,0.0002205558,0.0002356823,0.0002231147,0.0002259376,0.0002306273,0.0000000000,0.0001885014,0.0000000000,0.0000000000,0.0002969121,0.0002307870,0.0004404316,0.0000000000,0.0000000000,0.0000000000,0.0000000000,0.0000000000,0.0000000000,0.0002265006,0.0002171553,0.0000000000,0.0002267574,0.0000000000,0.0000000000,0.0000000000,0.0000000000,0.0000000000,0.0000000000,0.0000000000,0.0000000000,0.0001863933,0.0000000000
0.0000000000,0.0000000000,0.0000000000,0.0000000000,0.0000000000,0.0000000000,0.0000000000,0.0000000000,0.0000000000,0.0000000000,0.0000000000,0.0000000000,0.0000000000,0.0000000000,0.0000000000,0.0000000000,0.0000000000,0.0000000000,0.0000000000,0.0000000000,0.0000000000,0.0000000000,0.0000000000,0.0000000000,0.0000000000,0.0000000000,0.0000000000,0.0000000000,0.0000000000,0.0000000000,0.0000000000,0.0000000000,0.0000000000,0.0000000000,0.0000000000,0.0000000000,0.0000000000,0.0000000000,0.0000000000,0.0000000000,0.0000000000,0.0000000000,0.0000000000,0.0000000000,0.0000000000,0.0000000000,0.0000000000,0.0000000000,0.0000000000,0.0000000000,0.0000000000,0.0000000000,0.0000000000,0.0000000000,0.0000000000,0.0000000000,0.0000000000,0.0000000000,0.0000000000,1.0000000000,0.0526022305,0.0268232819,0.0142906336,0.0058687533,0.0036630037,0.0015029119,0.0003626473,0.0003767188,0.0001896813,0.0001763668,0.0001893939,0.0001901502,0.0001906214,0.0001908761,0.0005641219,0.0000000000,0.0001901141,0.0000000000,0.0000000000,0.0001909490,0.0000000000,0.0000000000,0.0000000000,0.0000000000,0.0001905851,0.0006010819,0.0000000000,0.0007597341,0.0001718508,0.0001839926,0.0002547446,0.0001912777,0.0000000000,0.0002009646,0.0004199916,0.0003660992,0.0001917546,0.0000000000,0.0000000000,0.0000000000,0.0004098361,0.0001873361,0.0001929012,0.0001901502,0.0000000000,0.0000000000,0.0001913509,0.0001887861,0.0001941748,0.0003599064,0.0000000000,0.0006195787,0.0000000000,0.0001819505,0.0005378272,0.0000000000,0.0000000000,0.0000000000,0.0003938558,0.0001904037,0.0001951220,0.0001860119,0.0001948938,0.0003976143,0.0000000000,0.0001897533,0.0003692762,0.0000000000,0.0000000000,0.0001965409,0.0001877229,0.0005693680,0.0003861004,0.0000000000,0.0000000000,0.0001818512,0.0000000000,0.0000000000,0.0001931248,0.0003713331,0.0002212879,0.0000000000,0.0000000000,0.0001808318,0.0007111111,0.0000000000,0.0005705591,0.0003670398,0.0001913509,0.0000000000,0.0003853565,0.0000000000,0.0001820167,0.0000000000,0.0005682894,0.0000000000,0.0001787630,0.0000000000,0.0000000000,0.0000000000
0.0000000000,0.0000000000,0.0000000000,0.0000000000,0.0000000000,0.0000000000,0.0000000000,0.0000000000,0.0000000000,0.0000000000,0.0000000000,0.0000000000,0.0000000000,0.0000000000,0.0000000000,0.0000000000,0.0000000000,0.0000000000,0.0000000000,0.0000000000,0.0000000000,0.0000000000,0.0000000000,0.0000000000,0.0000000000,0.0000000000,0.0000000000,0.0000000000,0.0000000000,0.0000000000,0.0000000000,0.0000000000,0.0000000000,0.0000000000,0.0000000000,0.0000000000,0.0000000000,0.0000000000,0.0000000000,0.0000000000,0.0000000000,0.0000000000,0.0000000000,0.0000000000,0.0000000000,0.0000000000,0.0000000000,0.0000000000,0.0000000000,0.0000000000,0.0000000000,0.0000000000,0.0000000000,0.0000000000,0.0000000000,0.0000000000,0.0000000000,0.0000000000,0.0000000000,0.0000000000,1.0000000000,0.0541310541,0.0265517241,0.0120332684,0.0062272963,0.0026022305,0.0014357502,0.0007448790,0.0001874414,0.0001744287,0.0000000000,0.0000000000,0.0000000000,0.0000000000,0.0000000000,0.0000000000,0.0001878640,0.0000000000,0.0000000000,0.0000000000,0.0000000000,0.0000000000,0.0000000000,0.0001831502,0.0000000000,0.0003956479,0.0000000000,0.0001875821,0.0001700102,0.0000000000,0.0000000000,0.0000000000,0.0003693444,0.0003969829,0.0000000000,0.0003619254,0.0001894657,0.0001973165,0.0007708614,0.0001487652,0.0008095527,0.0001851509,0.0000000000,0.0000000000,0.0005415162,0.0000000000,0.0000000000,0.0000000000,0.0000000000,0.0000000000,0.0000000000,0.0002037905,0.0003607504,0.0001798885,0.0005318206,0.0001789229,0.0001807664,0.0001807991,0.0001944769,0.0005646527,0.0000000000,0.0000000000,0.0000000000,0.0000000000,0.0003843198,0.0000000000,0.0001824818,0.0001725030,0.0000000000,0.0001941371,0.0000000000,0.0001874766,0.0007632131,0.0001886081,0.0004830140,0.0005395683,0.0003966680,0.0002338634,0.0003816794,0.0003670398,0.0004365859,0.0000000000,0.0000000000,0.0001787949,0.0000000000,0.0001822822,0.0001878640,0.0000000000,0.0000000000,0.0003761520,0.0001903312,0.0000000000,0.0005400540,0.0001811266,0.0000000000,0.0000000000,0.0001767721,0.0003588731,0.0003188776,0.0000000000
0.0000000000,0.0000000000,0.0000000000,0.0000000000,0.0000000000,0.0000000000,0.0000000000,0.0000000000,0.0000000000,0.0000000000,0.0000000000,0.0000000000,0.0000000000,0.0000000000,0.0000000000,0.0000000000,0.0000000000,0.0000000000,0.0000000000,0.0000000000,0.0000000000,0.0000000000,0.0000000000,0.0000000000,0.0000000000,0.0000000000,0.0000000000,0.0000000000,0.0000000000,0.0000000000,0.0000000000,0.0000000000,0.0000000000,0.0000000000,0.0000000000,0.0000000000,0.0000000000,0.0000000000,0.0000000000,0.0000000000,0.0000000000,0.0000000000,0.0000000000,0.0000000000,0.0000000000,0.0000000000,0.0000000000,0.0000000000,0.0000000000,0.0000000000,0.0000000000,0.0000000000,0.0000000000,0.0000000000,0.0000000000,0.0000000000,0.0000000000,0.0000000000,0.0000000000,0.0000000000,0.0000000000,1.0000000000,0.0509401709,0.0226565202,0.0105917956,0.0059405941,0.0020826102,0.0008987956,0.0010861694,0.0006752194,0.0005420054,0.0003626473,0.0005453554,0.0005460502,0.0000000000,0.0001827819,0.0000000000,0.0000000000,0.0000000000,0.0000000000,0.0000000000,0.0001765537,0.0001805380,0.0000000000,0.0000000000,0.0001904762,0.0001854256,0.0001809955,0.0004939085,0.0001756852,0.0003700506,0.0001823154,0.0000000000,0.0003822630,0.0001992032,0.0006995453,0.0000000000,0.0001900418,0.0001856665,0.0000000000,0.0000000000,0.0000000000,0.0001837897,0.0003626473,0.0003487358,0.0004125413,0.0001823819,0.0001800504,0.0000000000,0.0000000000,0.0001673360,0.0003921569,0.0001742464,0.0003477051,0.0000000000,0.0000000000,0.0000000000,0.0001746725,0.0003748828,0.0003631082,0.0001858045,0.0001775253,0.0005569996,0.0000000000,0.0003705076,0.0000000000,0.0001762425,0.0001669170,0.0003549246,0.0000000000,0.0001790831,0.0001808973,0.0000000000,0.0000000000,0.0004683841,0.0000000000,0.0001909490,0.0004475274,0.0001839926,0.0005317263,0.0002093802,0.0000000000,0.0001923447,0.0000000000,0.0001699235,0.0001760563,0.0001812579,0.0000000000,0.0001823819,0.0001814224,0.0001835536,0.0001481921,0.0000000000,0.0001749781,0.0000000000,0.0000000000,0.0003418803,0.0000000000,0.0001546312,0.0005841121
0.0000000000,0.0000000000,0.0000000000,0.0000000000,0.0000000000,0.0000000000,0.0000000000,0.0000000000,0.0000000000,0.0000000000,0.0000000000,0.0000000000,0.0000000000,0.0000000000,0.0000000000,0.0000000000,0.0000000000,0.0000000000,0.0000000000,0.0000000000,0.0000000000,0.0000000000,0.0000000000,0.0000000000,0.0000000000,0.0000000000,0.0000000000,0.0000000000,0.0000000000,0.0000000000,0.0000000000,0.0000000000,0.0000000000,0.0000000000,0.0000000000,0.0000000000,0.0000000000,0.0000000000,0.0000000000,0.0000000000,0.0000000000,0.0000000000,0.0000000000,0.0000000000,0.0000000000,0.0000000000,0.0000000000,0.0000000000,0.0000000000,0.0000000000,0.0000000000,0.0000000000,0.0000000000,0.0000000000,0.0000000000,0.0000000000,0.0000000000,0.0000000000,0.0000000000,0.0000000000,0.0000000000,0.0000000000,1.0000000000,0.0499646893,0.0224966171,0.0129729730,0.0048442907,0.0032234957,0.0021613833,0.0006713662,0.0005386964,0.0001801802,0.0003612717,0.0000000000,0.0000000000,0.0001816530,0.0000000000,0.0000000000,0.0000000000,0.0001808973,0.0000000000,0.0005266854,0.0000000000,0.0000000000,0.0000000000,0.0001892506,0.0001842639,0.0001798885,0.0000000000,0.0000000000,0.0001228049,0.0000000000,0.0000000000,0.0000000000,0.0001978631,0.0003475843,0.0001816201,0.0001888218,0.0003690718,0.0002878112,0.0000000000,0.0003553660,0.0001826484,0.0001801802,0.0001733102,0.0000000000,0.0001812579,0.0001789549,0.0000000000,0.0001709694,0.0003328341,0.0003895598,0.0000000000,0.0000000000,0.0003407155,0.0000000000,0.0001736111,0.0001736413,0.0005588674,0.0003608805,0.0000000000,0.0000000000,0.0000000000,0.0001878993,0.0005523845,0.0000000000,0.0003504468,0.0000000000,0.0001763668,0.0005579319,0.0001779993,0.0003596475,0.0001827485,0.0005426918,0.0009322561,0.0003454828,0.0007593014,0.0002220249,0.0000000000,0.0000000000,0.0000000000,0.0000000000,0.0000000000,0.0000000000,0.0001689475,0.0000000000,0.0000000000,0.0001741857,0.0000000000,0.0001803101,0.0001824152,0.0001474491,0.0001728608,0.0001739433,0.0000000000,0.0000000000,0.0005099439,0.0000000000,0.0004616095,0.0002891009
0.0000000000,0.0000000000,0.0000000000,0.0000000000,0.0000000000,0.0000000000,0.0000000000,0.0000000000,0.0000000000,0.0000000000,0.0000000000,0.0000000000,0.0000000000,0.0000000000,0.0000000000,0.0000000000,0.0000000000,0.0000000000,0.0000000000,0.0000000000,0.0000000000,0.0000000000,0.0000000000,0.0000000000,0.0000000000,0.0000000000,0.0000000000,0.0000000000,0.0000000000,0.0000000000,0.0000000000,0.0000000000,0.0000000000,0.0000000000,0.0000000000,0.0000000000,0.0000000000,0.0000000000,0.0000000000,0.0000000000,0.0000000000,0.0000000000,0.0000000000,0.0000000000,0.0000000000,0.0000000000,0.0000000000,0.0000000000,0.0000000000,0.0000000000,0.0000000000,0.0000000000,0.0000000000,0.0000000000,0.0000000000,0.0000000000,0.0000000000,0.0000000000,0.0000000000,0.0000000000,0.0000000000,0.0000000000,0.0000000000,1.0000000000,0.0510130246,0.0222011385,0.0108833666,0.0063753985,0.0028227324,0.0012237762,0.0007500469,0.0000000000,0.0000000000,0.0000000000,0.0000000000,0.0000000000,0.0000000000,0.0000000000,0.0000000000,0.0000000000,0.0003794346,0.0001830496,0.0001873361,0.0000000000,0.0000000000,0.0000000000,0.0005780347,0.0001878287,0.0000000000,0.0000000000,0.0000000000,0.0001892506,0.0000000000,0.0003975353,0.0002075119,0.0001811594,0.0000000000,0.0000000000,0.0001928640,0.0004468941,0.0002025522,0.0000000000,0.0001908397,0.0003763643,0.0001806685,0.0000000000,0.0001893222,0.0003736921,0.0003842459,0.0001781261,0.0001731602,0.0006124949,0.0005419075,0.0003602954,0.0001774308,0.0000000000,0.0000000000,0.0001810282,0.0001947420,0.0001883949,0.0000000000,0.0000000000,0.0000000000,0.0001965795,0.0001923817,0.0001877582,0.0000000000,0.0001727116,0.0000000000,0.0001944012,0.0001857700,0.0003755163,0.0001909490,0.0000000000,0.0004835590,0.0003601008,0.0001985703,0.0000000000,0.0000000000,0.0001837222,0.0000000000,0.0000000000,0.0000000000,0.0001790190,0.0000000000,0.0001825151,0.0000000000,0.0003633061,0.0001893222,0.0000000000,0.0000000000,0.0003055301,0.0003604253,0.0001813565,0.0000000000,0.0001697217,0.0001769912,0.0000000000,0.0000000000,0.0000000000
0.0000000000,0.0000000000,0.0000000000,0.0000000000,0.0000000000,0.0000000000,0.0000000000,0.0000000000,0.0000000000,0.0000000000,0.0000000000,0.0000000000,0.0000000000,0.0000000000,0.0000000000,0.0000000000,0.0000000000,0.0000000000,0.0000000000,0.0000000000,0.0000000000,0.0000000000,0.0000000000,0.0000000000,0.0000000000,0.0000000000,0.0000000000,0.0000000000,0.0000000000,0.0000000000,0.0000000000,0.0000000000,0.0000000000,0.0000000000,0.0000000000,0.0000000000,0.0000000000,0.0000000000,0.0000000000,0.0000000000,0.0000000000,0.0000000000,0.0000000000,0.0000000000,0.0000000000,0.0000000000,0.0000000000,0.0000000000,0.0000000000,0.0000000000,0.0000000000,0.0000000000,0.0000000000,0.0000000000,0.0000000000,0.0000000000,0.0000000000,0.0000000000,0.0000000000,0.0000000000,0.0000000000,0.0000000000,0.0000000000,0.0000000000,1.0000000000,0.0481559335,0.0256827636,0.0109137995,0.0059314180,0.0020643386,0.0020280236,0.0007393715,0.0001851852,0.0000000000,0.0003654303,0.0003726477,0.0005543237,0.0001815541,0.0001767409,0.0001854943,0.0001862197,0.0003597122,0.0000000000,0.0000000000,0.0001851509,0.0003886514,0.0001890359,0.0000000000,0.0000000000,0.0001789229,0.0001249063,0.0003716781,0.0001815871,0.0000000000,0.0002033760,0.0003560620,0.0001862544,0.0001938360,0.0003786445,0.0005873715,0.0001986097,0.0000000000,0.0001873361,0.0003695492,0.0001775253,0.0000000000,0.0001858736,0.0001834526,0.0001885370,0.0000000000,0.0003405995,0.0004002401,0.0003549246,0.0001769912,0.0001743983,0.0001760563,0.0001778410,0.0000000000,0.0003822630,0.0001849797,0.0000000000,0.0000000000,0.0005678592,0.0001928640,0.0000000000,0.0000000000,0.0000000000,0.0001698370,0.0001807338,0.0003816066,0.0001824485,0.0003687316,0.0003749531,0.0000000000,0.0003173092,0.0003538570,0.0001947799,0.0002289902,0.0000000000,0.0000000000,0.0000000000,0.0000000000,0.0000000000,0.0001759324,0.0001729505,0.0000000000,0.0000000000,0.0003569516,0.0003718163,0.0000000000,0.0000000000,0.0001504891,0.0001770538,0.0003564427,0.0001839926,0.0000000000,0.0006962576,0.0003531073,0.0001571339,0.0003010235
0.0000000000,0.0000000000,0.0000000000,0.0000000000,0.0000000000,0.0000000000,0.0000000000,0.0000000000,0.0000000000,0.0000000000,0.0000000000,0.0000000000,0.0000000000,0.0000000000,0.0000000000,0.0000000000,0.0000000000,0.0000000000,0.0000000000,0.0000000000,0.0000000000,0.0000000000,0.0000000000,0.0000000000,0.0000000000,0.0000000000,0.0000000000,0.0000000000,0.0000000000,0.0000000000,0.0000000000,0.0000000000,0.0000000000,0.0000000000,0.0000000000,0.0000000000,0.0000000000,0.0000000000,0.0000000000,0.0000000000,0.0000000000,0.0000000000,0.0000000000,0.0000000000,0.0000000000,0.0000000000,0.0000000000,0.0000000000,0.0000000000,0.0000000000,0.0000000000,0.0000000000,0.0000000000,0.0000000000,0.0000000000,0.0000000000,0.0000000000,0.0000000000,0.0000000000,0.0000000000,0.0000000000,0.0000000000,0.0000000000,0.0000000000,0.0000000000,1.0000000000,0.0489706176,0.0212679765,0.0133657351,0.0059590317,0.0036043252,0.0024101225,0.0010054293,0.0004024955,0.0005941771,0.0002022245,0.0000000000,0.0001966568,0.0001910220,0.0000000000,0.0000000000,0.0000000000,0.0001994813,0.0001950078,0.0000000000,0.0002116850,0.0000000000,0.0000000000,0.0003604253,0.0001935734,0.0001318739,0.0004033885,0.0003934684,0.0000000000,0.0000000000,0.0003850597,0.0000000000,0.0004223865,0.0000000000,0.0003130380,0.0002168257,0.0001972776,0.0004070004,0.0000000000,0.0003839509,0.0000000000,0.0002017349,0.0001988862,0.0000000000,0.0005674295,0.0001834862,0.0000000000,0.0000000000,0.0000000000,0.0000000000,0.0000000000,0.0005771451,0.0001923447,0.0002079002,0.0002006823,0.0000000000,0.0001958097,0.0000000000,0.0002099958,0.0002052124,0.0001999600,0.0001942502,0.0000000000,0.0003914660,0.0002075119,0.0001977066,0.0003999200,0.0000000000,0.0000000000,0.0000000000,0.0000000000,0.0006370779,0.0002535497,0.0000000000,0.0001953888,0.0000000000,0.0000000000,0.0002139953,0.0003802281,0.0001866020,0.0001940241,0.0000000000,0.0001930129,0.0004035513,0.0004012036,0.0000000000,0.0000000000,0.0000000000,0.0001927154,0.0000000000,0.0001796300,0.0005635920,0.0000000000,0.0000000000,0.0000000000
0.0000000000,0.0000000000,0.0000000000,0.0000000000,0.0000000000,0.0000000000,0.0000000000,0.0000000000,0.0000000000,0.0000000000,0.0000000000,0.0000000000,0.0000000000,0.0000000000,0.0000000000,0.0000000000,0.0000000000,0.0000000000,0.0000000000,0.0000000000,0.0000000000,0.0000000000,0.0000000000,0.0000000000,0.0000000000,0.0000000000,0.0000000000,0.0000000000,0.0000000000,0.0000000000,0.0000000000,0.0000000000,0.0000000000,0.0000000000,0.0000000000,0.0000000000,0.0000000000,0.0000000000,0.0000000000,0.0000000000,0.0000000000,0.0000000000,0.0000000000,0.0000000000,0.0000000000,0.0000000000,0.0000000000,0.0000000000,0.0000000000,0.0000000000,0.0000000000,0.0000000000,0.0000000000,0.0000000000,0.0000000000,0.0000000000,0.0000000000,0.0000000000,0.0000000000,0.0000000000,0.0000000000,0.0000000000,0.0000000000,0.0000000000,0.0000000000,0.0000000000,1.0000000000,0.0458091618,0.0232649842,0.0106710074,0.0071691533,0.0027116018,0.0011632416,0.0009704969,0.0001909490,0.0005849093,0.0005797101,0.0000000000,0.0001844678,0.0001940241,0.0001948178,0.0001878287,0.0003847634,0.0005647590,0.0000000000,0.0002036660,0.0001979022,0.0003858025,0.0001743375,0.0000000000,0.0003862495,0.0000000000,0.0003795787,0.0000000000,0.0000000000,0.0000000000,0.0000000000,0.0002031694,0.0001981768,0.0001520681,0.0002084202,0.0001902950,0.0000000000,0.0000000000,0.0001853225,0.0004436557,0.0001944390,0.0001917913,0.0000000000,0.0001826484,0.0001774308,0.0000000000,0.0003705076,0.0007393715,0.0003639010,0.0000000000,0.0005572065,0.0001857010,0.0000000000,0.0000000000,0.0000000000,0.0001889288,0.0000000000,0.0000000000,0.0000000000,0.0003856537,0.0003750234,0.0001769598,0.0001888218,0.0000000000,0.0000000000,0.0001927525,0.0000000000,0.0000000000,0.0001648261,0.0000000000,0.0004084967,0.0000000000,0.0001962709,0.0000000000,0.0002254283,0.0000000000,0.0004116921,0.0003672420,0.0005412232,0.0000000000,0.0000000000,0.0001863238,0.0000000000,0.0000000000,0.0000000000,0.0000000000,0.0003696858,0.0000000000,0.0000000000,0.0001738224,0.0005445634,0.0000000000,0.0000000000,0.0000000000
0.0000000000,0.0000000000,0.0000000000,0.0000000000,0.0000000000,0.0000000000,0.0000000000,0.0000000000,0.0000000000,0.0000000000,0.0000000000,0.0000000000,0.0000000000,0.0000000000,0.0000000000,0.0000000000,0.0000000000,0.0000000000,0.0000000000,0.0000000000,0.0000000000,0.0000000000,0.0000000000,0.0000000000,0.0000000000,0.0000000000,0.0000000000,0.0000000000,0.0000000000,0.0000000000,0.0000000000,0.0000000000,0.0000000000,0.0000000000,0.0000000000,0.0000000000,0.0000000000,0.0000000000,0.0000000000,0.0000000000,0.0000000000,0.0000000000,0.0000000000,0.0000000000,0.0000000000,0.0000000000,0.0000000000,0.0000000000,0.0000000000,0.0000000000,0.0000000000,0.0000000000,0.0000000000,0.0000000000,0.0000000000,0.0000000000,0.0000000000,0.0000000000,0.0000000000,0.0000000000,0.0000000000,0.0000000000,0.0000000000,0.0000000000,0.0000000000,0.0000000000,0.0000000000,1.0000000000,0.0444258173,0.0220281048,0.0125760649,0.0070907618,0.0036437247,0.0016184503,0.0009946290,0.0010160536,0.0002011668,0.0001974334,0.0003835827,0.0000000000,0.0002029633,0.0003908540,0.0002002804,0.0001957713,0.0004034698,0.0002125850,0.0002063132,0.0000000000,0.0001808318,0.0000000000,0.0002644803,0.0002024701,0.0003950227,0.0000000000,0.0002235136,0.0000000000,0.0000000000,0.0000000000,0.0002066116,0.0001569859,0.0002177700,0.0000000000,0.0000000000,0.0000000000,0.0000000000,0.0000000000,0.0002025522,0.0000000000,0.0002057190,0.0000000000,0.0000000000,0.0002195390,0.0000000000,0.0000000000,0.0000000000,0.0001909490,0.0000000000,0.0000000000,0.0002087683,0.0000000000,0.0000000000,0.0000000000,0.0002065262,0.0004218519,0.0000000000,0.0000000000,0.0001950078,0.0000000000,0.0000000000,0.0004168404,0.0000000000,0.0000000000,0.0000000000,0.0000000000,0.0000000000,0.0000000000,0.0002131742,0.0000000000,0.0002045408,0.0000000000,0.0000000000,0.0000000000,0.0000000000,0.0003816794,0.0000000000,0.0001947799,0.0000000000,0.0000000000,0.0002025522,0.0004028197,0.0002039984,0.0003225286,0.0003843198,0.0001934610,0.0002003205,0.0005410280,0.0000000000,0.0001914975,0.0001688904,0.0000000000
0.0000000000,0.0000000000,0.0000000000,0.0000000000,0.0000000000,0.0000000000,0.0000000000,0.0000000000,0.0000000000,0.0000000000,0.0000000000,0.0000000000,0.0000000000,0.0000000000,0.0000000000,0.0000000000,0.0000000000,0.0000000000,0.0000000000,0.0000000000,0.0000000000,0.0000000000,0.0000000000,0.0000000000,0.0000000000,0.0000000000,0.0000000000,0.0000000000,0.0000000000,0.0000000000,0.0000000000,0.0000000000,0.0000000000,0.0000000000,0.0000000000,0.0000000000,0.0000000000,0.0000000000,0.0000000000,0.0000000000,0.0000000000,0.0000000000,0.0000000000,0.0000000000,0.0000000000,0.0000000000,0.0000000000,0.0000000000,0.0000000000,0.0000000000,0.0000000000,0.0000000000,0.0000000000,0.0000000000,0.0000000000,0.0000000000,0.0000000000,0.0000000000,0.0000000000,0.0000000000,0.0000000000,0.0000000000,0.0000000000,0.0000000000,0.0000000000,0.0000000000,0.0000000000,0.0000000000,1.0000000000,0.0468168462,0.0224974200,0.0158566722,0.0075773090,0.0040874719,0.0026099177,0.0016393443,0.0010144045,0.0000000000,0.0005797101,0.0002036660,0.0006138735,0.0000000000,0.0000000000,0.0000000000,0.0002032520,0.0000000000,0.0002079434,0.0002023882,0.0005464481,0.0005875441,0.0001328904,0.0002040400,0.0001989654,0.0000000000,0.0002254283,0.0001946661,0.0000000000,0.0000000000,0.0000000000,0.0001579280,0.0000000000,0.0000000000,0.0002058884,0.0000000000,0.0000000000,0.0000000000,0.0000000000,0.0000000000,0.0000000000,0.0001911680,0.0000000000,0.0000000000,0.0000000000,0.0003869969,0.0005713197,0.0000000000,0.0000000000,0.0001945147,0.0002104377,0.0000000000,0.0000000000,0.0001980590,0.0002081599,0.0002125850,0.0002076843,0.0002023063,0.0001964637,0.0000000000,0.0003959612,0.0002100399,0.0002000000,0.0000000000,0.0002060157,0.0000000000,0.0003435246,0.0000000000,0.0000000000,0.0000000000,0.0002061431,0.0001976285,0.0000000000,0.0003644315,0.0000000000,0.0000000000,0.0001886437,0.0003925417,0.0002027164,0.0000000000,0.0002041233,0.0004059265,0.0002055921,0.0006492453,0.0000000000,0.0000000000,0.0000000000,0.0005447612,0.0003797949,0.0001929012,0.0001699813,0.0000000000
0.0000000000,0.0000000000,0.0000000000,0.0000000000,0.0000000000,0.0000000000,0.0000000000,0.0000000000,0.0000000000,0.0000000000,0.0000000000,0.0000000000,0.0000000000,0.0000000000,0.0000000000,0.0000000000,0.0000000000,0.0000000000,0.0000000000,0.0000000000,0.0000000000,0.0000000000,0.0000000000,0.0000000000,0.0000000000,0.0000000000,0.0000000000,0.0000000000,0.0000000000,0.0000000000,0.0000000000,0.0000000000,0.0000000000,0.0000000000,0.0000000000,0.0000000000,0.0000000000,0.0000000000,0.0000000000,0.0000000000,0.0000000000,0.0000000000,0.0000000000,0.0000000000,0.0000000000,0.0000000000,0.0000000000,0.0000000000,0.0000000000,0.0000000000,0.0000000000,0.0000000000,0.0000000000,0.0000000000,0.0000000000,0.0000000000,0.0000000000,0.0000000000,0.0000000000,0.0000000000,0.0000000000,0.0000000000,0.0000000000,0.0000000000,0.0000000000,0.0000000000,0.0000000000,0.0000000000,0.0000000000,1.0000000000,0.0496175721,0.0257841062,0.0129523810,0.0066338135,0.0052199851,0.0030360531,0.0009386146,0.0007377352,0.0007178751,0.0005653977,0.0003783579,0.0001825484,0.0000000000,0.0001828822,0.0000000000,0.0000000000,0.0005763689,0.0000000000,0.0003396162,0.0005450581,0.0001262148,0.0000000000,0.0001843658,0.0000000000,0.0000000000,0.0001806685,0.0001891790,0.0000000000,0.0001923077,0.0001485884,0.0000000000,0.0001848771,0.0000000000,0.0005630631,0.0000000000,0.0002144542,0.0001887861,0.0000000000,0.0000000000,0.0001776514,0.0001727116,0.0000000000,0.0000000000,0.0000000000,0.0001769598,0.0001786671,0.0003610760,0.0001805380,0.0001941748,0.0000000000,0.0000000000,0.0000000000,0.0001922338,0.0001960016,0.0000000000,0.0001872309,0.0001822157,0.0000000000,0.0001834862,0.0000000000,0.0000000000,0.0000000000,0.0000000000,0.0001883239,0.0001607459,0.0001795332,0.0000000000,0.0000000000,0.0001905125,0.0000000000,0.0004358248,0.0000000000,0.0005986829,0.0001785395,0.0000000000,0.0000000000,0.0000000000,0.0001811266,0.0000000000,0.0003755869,0.0000000000,0.0001523926,0.0001796945,0.0001808645,0.0003737619,0.0005080440,0.0000000000,0.0003583587,0.0001592103,0.0000000000
0.0000000000,0.0000000000,0.0000000000,0.0000000000,0.0000000000,0.0000000000,0.0000000000,0.0000000000,0.0000000000,0.0000000000,0.0000000000,0.0000000000,0.0000000000,0.0000000000,0.0000000000,0.0000000000,0.0000000000,0.0000000000,0.0000000000,0.0000000000,0.0000000000,0.0000000000,0.0000000000,0.0000000000,0.0000000000,0.0000000000,0.0000000000,0.0000000000,0.0000000000,0.0000000000,0.0000000000,0.0000000000,0.0000000000,0.0000000000,0.0000000000,0.0000000000,0.0000000000,0.0000000000,0.0000000000,0.0000000000,0.0000000000,0.0000000000,0.0000000000,0.0000000000,0.0000000000,0.0000000000,0.0000000000,0.0000000000,0.0000000000,0.0000000000,0.0000000000,0.0000000000,0.0000000000,0.0000000000,0.0000000000,0.0000000000,0.0000000000,0.0000000000,0.0000000000,0.0000000000,0.0000000000,0.0000000000,0.0000000000,0.0000000000,0.0000000000,0.0000000000,0.0000000000,0.0000000000,0.0000000000,0.0000000000,1.0000000000,0.0537428023,0.0255983351,0.0150577558,0.0072492952,0.0038958376,0.0014184397,0.0011928429,0.0007719027,0.0004067521,0.0000000000,0.0000000000,0.0000000000,0.0000000000,0.0000000000,0.0000000000,0.0002075981,0.0000000000,0.0003637025,0.0003910068,0.0002655337,0.0000000000,0.0000000000,0.0000000000,0.0000000000,0.0001943635,0.0004085802,0.0000000000,0.0004158869,0.0001577287,0.0000000000,0.0000000000,0.0006169031,0.0002024291,0.0001937984,0.0002340276,0.0000000000,0.0000000000,0.0000000000,0.0001908761,0.0001851852,0.0000000000,0.0000000000,0.0000000000,0.0001900779,0.0000000000,0.0000000000,0.0000000000,0.0000000000,0.0000000000,0.0002080732,0.0001977457,0.0002078138,0.0006369427,0.0000000000,0.0000000000,0.0000000000,0.0000000000,0.0000000000,0.0002096876,0.0000000000,0.0000000000,0.0000000000,0.0000000000,0.0001714972,0.0000000000,0.0000000000,0.0000000000,0.0002058037,0.0000000000,0.0000000000,0.0000000000,0.0000000000,0.0000000000,0.0005652911,0.0000000000,0.0000000000,0.0000000000,0.0002037905,0.0002025932,0.0000000000,0.0000000000,0.0000000000,0.0000000000,0.0002015316,0.0001812579,0.0001895735,0.0001926040,0.0001697505,0.0000000000
0.0000000000,0.0000000000,0.0000000000,0.0000000000,0.0000000000,0.0000000000,0.0000000000,0.0000000000,0.0000000000,0.0000000000,0.0000000000,0.0000000000,0.0000000000,0.0000000000,0.0000000000,0.0000000000,0.0000000000,0.0000000000,0.0000000000,0.0000000000,0.0000000000,0.0000000000,0.0000000000,0.0000000000,0.0000000000,0.0000000000,0.0000000000,0.0000000000,0.0000000000,0.0000000000,0.0000000000,0.0000000000,0.0000000000,0.0000000000,0.0000000000,0.0000000000,0.0000000000,0.0000000000,0.0000000000,0.0000000000,0.0000000000,0.0000000000,0.0000000000,0.0000000000,0.0000000000,0.0000000000,0.0000000000,0.0000000000,0.0000000000,0.0000000000,0.0000000000,0.0000000000,0.0000000000,0.0000000000,0.0000000000,0.0000000000,0.0000000000,0.0000000000,0.0000000000,0.0000000000,0.0000000000,0.0000000000,0.0000000000,0.0000000000,0.0000000000,0.0000000000,0.0000000000,0.0000000000,0.0000000000,0.0000000000,0.0000000000,1.0000000000,0.0442647372,0.0240334378,0.0142537161,0.0051546392,0.0034665579,0.0015977631,0.0027179189,0.0012264922,0.0002050861,0.0003947888,0.0004047764,0.0003955696,0.0000000000,0.0004299226,0.0000000000,0.0000000000,0.0000000000,0.0000000000,0.0005326941,0.0000000000,0.0003990423,0.0004314995,0.0000000000,0.0001951600,0.0000000000,0.0000000000,0.0002088119,0.0001582529,0.0002202158,0.0002000800,0.0002064410,0.0004066694,0.0000000000,0.0000000000,0.0004094166,0.0000000000,0.0004158869,0.0000000000,0.0003718855,0.0000000000,0.0001944769,0.0000000000,0.0000000000,0.0000000000,0.0000000000,0.0000000000,0.0002110150,0.0000000000,0.0000000000,0.0005959476,0.0004175365,0.0002131742,0.0002082466,0.0002028398,0.0000000000,0.0000000000,0.0001984521,0.0000000000,0.0000000000,0.0000000000,0.0002065689,0.0000000000,0.0000000000,0.0000000000,0.0000000000,0.0000000000,0.0002066970,0.0000000000,0.0002392917,0.0003661662,0.0000000000,0.0000000000,0.0007568590,0.0001967342,0.0002032520,0.0000000000,0.0000000000,0.0002034588,0.0000000000,0.0000000000,0.0001940241,0.0000000000,0.0000000000,0.0000000000,0.0000000000,0.0000000000,0.0005112474,0.0000000000
0.0000000000,0.0000000000,0.0000000000,0.0000000000,0.0000000000,0.0000000000,0.0000000000,0.0000000000,0.0000000000,0.0000000000,0.0000000000,0.0000000000,0.0000000000,0.0000000000,0.0000000000,0.0000000000,0.0000000000,0.0000000000,0.0000000000,0.0000000000,0.0000000000,0.0000000000,0.0000000000,0.0000000000,0.0000000000,0.0000000000,0.0000000000,0.0000000000,0.0000000000,0.0000000000,0.0000000000,0.0000000000,0.0000000000,0.0000000000,0.0000000000,0.0000000000,0.0000000000,0.0000000000,0.0000000000,0.0000000000,0.0000000000,0.0000000000,0.0000000000,0.0000000000,0.0000000000,0.0000000000,0.0000000000,0.0000000000,0.0000000000,0.0000000000,0.0000000000,0.0000000000,0.0000000000,0.0000000000,0.0000000000,0.0000000000,0.0000000000,0.0000000000,0.0000000000,0.0000000000,0.0000000000,0.0000000000,0.0000000000,0.0000000000,0.0000000000,0.0000000000,0.0000000000,0.0000000000,0.0000000000,0.0000000000,0.0000000000,0.0000000000,1.0000000000,0.0446772125,0.0205423172,0.0135501355,0.0047082907,0.0028067362,0.0023346304,0.0014350144,0.0004113534,0.0001978631,0.0002028809,0.0000000000,0.0000000000,0.0002155172,0.0000000000,0.0000000000,0.0000000000,0.0000000000,0.0001333511,0.0000000000,0.0000000000,0.0002163098,0.0000000000,0.0000000000,0.0000000000,0.0000000000,0.0000000000,0.0001585791,0.0002208481,0.0002006018,0.0000000000,0.0000000000,0.0000000000,0.0002359047,0.0004105090,0.0004046126,0.0000000000,0.0001921230,0.0000000000,0.0000000000,0.0001949698,0.0001944390,0.0000000000,0.0000000000,0.0000000000,0.0001955034,0.0002115954,0.0002041233,0.0002095557,0.0007968127,0.0006281407,0.0004276245,0.0000000000,0.0000000000,0.0000000000,0.0000000000,0.0001989654,0.0002111932,0.0004021717,0.0002033347,0.0000000000,0.0000000000,0.0000000000,0.0003887269,0.0002161228,0.0000000000,0.0000000000,0.0000000000,0.0000000000,0.0000000000,0.0000000000,0.0000000000,0.0005689361,0.0000000000,0.0000000000,0.0000000000,0.0004105090,0.0002039984,0.0000000000,0.0001629195,0.0000000000,0.0001958864,0.0000000000,0.0000000000,0.0003816794,0.0001938736,0.0000000000,0.0000000000
0.0000000000,0.0000000000,0.0000000000,0.0000000000,0.0000000000,0.0000000000,0.0000000000,0.0000000000,0.0000000000,0.0000000000,0.0000000000,0.0000000000,0.0000000000,0.0000000000,0.0000000000,0.0000000000,0.0000000000,0.0000000000,0.0000000000,0.0000000000,0.0000000000,0.0000000000,0.0000000000,0.0000000000,0.0000000000,0.0000000000,0.0000000000,0.0000000000,0.0000000000,0.0000000000,0.0000000000,0.0000000000,0.0000000000,0.0000000000,0.0000000000,0.0000000000,0.0000000000,0.0000000000,0.0000000000,0.0000000000,0.0000000000,0.0000000000,0.0000000000,0.0000000000,0.0000000000,0.0000000000,0.0000000000,0.0000000000,0.0000000000,0.0000000000,0.0000000000,0.0000000000,0.0000000000,0.0000000000,0.0000000000,0.0000000000,0.0000000000,0.0000000000,0.0000000000,0.0000000000,0.0000000000,0.0000000000,0.0000000000,0.0000000000,0.0000000000,0.0000000000,0.0000000000,0.0000000000,0.0000000000,0.0000000000,0.0000000000,0.0000000000,0.0000000000,1.0000000000,0.0468453260,0.0246939637,0.0121850475,0.0074626866,0.0039024390,0.0024660912,0.0010305029,0.0013886134,0.0006097561,0.0003971406,0.0002046245,0.0002158429,0.0004188482,0.0002037490,0.0001831837,0.0000000000,0.0002669871,0.0000000000,0.0002002804,0.0000000000,0.0000000000,0.0000000000,0.0000000000,0.0000000000,0.0000000000,0.0001587554,0.0000000000,0.0000000000,0.0002072968,0.0000000000,0.0001953507,0.0004727015,0.0000000000,0.0000000000,0.0000000000,0.0001923817,0.0000000000,0.0002230152,0.0001952362,0.0000000000,0.0003832152,0.0003872217,0.0000000000,0.0000000000,0.0002119093,0.0004089143,0.0002098636,0.0001993620,0.0000000000,0.0002140869,0.0000000000,0.0000000000,0.0001977457,0.0000000000,0.0001992429,0.0000000000,0.0000000000,0.0002036245,0.0002074258,0.0004100041,0.0001727116,0.0001945904,0.0004329942,0.0002595380,0.0002075550,0.0003979308,0.0000000000,0.0000000000,0.0002182453,0.0000000000,0.0001898254,0.0000000000,0.0000000000,0.0000000000,0.0000000000,0.0000000000,0.0006212466,0.0001631055,0.0000000000,0.0000000000,0.0002032107,0.0001826150,0.0000000000,0.0001941371,0.0000000000,0.0000000000
0.0000000000,0.0000000000,0.0000000000,0.0000000000,0.0000000000,0.0000000000,0.0000000000,0.0000000000,0.0000000000,0.0000000000,0.0000000000,0.0000000000,0.0000000000,0.0000000000,0.0000000000,0.0000000000,0.0000000000,0.0000000000,0.0000000000,0.0000000000,0.0000000000,0.0000000000,0.0000000000,0.0000000000,0.0000000000,0.0000000000,0.0000000000,0.0000000000,0.0000000000,0.0000000000,0.0000000000,0.0000000000,0.0000000000,0.0000000000,0.0000000000,0.0000000000,0.0000000000,0.0000000000,0.0000000000,0.0000000000,0.0000000000,0.0000000000,0.0000000000,0.0000000000,0.0000000000,0.0000000000,0.0000000000,0.0000000000,0.0000000000,0.0000000000,0.0000000000,0.0000000000,0.0000000000,0.0000000000,0.0000000000,0.0000000000,0.0000000000,0.0000000000,0.0000000000,0.0000000000,0.0000000000,0.0000000000,0.0000000000,0.0000000000,0.0000000000,0.0000000000,0.0000000000,0.0000000000,0.0000000000,0.0000000000,0.0000000000,0.0000000000,0.0000000000,0.0000000000,1.0000000000,0.0475382003,0.0213202132,0.0129714628,0.0092699884,0.0040494027,0.0022325959,0.0019535065,0.0008000000,0.0005863956,0.0002012882,0.0000000000,0.0002058884,0.0002004410,0.0001805054,0.0000000000,0.0001320481,0.0002020610,0.0000000000,0.0002129019,0.0002230152,0.0003858025,0.0000000000,0.0000000000,0.0000000000,0.0000000000,0.0000000000,0.0000000000,0.0000000000,0.0008036970,0.0001923077,0.0002318572,0.0000000000,0.0000000000,0.0000000000,0.0001894298,0.0007356998,0.0000000000,0.0000000000,0.0000000000,0.0000000000,0.0003812429,0.0000000000,0.0000000000,0.0000000000,0.0004022526,0.0002063558,0.0001961938,0.0002061006,0.0000000000,0.0000000000,0.0002003606,0.0001946283,0.0000000000,0.0001960784,0.0000000000,0.0003962750,0.0002003205,0.0004080800,0.0006050827,0.0001703287,0.0003832152,0.0000000000,0.0002541942,0.0000000000,0.0001957713,0.0000000000,0.0000000000,0.0000000000,0.0000000000,0.0003739716,0.0000000000,0.0000000000,0.0003868472,0.0002021427,0.0002009646,0.0002035831,0.0001609788,0.0001917546,0.0001930875,0.0000000000,0.0001799532,0.0003763643,0.0003823361,0.0001686056,0.0000000000
0.0000000000,0.0000000000,0.0000000000,0.0000000000,0.0000000000,0.0000000000,0.0000000000,0.0000000000,0.0000000000,0.0000000000,0.0000000000,0.0000000000,0.0000000000,0.0000000000,0.0000000000,0.0000000000,0.0000000000,0.0000000000,0.0000000000,0.0000000000,0.0000000000,0.0000000000,0.0000000000,0.0000000000,0.0000000000,0.0000000000,0.0000000000,0.0000000000,0.0000000000,0.0000000000,0.0000000000,0.0000000000,0.0000000000,0.0000000000,0.0000000000,0.0000000000,0.0000000000,0.0000000000,0.0000000000,0.0000000000,0.0000000000,0.0000000000,0.0000000000,0.0000000000,0.0000000000,0.0000000000,0.0000000000,0.0000000000,0.0000000000,0.0000000000,0.0000000000,0.0000000000,0.0000000000,0.0000000000,0.0000000000,0.0000000000,0.0000000000,0.0000000000,0.0000000000,0.0000000000,0.0000000000,0.0000000000,0.0000000000,0.0000000000,0.0000000000,0.0000000000,0.0000000000,0.0000000000,0.0000000000,0.0000000000,0.0000000000,0.0000000000,0.0000000000,0.0000000000,0.0000000000,1.0000000000,0.0452304394,0.0203243687,0.0126582278,0.0049699731,0.0031139714,0.0031955263,0.0008173273,0.0003991219,0.0002056767,0.0002170139,0.0000000000,0.0000000000,0.0000000000,0.0000000000,0.0000000000,0.0000000000,0.0002012882,0.0000000000,0.0000000000,0.0000000000,0.0002070393,0.0002164502,0.0002107926,0.0001593880,0.0004449388,0.0000000000,0.0000000000,0.0000000000,0.0000000000,0.0000000000,0.0000000000,0.0004072490,0.0000000000,0.0000000000,0.0001874766,0.0000000000,0.0000000000,0.0000000000,0.0000000000,0.0001945147,0.0000000000,0.0001967342,0.0000000000,0.0000000000,0.0002109705,0.0000000000,0.0000000000,0.0000000000,0.0002102165,0.0004095004,0.0000000000,0.0000000000,0.0002002403,0.0000000000,0.0004047764,0.0002046664,0.0004171011,0.0004121162,0.0000000000,0.0001955417,0.0000000000,0.0002612330,0.0000000000,0.0001999200,0.0000000000,0.0000000000,0.0002194426,0.0001943635,0.0001907305,0.0001984915,0.0000000000,0.0001974334,0.0002065689,0.0004107620,0.0002080732,0.0000000000,0.0000000000,0.0001971220,0.0004085802,0.0003669725,0.0001919754,0.0000000000,0.0001716738,0.0000000000
0.0000000000,0.0000000000,0.0000000000,0.0000000000,0.0000000000,0.0000000000,0.0000000000,0.0000000000,0.0000000000,0.0000000000,0.0000000000,0.0000000000,0.0000000000,0.0000000000,0.0000000000,0.0000000000,0.0000000000,0.0000000000,0.0000000000,0.0000000000,0.0000000000,0.0000000000,0.0000000000,0.0000000000,0.0000000000,0.0000000000,0.0000000000,0.0000000000,0.0000000000,0.0000000000,0.0000000000,0.0000000000,0.0000000000,0.0000000000,0.0000000000,0.0000000000,0.0000000000,0.0000000000,0.0000000000,0.0000000000,0.0000000000,0.0000000000,0.0000000000,0.0000000000,0.0000000000,0.0000000000,0.0000000000,0.0000000000,0.0000000000,0.0000000000,0.0000000000,0.0000000000,0.0000000000,0.0000000000,0.0000000000,0.0000000000,0.0000000000,0.0000000000,0.0000000000,0.0000000000,0.0000000000,0.0000000000,0.0000000000,0.0000000000,0.0000000000,0.0000000000,0.0000000000,0.0000000000,0.0000000000,0.0000000000,0.0000000000,0.0000000000,0.0000000000,0.0000000000,0.0000000000,0.0000000000,1.0000000000,0.0467445743,0.0215542812,0.0115630807,0.0072269255,0.0047571853,0.0020267531,0.0009893154,0.0004075810,0.0000000000,0.0002084636,0.0000000000,0.0003650301,0.0003925417,0.0003994142,0.0000000000,0.0003989627,0.0002156567,0.0002260398,0.0000000000,0.0004102564,0.0002143163,0.0002087683,0.0000000000,0.0002201673,0.0000000000,0.0000000000,0.0000000000,0.0001945525,0.0002351281,0.0000000000,0.0000000000,0.0002078570,0.0000000000,0.0000000000,0.0002219756,0.0001944390,0.0001939112,0.0001908033,0.0000000000,0.0001949318,0.0003900156,0.0002109705,0.0000000000,0.0004179728,0.0001985309,0.0000000000,0.0000000000,0.0002082032,0.0000000000,0.0000000000,0.0000000000,0.0003969041,0.0002105706,0.0004010427,0.0002027575,0.0002065262,0.0002040816,0.0001720874,0.0000000000,0.0000000000,0.0002581311,0.0002066543,0.0000000000,0.0000000000,0.0000000000,0.0000000000,0.0000000000,0.0001890717,0.0000000000,0.0002032107,0.0000000000,0.0000000000,0.0002034174,0.0000000000,0.0001625488,0.0000000000,0.0000000000,0.0000000000,0.0001819174,0.0001902950,0.0000000000,0.0001703287,0.0000000000
0.0000000000,0.0000000000,0.0000000000,0.0000000000,0.0000000000,0.0000000000,0.0000000000,0.0000000000,0.0000000000,0.0000000000,0.0000000000,0.0000000000,0.0000000000,0.0000000000,0.0000000000,0.0000000000,0.0000000000,0.0000000000,0.0000000000,0.0000000000,0.0000000000,0.0000000000,0.0000000000,0.0000000000,0.0000000000,0.0000000000,0.0000000000,0.0000000000,0.0000000000,0.0000000000,0.0000000000,0.0000000000,0.0000000000,0.0000000000,0.0000000000,0.0000000000,0.0000000000,0.0000000000,0.0000000000,0.0000000000,0.0000000000,0.0000000000,0.0000000000,0.0000000000,0.0000000000,0.0000000000,0.0000000000,0.0000000000,0.0000000000,0.0000000000,0.0000000000,0.0000000000,0.0000000000,0.0000000000,0.0000000000,0.0000000000,0.0000000000,0.0000000000,0.0000000000,0.0000000000,0.0000000000,0.0000000000,0.0000000000,0.0000000000,0.0000000000,0.0000000000,0.0000000000,0.0000000000,0.0000000000,0.0000000000,0.0000000000,0.0000000000,0.0000000000,0.0000000000,0.0000000000,0.0000000000,0.0000000000,1.0000000000,0.0444797458,0.0202288517,0.0107745477,0.0070216501,0.0017896202,0.0007768499,0.0008001600,0.0002106150,0.0006136224,0.0003982477,0.0000000000,0.0000000000,0.0002629503,0.0000000000,0.0000000000,0.0002113718,0.0002213369,0.0003832886,0.0002012072,0.0008408661,0.0000000000,0.0001559089,0.0000000000,0.0000000000,0.0000000000,0.0000000000,0.0000000000,0.0002300437,0.0000000000,0.0000000000,0.0000000000,0.0000000000,0.0001826818,0.0000000000,0.0000000000,0.0000000000,0.0001874414,0.0000000000,0.0003829217,0.0001914608,0.0000000000,0.0000000000,0.0002049180,0.0000000000,0.0002046664,0.0000000000,0.0000000000,0.0003980892,0.0000000000,0.0000000000,0.0005845674,0.0000000000,0.0003936233,0.0005971338,0.0006080259,0.0004005608,0.0001693480,0.0001903312,0.0004224757,0.0002520161,0.0000000000,0.0001944769,0.0002339729,0.0000000000,0.0000000000,0.0003785011,0.0001857700,0.0003863241,0.0001994018,0.0000000000,0.0000000000,0.0001996008,0.0004044489,0.0006407176,0.0001905125,0.0003837299,0.0000000000,0.0000000000,0.0001869508,0.0000000000,0.0001676446,0.0000000000
0.0000000000,0.0000000000,0.0000000000,0.0000000000,0.0000000000,0.0000000000,0.0000000000,0.0000000000,0.0000000000,0.0000000000,0.0000000000,0.0000000000,0.0000000000,0.0000000000,0.0000000000,0.0000000000,0.0000000000,0.0000000000,0.0000000000,0.0000000000,0.0000000000,0.0000000000,0.0000000000,0.0000000000,0.0000000000,0.0000000000,0.0000000000,0.0000000000,0.0000000000,0.0000000000,0.0000000000,0.0000000000,0.0000000000,0.0000000000,0.0000000000,0.0000000000,0.0000000000,0.0000000000,0.0000000000,0.0000000000,0.0000000000,0.0000000000,0.0000000000,0.0000000000,0.0000000000,0.0000000000,0.0000000000,0.0000000000,0.0000000000,0.0000000000,0.0000000000,0.0000000000,0.0000000000,0.0000000000,0.0000000000,0.0000000000,0.0000000000,0.0000000000,0.0000000000,0.0000000000,0.0000000000,0.0000000000,0.0000000000,0.0000000000,0.0000000000,0.0000000000,0.0000000000,0.0000000000,0.0000000000,0.0000000000,0.0000000000,0.0000000000,0.0000000000,0.0000000000,0.0000000000,0.0000000000,0.0000000000,0.0000000000,1.0000000000,0.0472408878,0.0211323764,0.0114220445,0.0034816248,0.0022680023,0.0005825243,0.0002041650,0.0003968254,0.0005801586,0.0000000000,0.0001872659,0.0003868472,0.0001948178,0.0000000000,0.0004098361,0.0000000000,0.0001862544,0.0000000000,0.0002036660,0.0001986492,0.0000000000,0.0002089427,0.0000000000,0.0001965023,0.0000000000,0.0000000000,0.0000000000,0.0000000000,0.0000000000,0.0000000000,0.0000000000,0.0000000000,0.0002105706,0.0000000000,0.0000000000,0.0000000000,0.0001841282,0.0000000000,0.0005585552,0.0002006421,0.0000000000,0.0003976934,0.0001893581,0.0000000000,0.0000000000,0.0001981375,0.0001932367,0.0001878993,0.0000000000,0.0003785728,0.0000000000,0.0001911315,0.0000000000,0.0001966182,0.0000000000,0.0000000000,0.0000000000,0.0002047083,0.0000000000,0.0001967342,0.0001889645,0.0000000000,0.0000000000,0.0000000000,0.0000000000,0.0000000000,0.0003754458,0.0000000000,0.0000000000,0.0000000000,0.0001937984,0.0001962323,0.0001563477,0.0001852195,0.0000000000,0.0000000000,0.0000000000,0.0000000000,0.0000000000,0.0003271181,0.0000000000
0.0000000000,0.0000000000,0.0000000000,0.0000000000,0.0000000000,0.0000000000,0.0000000000,0.0000000000,0.0000000000,0.0000000000,0.0000000000,0.0000000000,0.0000000000,0.0000000000,0.0000000000,0.0000000000,0.0000000000,0.0000000000,0.0000000000,0.0000000000,0.0000000000,0.0000000000,0.0000000000,0.0000000000,0.0000000000,0.0000000000,0.0000000000,0.0000000000,0.0000000000,0.0000000000,0.0000000000,0.0000000000,0.0000000000,0.0000000000,0.0000000000,0.0000000000,0.0000000000,0.0000000000,0.0000000000,0.0000000000,0.0000000000,0.0000000000,0.0000000000,0.0000000000,0.0000000000,0.0000000000,0.0000000000,0.0000000000,0.0000000000,0.0000000000,0.0000000000,0.0000000000,0.0000000000,0.0000000000,0.0000000000,0.0000000000,0.0000000000,0.0000000000,0.0000000000,0.0000000000,0.0000000000,0.0000000000,0.0000000000,0.0000000000,0.0000000000,0.0000000000,0.0000000000,0.0000000000,0.0000000000,0.0000000000,0.0000000000,0.0000000000,0.0000000000,0.0000000000,0.0000000000,0.0000000000,0.0000000000,0.0000000000,0.0000000000,1.0000000000,0.0438615352,0.0183652876,0.0110951305,0.0063948841,0.0026677611,0.0008643042,0.0006286672,0.0004077472,0.0001832509,0.0001971220,0.0004006410,0.0006167763,0.0000000000,0.0000000000,0.0000000000,0.0000000000,0.0002060581,0.0002153780,0.0000000000,0.0000000000,0.0000000000,0.0000000000,0.0000000000,0.0000000000,0.0001954270,0.0000000000,0.0002055921,0.0000000000,0.0002088555,0.0000000000,0.0000000000,0.0000000000,0.0000000000,0.0001947799,0.0003833621,0.0000000000,0.0000000000,0.0000000000,0.0002119992,0.0000000000,0.0000000000,0.0000000000,0.0000000000,0.0002141786,0.0000000000,0.0000000000,0.0000000000,0.0000000000,0.0000000000,0.0004232804,0.0002014099,0.0000000000,0.0002075119,0.0002050441,0.0000000000,0.0001946661,0.0000000000,0.0000000000,0.0000000000,0.0000000000,0.0000000000,0.0000000000,0.0000000000,0.0000000000,0.0001898975,0.0001975894,0.0000000000,0.0000000000,0.0000000000,0.0002043736,0.0002070822,0.0001631588,0.0000000000,0.0001962323,0.0000000000,0.0000000000,0.0000000000,0.0001942125,0.0000000000,0.0000000000
0.0000000000,0.0000000000,0.0000000000,0.0000000000,0.0000000000,0.0000000000,0.0000000000,0.0000000000,0.0000000000,0.0000000000,0.0000000000,0.0000000000,0.0000000000,0.0000000000,0.0000000000,0.0000000000,0.0000000000,0.0000000000,0.0000000000,0.0000000000,0.0000000000,0.0000000000,0.0000000000,0.0000000000,0.0000000000,0.0000000000,0.0000000000,0.0000000000,0.0000000000,0.0000000000,0.0000000000,0.0000000000,0.0000000000,0.0000000000,0.0000000000,0.0000000000,0.0000000000,0.0000000000,0.0000000000,0.0000000000,0.0000000000,0.0000000000,0.0000000000,0.0000000000,0.0000000000,0.0000000000,0.0000000000,0.0000000000,0.0000000000,0.0000000000,0.0000000000,0.0000000000,0.0000000000,0.0000000000,0.0000000000,0.0000000000,0.0000000000,0.0000000000,0.0000000000,0.0000000000,0.0000000000,0.0000000000,0.0000000000,0.0000000000,0.0000000000,0.0000000000,0.0000000000,0.0000000000,0.0000000000,0.0000000000,0.0000000000,0.0000000000,0.0000000000,0.0000000000,0.0000000000,0.0000000000,0.0000000000,0.0000000000,0.0000000000,0.0000000000,1.0000000000,0.0503762542,0.0223242228,0.0094605475,0.0043352601,0.0026092629,0.0021079258,0.0010243802,0.0001839588,0.0003959612,0.0000000000,0.0002063983,0.0000000000,0.0000000000,0.0000000000,0.0000000000,0.0004139930,0.0002163566,0.0000000000,0.0000000000,0.0000000000,0.0000000000,0.0000000000,0.0002050861,0.0001962323,0.0000000000,0.0000000000,0.0000000000,0.0000000000,0.0001932367,0.0001874063,0.0000000000,0.0000000000,0.0005869693,0.0000000000,0.0001944390,0.0000000000,0.0000000000,0.0000000000,0.0000000000,0.0000000000,0.0000000000,0.0000000000,0.0002151463,0.0000000000,0.0000000000,0.0000000000,0.0000000000,0.0002001601,0.0002125399,0.0002022654,0.0004092490,0.0000000000,0.0000000000,0.0003468609,0.0000000000,0.0000000000,0.0000000000,0.0000000000,0.0000000000,0.0000000000,0.0000000000,0.0004387889,0.0000000000,0.0001906578,0.0001984127,0.0000000000,0.0001973554,0.0000000000,0.0000000000,0.0002079867,0.0000000000,0.0000000000,0.0001970443,0.0000000000,0.0000000000,0.0000000000,0.0000000000,0.0001716149,0.0000000000
0.0000000000,0.0000000000,0.0000000000,0.0000000000,0.0000000000,0.0000000000,0.0000000000,0.0000000000,0.0000000000,0.0000000000,0.0000000000,0.0000000000,0.0000000000,0.0000000000,0.0000000000,0.0000000000,0.0000000000,0.0000000000,0.0000000000,0.0000000000,0.0000000000,0.0000000000,0.0000000000,0.0000000000,0.0000000000,0.0000000000,0.0000000000,0.0000000000,0.0000000000,0.0000000000,0.0000000000,0.0000000000,0.0000000000,0.0000000000,0.0000000000,0.0000000000,0.0000000000,0.0000000000,0.0000000000,0.0000000000,0.0000000000,0.0000000000,0.0000000000,0.0000000000,0.0000000000,0.0000000000,0.0000000000,0.0000000000,0.0000000000,0.0000000000,0.0000000000,0.0000000000,0.0000000000,0.0000000000,0.0000000000,0.0000000000,0.0000000000,0.0000000000,0.0000000000,0.0000000000,0.0000000000,0.0000000000,0.0000000000,0.0000000000,0.0000000000,0.0000000000,0.0000000000,0.0000000000,0.0000000000,0.0000000000,0.0000000000,0.0000000000,0.0000000000,0.0000000000,0.0000000000,0.0000000000,0.0000000000,0.0000000000,0.0000000000,0.0000000000,0.0000000000,1.0000000000,0.0419566107,0.0187866928,0.0101898102,0.0043923865,0.0020263425,0.0009858044,0.0007112376,0.0003815338,0.0005223978,0.0001985703,0.0001937609,0.0000000000,0.0000000000,0.0001896813,0.0000000000,0.0002077706,0.0002025522,0.0003093102,0.0004266212,0.0000000000,0.0000000000,0.0000000000,0.0000000000,0.0000000000,0.0000000000,0.0000000000,0.0000000000,0.0005592841,0.0000000000,0.0000000000,0.0001890359,0.0000000000,0.0000000000,0.0000000000,0.0001895016,0.0000000000,0.0000000000,0.0000000000,0.0008113590,0.0000000000,0.0000000000,0.0000000000,0.0000000000,0.0000000000,0.0000000000,0.0000000000,0.0001927897,0.0002042484,0.0000000000,0.0001968892,0.0000000000,0.0001981375,0.0000000000,0.0001884304,0.0000000000,0.0000000000,0.0002005616,0.0000000000,0.0000000000,0.0000000000,0.0006318450,0.0001873361,0.0000000000,0.0000000000,0.0001973165,0.0001901864,0.0000000000,0.0001975114,0.0000000000,0.0000000000,0.0001886081,0.0000000000,0.0001965023,0.0003544214,0.0001851166,0.0001880053,0.0003323916,0.0000000000
0.0000000000,0.0000000000,0.0000000000,0.0000000000,0.0000000000,0.0000000000,0.0000000000,0.0000000000,0.0000000000,0.0000000000,0.0000000000,0.0000000000,0.0000000000,0.0000000000,0.0000000000,0.0000000000,0.0000000000,0.0000000000,0.0000000000,0.0000000000,0.0000000000,0.0000000000,0.0000000000,0.0000000000,0.0000000000,0.0000000000,0.0000000000,0.0000000000,0.0000000000,0.0000000000,0.0000000000,0.0000000000,0.0000000000,0.0000000000,0.0000000000,0.0000000000,0.0000000000,0.0000000000,0.0000000000,0.0000000000,0.0000000000,0.0000000000,0.0000000000,0.0000000000,0.0000000000,0.0000000000,0.0000000000,0.0000000000,0.0000000000,0.0000000000,0.0000000000,0.0000000000,0.0000000000,0.0000000000,0.0000000000,0.0000000000,0.0000000000,0.0000000000,0.0000000000,0.0000000000,0.0000000000,0.0000000000,0.0000000000,0.0000000000,0.0000000000,0.0000000000,0.0000000000,0.0000000000,0.0000000000,0.0000000000,0.0000000000,0.0000000000,0.0000000000,0.0000000000,0.0000000000,0.0000000000,0.0000000000,0.0000000000,0.0000000000,0.0000000000,0.0000000000,0.0000000000,1.0000000000,0.0500103327,0.0194335332,0.0101511879,0.0056332151,0.0024291498,0.0016381507,0.0003908540,0.0005310674,0.0004073320,0.0005959476,0.0002146383,0.0004499438,0.0001942879,0.0000000000,0.0002133106,0.0002078138,0.0001576790,0.0000000000,0.0000000000,0.0000000000,0.0000000000,0.0001937234,0.0000000000,0.0002037075,0.0000000000,0.0000000000,0.0003816794,0.0001851166,0.0000000000,0.0001936108,0.0000000000,0.0000000000,0.0000000000,0.0003882741,0.0000000000,0.0002099958,0.0002026342,0.0002079867,0.0000000000,0.0002077275,0.0004243582,0.0000000000,0.0000000000,0.0001960784,0.0001846040,0.0003951788,0.0004192872,0.0001996008,0.0004037957,0.0002055921,0.0004064215,0.0003429355,0.0000000000,0.0000000000,0.0000000000,0.0000000000,0.0001972387,0.0000000000,0.0000000000,0.0000000000,0.0000000000,0.0000000000,0.0000000000,0.0002023063,0.0000000000,0.0000000000,0.0004051043,0.0004104248,0.0003239916,0.0000000000,0.0000000000,0.0000000000,0.0000000000,0.0000000000,0.0000000000,0.0000000000,0.0000000000
0.0000000000,0.0000000000,0.0000000000,0.0000000000,0.0000000000,0.0000000000,0.0000000000,0.0000000000,0.0000000000,0.0000000000,0.0000000000,0.0000000000,0.0000000000,0.0000000000,0.0000000000,0.0000000000,0.0000000000,0.0000000000,0.0000000000,0.0000000000,0.0000000000,0.0000000000,0.0000000000,0.0000000000,0.0000000000,0.0000000000,0.0000000000,0.0000000000,0.0000000000,0.0000000000,0.0000000000,0.0000000000,0.0000000000,0.0000000000,0.0000000000,0.0000000000,0.0000000000,0.0000000000,0.0000000000,0.0000000000,0.0000000000,0.0000000000,0.0000000000,0.0000000000,0.0000000000,0.0000000000,0.0000000000,0.0000000000,0.0000000000,0.0000000000,0.0000000000,0.0000000000,0.0000000000,0.0000000000,0.0000000000,0.0000000000,0.0000000000,0.0000000000,0.0000000000,0.0000000000,0.0000000000,0.0000000000,0.0000000000,0.0000000000,0.0000000000,0.0000000000,0.0000000000,0.0000000000,0.0000000000,0.0000000000,0.0000000000,0.0000000000,0.0000000000,0.0000000000,0.0000000000,0.0000000000,0.0000000000,0.0000000000,0.0000000000,0.0000000000,0.0000000000,0.0000000000,0.0000000000,1.0000000000,0.0497191596,0.0217484009,0.0106491911,0.0057562525,0.0032142857,0.0009562058,0.0002614721,0.0001989654,0.0003883495,0.0002094680,0.0000000000,0.0000000000,0.0000000000,0.0000000000,0.0000000000,0.0000000000,0.0002137209,0.0000000000,0.0002007226,0.0001977457,0.0000000000,0.0002277904,0.0000000000,0.0001962709,0.0002021019,0.0000000000,0.0001812579,0.0000000000,0.0000000000,0.0000000000,0.0000000000,0.0000000000,0.0001898614,0.0003798670,0.0002050441,0.0001980198,0.0000000000,0.0000000000,0.0000000000,0.0002070822,0.0000000000,0.0001973165,0.0003835827,0.0000000000,0.0000000000,0.0000000000,0.0000000000,0.0001972776,0.0002008435,0.0001985309,0.0003363040,0.0001887861,0.0000000000,0.0000000000,0.0002009646,0.0001928640,0.0002316423,0.0000000000,0.0002109705,0.0001876877,0.0000000000,0.0003831418,0.0001977066,0.0001905488,0.0001990446,0.0000000000,0.0002004410,0.0001590078,0.0000000000,0.0001902588,0.0001968892,0.0000000000,0.0003709887,0.0000000000,0.0001664447,0.0003371544
0.0000000000,0.0000000000,0.0000000000,0.0000000000,0.0000000000,0.0000000000,0.0000000000,0.0000000000,0.0000000000,0.0000000000,0.0000000000,0.0000000000,0.0000000000,0.0000000000,0.0000000000,0.0000000000,0.0000000000,0.0000000000,0.0000000000,0.0000000000,0.0000000000,0.0000000000,0.0000000000,0.0000000000,0.0000000000,0.0000000000,0.0000000000,0.0000000000,0.0000000000,0.0000000000,0.0000000000,0.0000000000,0.0000000000,0.0000000000,0.0000000000,0.0000000000,0.0000000000,0.0000000000,0.0000000000,0.0000000000,0.0000000000,0.0000000000,0.0000000000,0.0000000000,0.0000000000,0.0000000000,0.0000000000,0.0000000000,0.0000000000,0.0000000000,0.0000000000,0.0000000000,0.0000000000,0.0000000000,0.0000000000,0.0000000000,0.0000000000,0.0000000000,0.0000000000,0.0000000000,0.0000000000,0.0000000000,0.0000000000,0.0000000000,0.0000000000,0.0000000000,0.0000000000,0.0000000000,0.0000000000,0.0000000000,0.0000000000,0.0000000000,0.0000000000,0.0000000000,0.0000000000,0.0000000000,0.0000000000,0.0000000000,0.0000000000,0.0000000000,0.0000000000,0.0000000000,0.0000000000,0.0000000000,1.0000000000,0.0507016750,0.0209088969,0.0108963816,0.0077405087,0.0029591635,0.0010676632,0.0014373717,0.0010006004,0.0000000000,0.0004535147,0.0005870841,0.0004113534,0.0002149151,0.0000000000,0.0000000000,0.0000000000,0.0002005616,0.0004139930,0.0000000000,0.0000000000,0.0000000000,0.0000000000,0.0000000000,0.0002084202,0.0003842459,0.0000000000,0.0000000000,0.0001949318,0.0000000000,0.0000000000,0.0001932741,0.0000000000,0.0001954652,0.0000000000,0.0000000000,0.0000000000,0.0000000000,0.0000000000,0.0000000000,0.0004176237,0.0002033347,0.0001974334,0.0000000000,0.0000000000,0.0000000000,0.0000000000,0.0000000000,0.0000000000,0.0000000000,0.0005175983,0.0001942879,0.0002160761,0.0000000000,0.0002072109,0.0000000000,0.0000000000,0.0000000000,0.0002178649,0.0001931248,0.0001895375,0.0000000000,0.0000000000,0.0001961554,0.0002051703,0.0000000000,0.0002066543,0.0003258390,0.0000000000,0.0001958480,0.0002028809,0.0000000000,0.0003816066,0.0001938360,0.0000000000,0.0000000000
0.0000000000,0.0000000000,0.0000000000,0.0000000000,0.0000000000,0.0000000000,0.0000000000,0.0000000000,0.0000000000,0.0000000000,0.0000000000,0.0000000000,0.0000000000,0.0000000000,0.0000000000,0.0000000000,0.0000000000,0.0000000000,0.0000000000,0.0000000000,0.0000000000,0.0000000000,0.0000000000,0.0000000000,0.0000000000,0.0000000000,0.0000000000,0.0000000000,0.0000000000,0.0000000000,0.0000000000,0.0000000000,0.0000000000,0.0000000000,0.0000000000,0.0000000000,0.0000000000,0.0000000000,0.0000000000,0.0000000000,0.0000000000,0.0000000000,0.0000000000,0.0000000000,0.0000000000,0.0000000000,0.0000000000,0.0000000000,0.0000000000,0.0000000000,0.0000000000,0.0000000000,0.0000000000,0.0000000000,0.0000000000,0.0000000000,0.0000000000,0.0000000000,0.0000000000,0.0000000000,0.0000000000,0.0000000000,0.0000000000,0.0000000000,0.0000000000,0.0000000000,0.0000000000,0.0000000000,0.0000000000,0.0000000000,0.0000000000,0.0000000000,0.0000000000,0.0000000000,0.0000000000,0.0000000000,0.0000000000,0.0000000000,0.0000000000,0.0000000000,0.0000000000,0.0000000000,0.0000000000,0.0000000000,0.0000000000,1.0000000000,0.0387436956,0.0179000218,0.0089009288,0.0035321006,0.0012434374,0.0026024723,0.0021105952,0.0004577707,0.0002405581,0.0002058460,0.0004340278,0.0002273244,0.0004422822,0.0000000000,0.0000000000,0.0000000000,0.0004369674,0.0000000000,0.0004105090,0.0000000000,0.0000000000,0.0000000000,0.0002200704,0.0000000000,0.0000000000,0.0002359604,0.0002050861,0.0000000000,0.0002010454,0.0000000000,0.0000000000,0.0002056767,0.0004472272,0.0002152389,0.0002212879,0.0000000000,0.0000000000,0.0002259887,0.0000000000,0.0002144082,0.0004158004,0.0000000000,0.0000000000,0.0002231147,0.0002118195,0.0000000000,0.0002185792,0.0000000000,0.0003608154,0.0004088307,0.0004573519,0.0002772387,0.0000000000,0.0002091613,0.0000000000,0.0000000000,0.0000000000,0.0002030869,0.0001991239,0.0002075981,0.0000000000,0.0004129672,0.0002164502,0.0002151000,0.0006545931,0.0001699235,0.0004092490,0.0002061006,0.0000000000,0.0000000000,0.0004010427,0.0000000000,0.0003569516,0.0000000000
0.0000000000,0.0000000000,0.0000000000,0.0000000000,0.0000000000,0.0000000000,0.0000000000,0.0000000000,0.0000000000,0.0000000000,0.0000000000,0.0000000000,0.0000000000,0.0000000000,0.0000000000,0.0000000000,0.0000000000,0.0000000000,0.0000000000,0.0000000000,0.0000000000,0.0000000000,0.0000000000,0.0000000000,0.0000000000,0.0000000000,0.0000000000,0.0000000000,0.0000000000,0.0000000000,0.0000000000,0.0000000000,0.0000000000,0.0000000000,0.0000000000,0.0000000000,0.0000000000,0.0000000000,0.0000000000,0.0000000000,0.0000000000,0.0000000000,0.0000000000,0.0000000000,0.0000000000,0.0000000000,0.0000000000,0.0000000000,0.0000000000,0.0000000000,0.0000000000,0.0000000000,0.0000000000,0.0000000000,0.0000000000,0.0000000000,0.0000000000,0.0000000000,0.0000000000,0.0000000000,0.0000000000,0.0000000000,0.0000000000,0.0000000000,0.0000000000,0.0000000000,0.0000000000,0.0000000000,0.0000000000,0.0000000000,0.0000000000,0.0000000000,0.0000000000,0.0000000000,0.0000000000,0.0000000000,0.0000000000,0.0000000000,0.0000000000,0.0000000000,0.0000000000,0.0000000000,0.0000000000,0.0000000000,0.0000000000,0.0000000000,1.0000000000,0.0368932039,0.0196041112,0.0091314935,0.0021697857,0.0044257113,0.0022540984,0.0002215821,0.0002325581,0.0004000000,0.0002104377,0.0000000000,0.0000000000,0.0001613944,0.0002263468,0.0002051282,0.0000000000,0.0004171011,0.0000000000,0.0002421894,0.0000000000,0.0004138216,0.0006403415,0.0000000000,0.0001902588,0.0000000000,0.0000000000,0.0000000000,0.0001954270,0.0000000000,0.0001997603,0.0001998002,0.0000000000,0.0000000000,0.0000000000,0.0006108735,0.0006429490,0.0004379242,0.0004275331,0.0006243496,0.0006058158,0.0000000000,0.0002034174,0.0000000000,0.0000000000,0.0002079867,0.0002119542,0.0002093802,0.0000000000,0.0000000000,0.0002213859,0.0002666667,0.0002120891,0.0004062563,0.0000000000,0.0000000000,0.0002232641,0.0000000000,0.0000000000,0.0006050827,0.0002084636,0.0006018054,0.0000000000,0.0000000000,0.0002115059,0.0000000000,0.0003976143,0.0004004806,0.0002075550,0.0001861158,0.0003898635,0.0001980983,0.0008706251,0.0003696858
0.0000000000,0.0000000000,0.0000000000,0.0000000000,0.0000000000,0.0000000000,0.0000000000,0.0000000000,0.0000000000,0.0000000000,0.0000000000,0.0000000000,0.0000000000,0.0000000000,0.0000000000,0.0000000000,0.0000000000,0.0000000000,0.0000000000,0.0000000000,0.0000000000,0.0000000000,0.0000000000,0.0000000000,0.0000000000,0.0000000000,0.0000000000,0.0000000000,0.0000000000,0.0000000000,0.0000000000,0.0000000000,0.0000000000,0.0000000000,0.0000000000,0.0000000000,0.0000000000,0.0000000000,0.0000000000,0.0000000000,0.0000000000,0.0000000000,0.0000000000,0.0000000000,0.0000000000,0.0000000000,0.0000000000,0.0000000000,0.0000000000,0.0000000000,0.0000000000,0.0000000000,0.0000000000,0.0000000000,0.0000000000,0.0000000000,0.0000000000,0.0000000000,0.0000000000,0.0000000000,0.0000000000,0.0000000000,0.0000000000,0.0000000000,0.0000000000,0.0000000000,0.0000000000,0.0000000000,0.0000000000,0.0000000000,0.0000000000,0.0000000000,0.0000000000,0.0000000000,0.0000000000,0.0000000000,0.0000000000,0.0000000000,0.0000000000,0.0000000000,0.0000000000,0.0000000000,0.0000000000,0.0000000000,0.0000000000,0.0000000000,0.0000000000,1.0000000000,0.0423471325,0.0179461615,0.0046747696,0.0074043603,0.0031955263,0.0017248814,0.0009031384,0.0011700468,0.0002047502,0.0000000000,0.0002084202,0.0001580278,0.0000000000,0.0001997204,0.0004122012,0.0000000000,0.0001942502,0.0000000000,0.0002042901,0.0002013693,0.0002075119,0.0000000000,0.0000000000,0.0004432624,0.0003883495,0.0000000000,0.0003810976,0.0000000000,0.0001946283,0.0000000000,0.0002106150,0.0002032107,0.0002085941,0.0000000000,0.0002083333,0.0002127660,0.0002078570,0.0004050223,0.0001966182,0.0000000000,0.0000000000,0.0006309148,0.0000000000,0.0002024291,0.0006188119,0.0004075810,0.0003437607,0.0000000000,0.0000000000,0.0000000000,0.0000000000,0.0000000000,0.0000000000,0.0000000000,0.0000000000,0.0001923447,0.0000000000,0.0000000000,0.0002028809,0.0001953507,0.0000000000,0.0000000000,0.0000000000,0.0000000000,0.0000000000,0.0000000000,0.0000000000,0.0003633721,0.0000000000,0.0000000000,0.0003402518,0.0000000000
0.0000000000,0.0000000000,0.0000000000,0.0000000000,0.0000000000,0.0000000000,0.0000000000,0.0000000000,0.0000000000,0.0000000000,0.0000000000,0.0000000000,0.0000000000,0.0000000000,0.0000000000,0.0000000000,0.0000000000,0.0000000000,0.0000000000,0.0000000000,0.0000000000,0.0000000000,0.0000000000,0.0000000000,0.0000000000,0.0000000000,0.0000000000,0.0000000000,0.0000000000,0.0000000000,0.0000000000,0.0000000000,0.0000000000,0.0000000000,0.0000000000,0.0000000000,0.0000000000,0.0000000000,0.0000000000,0.0000000000,0.0000000000,0.0000000000,0.0000000000,0.0000000000,0.0000000000,0.0000000000,0.0000000000,0.0000000000,0.0000000000,0.0000000000,0.0000000000,0.0000000000,0.0000000000,0.0000000000,0.0000000000,0.0000000000,0.0000000000,0.0000000000,0.0000000000,0.0000000000,0.0000000000,0.0000000000,0.0000000000,0.0000000000,0.0000000000,0.0000000000,0.0000000000,0.0000000000,0.0000000000,0.0000000000,0.0000000000,0.0000000000,0.0000000000,0.0000000000,0.0000000000,0.0000000000,0.0000000000,0.0000000000,0.0000000000,0.0000000000,0.0000000000,0.0000000000,0.0000000000,0.0000000000,0.0000000000,0.0000000000,0.0000000000,0.0000000000,1.0000000000,0.0425806452,0.0097560976,0.0156570363,0.0090514120,0.0027011383,0.0024135157,0.0021152829,0.0007363770,0.0003828484,0.0005610623,0.0005817336,0.0001960400,0.0001799208,0.0000000000,0.0001825151,0.0001754694,0.0000000000,0.0000000000,0.0000000000,0.0000000000,0.0003462005,0.0000000000,0.0000000000,0.0000000000,0.0000000000,0.0000000000,0.0001740341,0.0000000000,0.0000000000,0.0001887149,0.0001827485,0.0000000000,0.0003574620,0.0001868810,0.0000000000,0.0005597015,0.0000000000,0.0005323869,0.0001679543,0.0000000000,0.0005653977,0.0003606203,0.0000000000,0.0005556585,0.0001831837,0.0003140210,0.0000000000,0.0001923077,0.0000000000,0.0003705762,0.0000000000,0.0004221190,0.0000000000,0.0001937234,0.0000000000,0.0003420558,0.0001772107,0.0001824818,0.0007058408,0.0000000000,0.0001826484,0.0000000000,0.0002980626,0.0003500788,0.0001761184,0.0000000000,0.0004955401,0.0000000000,0.0001744896,0.0000000000,0.0000000000
0.0000000000,0.0000000000,0.0000000000,0.0000000000,0.0000000000,0.0000000000,0.0000000000,0.0000000000,0.0000000000,0.0000000000,0.0000000000,0.0000000000,0.0000000000,0.0000000000,0.0000000000,0.0000000000,0.0000000000,0.0000000000,0.0000000000,0.0000000000,0.0000000000,0.0000000000,0.0000000000,0.0000000000,0.0000000000,0.0000000000,0.0000000000,0.0000000000,0.0000000000,0.0000000000,0.0000000000,0.0000000000,0.0000000000,0.0000000000,0.0000000000,0.0000000000,0.0000000000,0.0000000000,0.0000000000,0.0000000000,0.0000000000,0.0000000000,0.0000000000,0.0000000000,0.0000000000,0.0000000000,0.0000000000,0.0000000000,0.0000000000,0.0000000000,0.0000000000,0.0000000000,0.0000000000,0.0000000000,0.0000000000,0.0000000000,0.0000000000,0.0000000000,0.0000000000,0.0000000000,0.0000000000,0.0000000000,0.0000000000,0.0000000000,0.0000000000,0.0000000000,0.0000000000,0.0000000000,0.0000000000,0.0000000000,0.0000000000,0.0000000000,0.0000000000,0.0000000000,0.0000000000,0.0000000000,0.0000000000,0.0000000000,0.0000000000,0.0000000000,0.0000000000,0.0000000000,0.0000000000,0.0000000000,0.0000000000,0.0000000000,0.0000000000,0.0000000000,0.0000000000,1.0000000000,0.0198965380,0.0321988995,0.0154568578,0.0088031859,0.0059042204,0.0039772727,0.0023809524,0.0014477766,0.0006044731,0.0003079766,0.0004240882,0.0005800464,0.0001992032,0.0000000000,0.0000000000,0.0000000000,0.0001975504,0.0000000000,0.0000000000,0.0000000000,0.0001800180,0.0002136752,0.0000000000,0.0001875469,0.0005541190,0.0003730647,0.0000000000,0.0000000000,0.0002034588,0.0001965409,0.0000000000,0.0003838035,0.0000000000,0.0002054654,0.0004018485,0.0000000000,0.0001903674,0.0001795332,0.0000000000,0.0002030869,0.0001936858,0.0000000000,0.0003987241,0.0007886435,0.0000000000,0.0000000000,0.0004153686,0.0002469746,0.0001994416,0.0001914608,0.0000000000,0.0000000000,0.0002092926,0.0001863586,0.0001830161,0.0001901502,0.0001962323,0.0001891790,0.0000000000,0.0001964251,0.0000000000,0.0004743083,0.0001876173,0.0003778575,0.0000000000,0.0000000000,0.0000000000,0.0000000000,0.0001653986,0.0000000000
0.0000000000,0.0000000000,0.0000000000,0.0000000000,0.0000000000,0.0000000000,0.0000000000,0.0000000000,0.0000000000,0.0000000000,0.0000000000,0.0000000000,0.0000000000,0.0000000000,0.0000000000,0.0000000000,0.0000000000,0.0000000000,0.0000000000,0.0000000000,0.0000000000,0.0000000000,0.0000000000,0.0000000000,0.0000000000,0.0000000000,0.0000000000,0.0000000000,0.0000000000,0.0000000000,0.0000000000,0.0000000000,0.0000000000,0.0000000000,0.0000000000,0.0000000000,0.0000000000,0.0000000000,0.0000000000,0.0000000000,0.0000000000,0.0000000000,0.0000000000,0.0000000000,0.0000000000,0.0000000000,0.0000000000,0.0000000000,0.0000000000,0.0000000000,0.0000000000,0.0000000000,0.0000000000,0.0000000000,0.0000000000,0.0000000000,0.0000000000,0.0000000000,0.0000000000,0.0000000000,0.0000000000,0.0000000000,0.0000000000,0.0000000000,0.0000000000,0.0000000000,0.0000000000,0.0000000000,0.0000000000,0.0000000000,0.0000000000,0.0000000000,0.0000000000,0.0000000000,0.0000000000,0.0000000000,0.0000000000,0.0000000000,0.0000000000,0.0000000000,0.0000000000,0.0000000000,0.0000000000,0.0000000000,0.0000000000,0.0000000000,0.0000000000,0.0000000000,0.0000000000,0.0000000000,1.0000000000,0.0222708020,0.0072828390,0.0037484382,0.0025717960,0.0015572281,0.0005358339,0.0001377790,0.0002709660,0.0004489842,0.0000000000,0.0002635046,0.0004034970,0.0001331203,0.0002586987,0.0000000000,0.0001337077,0.0003974563,0.0001350804,0.0002560819,0.0000000000,0.0001409046,0.0001292825,0.0003872467,0.0000000000,0.0001285512,0.0001295001,0.0002590674,0.0000000000,0.0001332445,0.0000000000,0.0001310788,0.0001354280,0.0000000000,0.0000000000,0.0001329257,0.0000000000,0.0003757044,0.0000000000,0.0000000000,0.0002638871,0.0000000000,0.0000000000,0.0000000000,0.0001190051,0.0001289990,0.0004148804,0.0000000000,0.0000000000,0.0001308901,0.0008866558,0.0000000000,0.0002780095,0.0001284852,0.0006347594,0.0002605863,0.0003994142,0.0001298196,0.0004012304,0.0001331913,0.0001343364,0.0001143641,0.0001290822,0.0000000000,0.0000000000,0.0001236247,0.0001274372,0.0000000000,0.0001181614,0.0001844678
0.0000000000,0.0000000000,0.0000000000,0.0000000000,0.0000000000,0.0000000000,0.0000000000,0.0000000000,0.0000000000,0.0000000000,0.0000000000,0.0000000000,0.0000000000,0.0000000000,0.0000000000,0.0000000000,0.0000000000,0.0000000000,0.0000000000,0.0000000000,0.0000000000,0.0000000000,0.0000000000,0.0000000000,0.0000000000,0.0000000000,0.0000000000,0.0000000000,0.0000000000,0.0000000000,0.0000000000,0.0000000000,0.0000000000,0.0000000000,0.0000000000,0.0000000000,0.0000000000,0.0000000000,0.0000000000,0.0000000000,0.0000000000,0.0000000000,0.0000000000,0.0000000000,0.0000000000,0.0000000000,0.0000000000,0.0000000000,0.0000000000,0.0000000000,0.0000000000,0.0000000000,0.0000000000,0.0000000000,0.0000000000,0.0000000000,0.0000000000,0.0000000000,0.0000000000,0.0000000000,0.0000000000,0.0000000000,0.0000000000,0.0000000000,0.0000000000,0.0000000000,0.0000000000,0.0000000000,0.0000000000,0.0000000000,0.0000000000,0.0000000000,0.0000000000,0.0000000000,0.0000000000,0.0000000000,0.0000000000,0.0000000000,0.0000000000,0.0000000000,0.0000000000,0.0000000000,0.0000000000,0.0000000000,0.0000000000,0.0000000000,0.0000000000,0.0000000000,0.0000000000,0.0000000000,0.0000000000,1.0000000000,0.0464090718,0.0165526374,0.0129121513,0.0073165909,0.0033133154,0.0015125324,0.0014730640,0.0004772510,0.0004435573,0.0008058018,0.0004156276,0.0004092490,0.0001957713,0.0002369107,0.0002059732,0.0002030045,0.0000000000,0.0001927897,0.0000000000,0.0000000000,0.0003913894,0.0001951220,0.0000000000,0.0005821851,0.0000000000,0.0000000000,0.0000000000,0.0000000000,0.0000000000,0.0000000000,0.0000000000,0.0002145923,0.0000000000,0.0000000000,0.0001981768,0.0001864628,0.0000000000,0.0002119992,0.0000000000,0.0006124949,0.0000000000,0.0000000000,0.0000000000,0.0000000000,0.0002169668,0.0002602811,0.0000000000,0.0001993620,0.0002410800,0.0000000000,0.0000000000,0.0001938360,0.0001902226,0.0001979414,0.0000000000,0.0001968892,0.0000000000,0.0006145023,0.0000000000,0.0000000000,0.0003904725,0.0000000000,0.0000000000,0.0000000000,0.0000000000,0.0000000000,0.0000000000,0.0000000000
0.0000000000,0.0000000000,0.0000000000,0.0000000000,0.0000000000,0.0000000000,0.0000000000,0.0000000000,0.0000000000,0.0000000000,0.0000000000,0.0000000000,0.0000000000,0.0000000000,0.0000000000,0.0000000000,0.0000000000,0.0000000000,0.0000000000,0.0000000000,0.0000000000,0.0000000000,0.0000000000,0.0000000000,0.0000000000,0.0000000000,0.0000000000,0.0000000000,0.0000000000,0.0000000000,0.0000000000,0.0000000000,0.0000000000,0.0000000000,0.0000000000,0.0000000000,0.0000000000,0.0000000000,0.0000000000,0.0000000000,0.0000000000,0.0000000000,0.0000000000,0.0000000000,0.0000000000,0.0000000000,0.0000000000,0.0000000000,0.0000000000,0.0000000000,0.0000000000,0.0000000000,0.0000000000,0.0000000000,0.0000000000,0.0000000000,0.0000000000,0.0000000000,0.0000000000,0.0000000000,0.0000000000,0.0000000000,0.0000000000,0.0000000000,0.0000000000,0.0000000000,0.0000000000,0.0000000000,0.0000000000,0.0000000000,0.0000000000,0.0000000000,0.0000000000,0.0000000000,0.0000000000,0.0000000000,0.0000000000,0.0000000000,0.0000000000,0.0000000000,0.0000000000,0.0000000000,0.0000000000,0.0000000000,0.0000000000,0.0000000000,0.0000000000,0.0000000000,0.0000000000,0.0000000000,0.0000000000,0.0000000000,1.0000000000,0.0429894180,0.0230978261,0.0147773673,0.0062765742,0.0035842294,0.0018461538,0.0012488292,0.0004315926,0.0005893910,0.0004051043,0.0007984032,0.0003822630,0.0000000000,0.0002008032,0.0001979806,0.0000000000,0.0001882530,0.0001827151,0.0002174859,0.0003820439,0.0001904762,0.0003750234,0.0005683971,0.0000000000,0.0001914975,0.0000000000,0.0001997603,0.0002049600,0.0001949318,0.0000000000,0.0000000000,0.0002042484,0.0001990446,0.0003868472,0.0001822157,0.0001948178,0.0000000000,0.0000000000,0.0000000000,0.0002026342,0.0006010819,0.0005083023,0.0000000000,0.0000000000,0.0002520797,0.0000000000,0.0000000000,0.0000000000,0.0000000000,0.0006391138,0.0001892506,0.0001858045,0.0001931621,0.0000000000,0.0000000000,0.0000000000,0.0001996406,0.0002022245,0.0006408202,0.0001905488,0.0001918649,0.0001986097,0.0005368647,0.0000000000,0.0000000000,0.0000000000,0.0000000000
0.0000000000,0.0000000000,0.0000000000,0.0000000000,0.0000000000,0.0000000000,0.0000000000,0.0000000000,0.0000000000,0.0000000000,0.0000000000,0.0000000000,0.0000000000,0.0000000000,0.0000000000,0.0000000000,0.0000000000,0.0000000000,0.0000000000,0.0000000000,0.0000000000,0.0000000000,0.0000000000,0.0000000000,0.0000000000,0.0000000000,0.0000000000,0.0000000000,0.0000000000,0.0000000000,0.0000000000,0.0000000000,0.0000000000,0.0000000000,0.0000000000,0.0000000000,0.0000000000,0.0000000000,0.0000000000,0.0000000000,0.0000000000,0.0000000000,0.0000000000,0.0000000000,0.0000000000,0.0000000000,0.0000000000,0.0000000000,0.0000000000,0.0000000000,0.0000000000,0.0000000000,0.0000000000,0.0000000000,0.0000000000,0.0000000000,0.0000000000,0.0000000000,0.0000000000,0.0000000000,0.0000000000,0.0000000000,0.0000000000,0.0000000000,0.0000000000,0.0000000000,0.0000000000,0.0000000000,0.0000000000,0.0000000000,0.0000000000,0.0000000000,0.0000000000,0.0000000000,0.0000000000,0.0000000000,0.0000000000,0.0000000000,0.0000000000,0.0000000000,0.0000000000,0.0000000000,0.0000000000,0.0000000000,0.0000000000,0.0000000000,0.0000000000,0.0000000000,0.0000000000,0.0000000000,0.0000000000,0.0000000000,0.0000000000,1.0000000000,0.0457070707,0.0202275601,0.0090070299,0.0052752294,0.0017781729,0.0011608624,0.0004698144,0.0008488964,0.0002192502,0.0006473889,0.0006180470,0.0000000000,0.0000000000,0.0004279906,0.0002208968,0.0000000000,0.0001962323,0.0000000000,0.0002058037,0.0000000000,0.0000000000,0.0000000000,0.0000000000,0.0000000000,0.0004489338,0.0000000000,0.0002221235,0.0002103934,0.0002218279,0.0000000000,0.0000000000,0.0002151926,0.0000000000,0.0000000000,0.0002102607,0.0000000000,0.0000000000,0.0000000000,0.0000000000,0.0004333694,0.0001809300,0.0002050861,0.0000000000,0.0000000000,0.0000000000,0.0000000000,0.0002566735,0.0000000000,0.0000000000,0.0000000000,0.0001998002,0.0002083333,0.0000000000,0.0000000000,0.0002172496,0.0000000000,0.0004379242,0.0005114218,0.0002052967,0.0000000000,0.0002146844,0.0003837299,0.0000000000,0.0000000000,0.0000000000,0.0000000000
0.0000000000,0.0000000000,0.0000000000,0.0000000000,0.0000000000,0.0000000000,0.0000000000,0.0000000000,0.0000000000,0.0000000000,0.0000000000,0.0000000000,0.0000000000,0.0000000000,0.0000000000,0.0000000000,0.0000000000,0.0000000000,0.0000000000,0.0000000000,0.0000000000,0.0000000000,0.0000000000,0.0000000000,0.0000000000,0.0000000000,0.0000000000,0.0000000000,0.0000000000,0.0000000000,0.0000000000,0.0000000000,0.0000000000,0.0000000000,0.0000000000,0.0000000000,0.0000000000,0.0000000000,0.0000000000,0.0000000000,0.0000000000,0.0000000000,0.0000000000,0.0000000000,0.0000000000,0.0000000000,0.0000000000,0.0000000000,0.0000000000,0.0000000000,0.0000000000,0.0000000000,0.0000000000,0.0000000000,0.0000000000,0.0000000000,0.0000000000,0.0000000000,0.0000000000,0.0000000000,0.0000000000,0.0000000000,0.0000000000,0.0000000000,0.0000000000,0.0000000000,0.0000000000,0.0000000000,0.0000000000,0.0000000000,0.0000000000,0.0000000000,0.0000000000,0.0000000000,0.0000000000,0.0000000000,0.0000000000,0.0000000000,0.0000000000,0.0000000000,0.0000000000,0.0000000000,0.0000000000,0.0000000000,0.0000000000,0.0000000000,0.0000000000,0.0000000000,0.0000000000,0.0000000000,0.0000000000,0.0000000000,0.0000000000,0.0000000000,1.0000000000,0.0477591670,0.0152990264,0.0106640814,0.0051498127,0.0027548209,0.0022293783,0.0006666667,0.0004600874,0.0002260909,0.0006464124,0.0000000000,0.0002277904,0.0002241650,0.0000000000,0.0000000000,0.0000000000,0.0000000000,0.0004305705,0.0000000000,0.0002107926,0.0000000000,0.0002158429,0.0006479482,0.0000000000,0.0002264493,0.0000000000,0.0000000000,0.0000000000,0.0002383790,0.0000000000,0.0002255300,0.0000000000,0.0000000000,0.0000000000,0.0000000000,0.0000000000,0.0000000000,0.0002301496,0.0002271179,0.0003764352,0.0004290004,0.0000000000,0.0000000000,0.0002303086,0.0002197319,0.0000000000,0.0000000000,0.0000000000,0.0000000000,0.0002086811,0.0004361099,0.0002260398,0.0002167317,0.0002277904,0.0000000000,0.0000000000,0.0005306917,0.0000000000,0.0000000000,0.0000000000,0.0000000000,0.0002101723,0.0006419859,0.0000000000,0.0000000000
0.0000000000,0.0000000000,0.0000000000,0.0000000000,0.0000000000,0.0000000000,0.0000000000,0.0000000000,0.0000000000,0.0000000000,0.0000000000,0.0000000000,0.0000000000,0.0000000000,0.0000000000,0.0000000000,0.0000000000,0.0000000000,0.0000000000,0.0000000000,0.0000000000,0.0000000000,0.0000000000,0.0000000000,0.0000000000,0.0000000000,0.0000000000,0.0000000000,0.0000000000,0.0000000000,0.0000000000,0.0000000000,0.0000000000,0.0000000000,0.0000000000,0.0000000000,0.0000000000,0.0000000000,0.0000000000,0.0000000000,0.0000000000,0.0000000000,0.0000000000,0.0000000000,0.0000000000,0.0000000000,0.0000000000,0.0000000000,0.0000000000,0.0000000000,0.0000000000,0.0000000000,0.0000000000,0.0000000000,0.0000000000,0.0000000000,0.0000000000,0.0000000000,0.0000000000,0.0000000000,0.0000000000,0.0000000000,0.0000000000,0.0000000000,0.0000000000,0.0000000000,0.0000000000,0.0000000000,0.0000000000,0.0000000000,0.0000000000,0.0000000000,0.0000000000,0.0000000000,0.0000000000,0.0000000000,0.0000000000,0.0000000000,0.0000000000,0.0000000000,0.0000000000,0.0000000000,0.0000000000,0.0000000000,0.0000000000,0.0000000000,0.0000000000,0.0000000000,0.0000000000,0.0000000000,0.0000000000,0.0000000000,0.0000000000,0.0000000000,0.0000000000,1.0000000000,0.0441841348,0.0209599665,0.0115431349,0.0035373731,0.0042310133,0.0013469309,0.0001980590,0.0005857087,0.0007489234,0.0000000000,0.0000000000,0.0003875218,0.0000000000,0.0001843998,0.0001790831,0.0002123593,0.0001870208,0.0001865324,0.0005511666,0.0000000000,0.0000000000,0.0005627462,0.0000000000,0.0001954270,0.0000000000,0.0003816794,0.0006007209,0.0002042484,0.0003995206,0.0003895598,0.0001893222,0.0000000000,0.0001906941,0.0000000000,0.0000000000,0.0001947040,0.0003964321,0.0003919263,0.0001662510,0.0000000000,0.0000000000,0.0000000000,0.0001982947,0.0001904037,0.0000000000,0.0000000000,0.0000000000,0.0005562767,0.0003641661,0.0001891074,0.0001951220,0.0001881468,0.0000000000,0.0003907013,0.0000000000,0.0001573317,0.0000000000,0.0000000000,0.0000000000,0.0001754078,0.0000000000,0.0000000000,0.0000000000,0.0000000000
0.0000000000,0.0000000000,0.0000000000,0.0000000000,0.0000000000,0.0000000000,0.0000000000,0.0000000000,0.0000000000,0.0000000000,0.0000000000,0.0000000000,0.0000000000,0.0000000000,0.0000000000,0.0000000000,0.0000000000,0.0000000000,0.0000000000,0.0000000000,0.0000000000,0.0000000000,0.0000000000,0.0000000000,0.0000000000,0.0000000000,0.0000000000,0.0000000000,0.0000000000,0.0000000000,0.0000000000,0.0000000000,0.0000000000,0.0000000000,0.0000000000,0.0000000000,0.0000000000,0.0000000000,0.0000000000,0.0000000000,0.0000000000,0.0000000000,0.0000000000,0.0000000000,0.0000000000,0.0000000000,0.0000000000,0.0000000000,0.0000000000,0.0000000000,0.0000000000,0.0000000000,0.0000000000,0.0000000000,0.0000000000,0.0000000000,0.0000000000,0.0000000000,0.0000000000,0.0000000000,0.0000000000,0.0000000000,0.0000000000,0.0000000000,0.0000000000,0.0000000000,0.0000000000,0.0000000000,0.0000000000,0.0000000000,0.0000000000,0.0000000000,0.0000000000,0.0000000000,0.0000000000,0.0000000000,0.0000000000,0.0000000000,0.0000000000,0.0000000000,0.0000000000,0.0000000000,0.0000000000,0.0000000000,0.0000000000,0.0000000000,0.0000000000,0.0000000000,0.0000000000,0.0000000000,0.0000000000,0.0000000000,0.0000000000,0.0000000000,0.0000000000,0.0000000000,1.0000000000,0.0402880936,0.0151871658,0.0075453524,0.0060389175,0.0042561816,0.0020872469,0.0012320329,0.0009821253,0.0009512485,0.0004131378,0.0006108735,0.0002098196,0.0005800464,0.0003749531,0.0002242152,0.0001961554,0.0000000000,0.0003849856,0.0001944769,0.0000000000,0.0000000000,0.0000000000,0.0000000000,0.0000000000,0.0006012024,0.0000000000,0.0000000000,0.0002101723,0.0000000000,0.0000000000,0.0001869159,0.0000000000,0.0004252605,0.0002023063,0.0002046245,0.0000000000,0.0000000000,0.0000000000,0.0000000000,0.0000000000,0.0000000000,0.0004172752,0.0000000000,0.0000000000,0.0000000000,0.0002193945,0.0000000000,0.0001906941,0.0000000000,0.0004102564,0.0005924171,0.0004131378,0.0002052967,0.0000000000,0.0003275467,0.0003914660,0.0000000000,0.0000000000,0.0001834189,0.0000000000,0.0000000000,0.0000000000,0.0000000000
0.0000000000,0.0000000000,0.0000000000,0.0000000000,0.0000000000,0.0000000000,0.0000000000,0.0000000000,0.0000000000,0.0000000000,0.0000000000,0.0000000000,0.0000000000,0.0000000000,0.0000000000,0.0000000000,0.0000000000,0.0000000000,0.0000000000,0.0000000000,0.0000000000,0.0000000000,0.0000000000,0.0000000000,0.0000000000,0.0000000000,0.0000000000,0.0000000000,0.0000000000,0.0000000000,0.0000000000,0.0000000000,0.0000000000,0.0000000000,0.0000000000,0.0000000000,0.0000000000,0.0000000000,0.0000000000,0.0000000000,0.0000000000,0.0000000000,0.0000000000,0.0000000000,0.0000000000,0.0000000000,0.0000000000,0.0000000000,0.0000000000,0.0000000000,0.0000000000,0.0000000000,0.0000000000,0.0000000000,0.0000000000,0.0000000000,0.0000000000,0.0000000000,0.0000000000,0.0000000000,0.0000000000,0.0000000000,0.0000000000,0.0000000000,0.0000000000,0.0000000000,0.0000000000,0.0000000000,0.0000000000,0.0000000000,0.0000000000,0.0000000000,0.0000000000,0.0000000000,0.0000000000,0.0000000000,0.0000000000,0.0000000000,0.0000000000,0.0000000000,0.0000000000,0.0000000000,0.0000000000,0.0000000000,0.0000000000,0.0000000000,0.0000000000,0.0000000000,0.0000000000,0.0000000000,0.0000000000,0.0000000000,0.0000000000,0.0000000000,0.0000000000,0.0000000000,0.0000000000,1.0000000000,0.0384615385,0.0125187782,0.0113207547,0.0055096419,0.0026206595,0.0017174753,0.0010243802,0.0005003753,0.0002158895,0.0002126302,0.0002194908,0.0000000000,0.0000000000,0.0000000000,0.0002045827,0.0002039984,0.0000000000,0.0002027575,0.0002051282,0.0000000000,0.0004460303,0.0000000000,0.0004415011,0.0004183225,0.0002204100,0.0000000000,0.0000000000,0.0000000000,0.0000000000,0.0000000000,0.0002089864,0.0000000000,0.0000000000,0.0002138123,0.0002180074,0.0002152853,0.0003600360,0.0000000000,0.0002279982,0.0000000000,0.0004363954,0.0004173623,0.0002547771,0.0000000000,0.0002299908,0.0000000000,0.0001986492,0.0000000000,0.0002143163,0.0004119464,0.0000000000,0.0002145462,0.0000000000,0.0001695778,0.0000000000,0.0000000000,0.0000000000,0.0000000000,0.0002000000,0.0002033760,0.0001780627,0.0000000000
0.0000000000,0.0000000000,0.0000000000,0.0000000000,0.0000000000,0.0000000000,0.0000000000,0.0000000000,0.0000000000,0.0000000000,0.0000000000,0.0000000000,0.0000000000,0.0000000000,0.0000000000,0.0000000000,0.0000000000,0.0000000000,0.0000000000,0.0000000000,0.0000000000,0.0000000000,0.0000000000,0.0000000000,0.0000000000,0.0000000000,0.0000000000,0.0000000000,0.0000000000,0.0000000000,0.0000000000,0.0000000000,0.0000000000,0.0000000000,0.0000000000,0.0000000000,0.0000000000,0.0000000000,0.0000000000,0.0000000000,0.0000000000,0.0000000000,0.0000000000,0.0000000000,0.0000000000,0.0000000000,0.0000000000,0.0000000000,0.0000000000,0.0000000000,0.0000000000,0.0000000000,0.0000000000,0.0000000000,0.0000000000,0.0000000000,0.0000000000,0.0000000000,0.0000000000,0.0000000000,0.0000000000,0.0000000000,0.0000000000,0.0000000000,0.0000000000,0.0000000000,0.0000000000,0.0000000000,0.0000000000,0.0000000000,0.0000000000,0.0000000000,0.0000000000,0.0000000000,0.0000000000,0.0000000000,0.0000000000,0.0000000000,0.0000000000,0.0000000000,0.0000000000,0.0000000000,0.0000000000,0.0000000000,0.0000000000,0.0000000000,0.0000000000,0.0000000000,0.0000000000,0.0000000000,0.0000000000,0.0000000000,0.0000000000,0.0000000000,0.0000000000,0.0000000000,0.0000000000,0.0000000000,1.0000000000,0.0277270463,0.0250929368,0.0114250104,0.0087719298,0.0044034389,0.0026015609,0.0009711095,0.0002102607,0.0008291874,0.0000000000,0.0003931590,0.0001905125,0.0006861848,0.0000000000,0.0003980100,0.0001956947,0.0003956479,0.0002000400,0.0002000800,0.0000000000,0.0002091175,0.0000000000,0.0002038320,0.0002145462,0.0000000000,0.0002140411,0.0002083333,0.0000000000,0.0000000000,0.0000000000,0.0000000000,0.0000000000,0.0002082899,0.0004246285,0.0002096876,0.0000000000,0.0000000000,0.0000000000,0.0000000000,0.0004248991,0.0000000000,0.0002469746,0.0000000000,0.0002236136,0.0000000000,0.0001938736,0.0000000000,0.0000000000,0.0000000000,0.0002102607,0.0000000000,0.0000000000,0.0000000000,0.0001990446,0.0004010427,0.0002078570,0.0000000000,0.0003903963,0.0000000000,0.0000000000,0.0000000000
0.0000000000,0.0000000000,0.0000000000,0.0000000000,0.0000000000,0.0000000000,0.0000000000,0.0000000000,0.0000000000,0.0000000000,0.0000000000,0.0000000000,0.0000000000,0.0000000000,0.0000000000,0.0000000000,0.0000000000,0.0000000000,0.0000000000,0.0000000000,0.0000000000,0.0000000000,0.0000000000,0.0000000000,0.0000000000,0.0000000000,0.0000000000,0.0000000000,0.0000000000,0.0000000000,0.0000000000,0.0000000000,0.0000000000,0.0000000000,0.0000000000,0.0000000000,0.0000000000,0.0000000000,0.0000000000,0.0000000000,0.0000000000,0.0000000000,0.0000000000,0.0000000000,0.0000000000,0.0000000000,0.0000000000,0.0000000000,0.0000000000,0.0000000000,0.0000000000,0.0000000000,0.0000000000,0.0000000000,0.0000000000,0.0000000000,0.0000000000,0.0000000000,0.0000000000,0.0000000000,0.0000000000,0.0000000000,0.0000000000,0.0000000000,0.0000000000,0.0000000000,0.0000000000,0.0000000000,0.0000000000,0.0000000000,0.0000000000,0.0000000000,0.0000000000,0.0000000000,0.0000000000,0.0000000000,0.0000000000,0.0000000000,0.0000000000,0.0000000000,0.0000000000,0.0000000000,0.0000000000,0.0000000000,0.0000000000,0.0000000000,0.0000000000,0.0000000000,0.0000000000,0.0000000000,0.0000000000,0.0000000000,0.0000000000,0.0000000000,0.0000000000,0.0000000000,0.0000000000,0.0000000000,0.0000000000,1.0000000000,0.0220158239,0.0139439075,0.0064464142,0.0039714059,0.0022988506,0.0010625111,0.0003182180,0.0007870297,0.0004832474,0.0004534462,0.0002950723,0.0000000000,0.0004587156,0.0003051106,0.0001506024,0.0001518372,0.0000000000,0.0001531863,0.0006518905,0.0001584284,0.0001616815,0.0001553760,0.0003231018,0.0001641767,0.0001612383,0.0001579779,0.0001543925,0.0004416961,0.0003106555,0.0001626545,0.0000000000,0.0000000000,0.0001602307,0.0004764173,0.0001386963,0.0001524623,0.0003311807,0.0000000000,0.0001603078,0.0001551109,0.0000000000,0.0000000000,0.0000000000,0.0001517451,0.0000000000,0.0001542496,0.0001582278,0.0003072669,0.0001590837,0.0000000000,0.0001599744,0.0001324328,0.0003052037,0.0003068897,0.0000000000,0.0000000000,0.0000000000,0.0001521838,0.0002751410,0.0002365184
0.0000000000,0.0000000000,0.0000000000,0.0000000000,0.0000000000,0.0000000000,0.0000000000,0.0000000000,0.0000000000,0.0000000000,0.0000000000,0.0000000000,0.0000000000,0.0000000000,0.0000000000,0.0000000000,0.0000000000,0.0000000000,0.0000000000,0.0000000000,0.0000000000,0.0000000000,0.0000000000,0.0000000000,0.0000000000,0.0000000000,0.0000000000,0.0000000000,0.0000000000,0.0000000000,0.0000000000,0.0000000000,0.0000000000,0.0000000000,0.0000000000,0.0000000000,0.0000000000,0.0000000000,0.0000000000,0.0000000000,0.0000000000,0.0000000000,0.0000000000,0.0000000000,0.0000000000,0.0000000000,0.0000000000,0.0000000000,0.0000000000,0.0000000000,0.0000000000,0.0000000000,0.0000000000,0.0000000000,0.0000000000,0.0000000000,0.0000000000,0.0000000000,0.0000000000,0.0000000000,0.0000000000,0.0000000000,0.0000000000,0.0000000000,0.0000000000,0.0000000000,0.0000000000,0.0000000000,0.0000000000,0.0000000000,0.0000000000,0.0000000000,0.0000000000,0.0000000000,0.0000000000,0.0000000000,0.0000000000,0.0000000000,0.0000000000,0.0000000000,0.0000000000,0.0000000000,0.0000000000,0.0000000000,0.0000000000,0.0000000000,0.0000000000,0.0000000000,0.0000000000,0.0000000000,0.0000000000,0.0000000000,0.0000000000,0.0000000000,0.0000000000,0.0000000000,0.0000000000,0.0000000000,0.0000000000,0.0000000000,1.0000000000,0.0433506435,0.0210285714,0.0118066384,0.0061271921,0.0028467909,0.0017773828,0.0013117621,0.0009031384,0.0006200909,0.0012009608,0.0002423655,0.0000000000,0.0000000000,0.0000000000,0.0002079867,0.0000000000,0.0002105263,0.0002293052,0.0000000000,0.0000000000,0.0000000000,0.0002266032,0.0002318572,0.0000000000,0.0000000000,0.0002128112,0.0000000000,0.0002145462,0.0000000000,0.0000000000,0.0000000000,0.0000000000,0.0002211900,0.0001840943,0.0004184100,0.0004693734,0.0000000000,0.0004485311,0.0000000000,0.0000000000,0.0000000000,0.0000000000,0.0002078138,0.0000000000,0.0000000000,0.0002201673,0.0000000000,0.0000000000,0.0002204100,0.0004472272,0.0000000000,0.0000000000,0.0000000000,0.0000000000,0.0000000000,0.0000000000,0.0002086376,0.0003642324,0.0000000000
0.0000000000,0.0000000000,0.0000000000,0.0000000000,0.0000000000,0.0000000000,0.0000000000,0.0000000000,0.0000000000,0.0000000000,0.0000000000,0.0000000000,0.0000000000,0.0000000000,0.0000000000,0.0000000000,0.0000000000,0.0000000000,0.0000000000,0.0000000000,0.0000000000,0.0000000000,0.0000000000,0.0000000000,0.0000000000,0.0000000000,0.0000000000,0.0000000000,0.0000000000,0.0000000000,0.0000000000,0.0000000000,0.0000000000,0.0000000000,0.0000000000,0.0000000000,0.0000000000,0.0000000000,0.0000000000,0.0000000000,0.0000000000,0.0000000000,0.0000000000,0.0000000000,0.0000000000,0.0000000000,0.0000000000,0.0000000000,0.0000000000,0.0000000000,0.0000000000,0.0000000000,0.0000000000,0.0000000000,0.0000000000,0.0000000000,0.0000000000,0.0000000000,0.0000000000,0.0000000000,0.0000000000,0.0000000000,0.0000000000,0.0000000000,0.0000000000,0.0000000000,0.0000000000,0.0000000000,0.0000000000,0.0000000000,0.0000000000,0.0000000000,0.0000000000,0.0000000000,0.0000000000,0.0000000000,0.0000000000,0.0000000000,0.0000000000,0.0000000000,0.0000000000,0.0000000000,0.0000000000,0.0000000000,0.0000000000,0.0000000000,0.0000000000,0.0000000000,0.0000000000,0.0000000000,0.0000000000,0.0000000000,0.0000000000,0.0000000000,0.0000000000,0.0000000000,0.0000000000,0.0000000000,0.0000000000,0.0000000000,0.0000000000,1.0000000000,0.0399155227,0.0197878417,0.0126115638,0.0060380864,0.0030296910,0.0021886192,0.0018438844,0.0011337868,0.0009167583,0.0000000000,0.0003831418,0.0001910220,0.0000000000,0.0003799392,0.0001920123,0.0001920492,0.0002075550,0.0000000000,0.0002055921,0.0000000000,0.0002053388,0.0002096436,0.0000000000,0.0001996406,0.0001939488,0.0000000000,0.0005863956,0.0000000000,0.0000000000,0.0000000000,0.0002032520,0.0002008839,0.0001698081,0.0000000000,0.0000000000,0.0002530364,0.0000000000,0.0005854801,0.0002348520,0.0000000000,0.0000000000,0.0000000000,0.0000000000,0.0000000000,0.0000000000,0.0003855050,0.0002014099,0.0006009615,0.0000000000,0.0001605136,0.0001910950,0.0003849115,0.0003984858,0.0001793722,0.0000000000,0.0000000000,0.0001680955,0.0000000000
0.0000000000,0.0000000000,0.0000000000,0.0000000000,0.0000000000,0.0000000000,0.0000000000,0.0000000000,0.0000000000,0.0000000000,0.0000000000,0.0000000000,0.0000000000,0.0000000000,0.0000000000,0.0000000000,0.0000000000,0.0000000000,0.0000000000,0.0000000000,0.0000000000,0.0000000000,0.0000000000,0.0000000000,0.0000000000,0.0000000000,0.0000000000,0.0000000000,0.0000000000,0.0000000000,0.0000000000,0.0000000000,0.0000000000,0.0000000000,0.0000000000,0.0000000000,0.0000000000,0.0000000000,0.0000000000,0.0000000000,0.0000000000,0.0000000000,0.0000000000,0.0000000000,0.0000000000,0.0000000000,0.0000000000,0.0000000000,0.0000000000,0.0000000000,0.0000000000,0.0000000000,0.0000000000,0.0000000000,0.0000000000,0.0000000000,0.0000000000,0.0000000000,0.0000000000,0.0000000000,0.0000000000,0.0000000000,0.0000000000,0.0000000000,0.0000000000,0.0000000000,0.0000000000,0.0000000000,0.0000000000,0.0000000000,0.0000000000,0.0000000000,0.0000000000,0.0000000000,0.0000000000,0.0000000000,0.0000000000,0.0000000000,0.0000000000,0.0000000000,0.0000000000,0.0000000000,0.0000000000,0.0000000000,0.0000000000,0.0000000000,0.0000000000,0.0000000000,0.0000000000,0.0000000000,0.0000000000,0.0000000000,0.0000000000,0.0000000000,0.0000000000,0.0000000000,0.0000000000,0.0000000000,0.0000000000,0.0000000000,0.0000000000,0.0000000000,1.0000000000,0.0512041658,0.0250961344,0.0126030053,0.0071159481,0.0030813476,0.0019039560,0.0009729519,0.0007545746,0.0011299435,0.0005923001,0.0005906675,0.0005810575,0.0001956564,0.0001978631,0.0003958828,0.0004289084,0.0000000000,0.0004247186,0.0002015723,0.0000000000,0.0000000000,0.0002115507,0.0000000000,0.0000000000,0.0000000000,0.0012099214,0.0000000000,0.0000000000,0.0004119464,0.0002098196,0.0000000000,0.0001743679,0.0000000000,0.0002190581,0.0000000000,0.0002099517,0.0002011263,0.0000000000,0.0000000000,0.0002208968,0.0003910833,0.0001918281,0.0001996805,0.0000000000,0.0000000000,0.0002078570,0.0006200909,0.0002093802,0.0000000000,0.0003938558,0.0001982947,0.0004110997,0.0001844678,0.0001930875,0.0001962323,0.0000000000,0.0000000000
0.0000000000,0.0000000000,0.0000000000,0.0000000000,0.0000000000,0.0000000000,0.0000000000,0.0000000000,0.0000000000,0.0000000000,0.0000000000,0.0000000000,0.0000000000,0.0000000000,0.0000000000,0.0000000000,0.0000000000,0.0000000000,0.0000000000,0.0000000000,0.0000000000,0.0000000000,0.0000000000,0.0000000000,0.0000000000,0.0000000000,0.0000000000,0.0000000000,0.0000000000,0.0000000000,0.0000000000,0.0000000000,0.0000000000,0.0000000000,0.0000000000,0.0000000000,0.0000000000,0.0000000000,0.0000000000,0.0000000000,0.0000000000,0.0000000000,0.0000000000,0.0000000000,0.0000000000,0.0000000000,0.0000000000,0.0000000000,0.0000000000,0.0000000000,0.0000000000,0.0000000000,0.0000000000,0.0000000000,0.0000000000,0.0000000000,0.0000000000,0.0000000000,0.0000000000,0.0000000000,0.0000000000,0.0000000000,0.0000000000,0.0000000000,0.0000000000,0.0000000000,0.0000000000,0.0000000000,0.0000000000,0.0000000000,0.0000000000,0.0000000000,0.0000000000,0.0000000000,0.0000000000,0.0000000000,0.0000000000,0.0000000000,0.0000000000,0.0000000000,0.0000000000,0.0000000000,0.0000000000,0.0000000000,0.0000000000,0.0000000000,0.0000000000,0.0000000000,0.0000000000,0.0000000000,0.0000000000,0.0000000000,0.0000000000,0.0000000000,0.0000000000,0.0000000000,0.0000000000,0.0000000000,0.0000000000,0.0000000000,0.0000000000,0.0000000000,0.0000000000,1.0000000000,0.0479102956,0.0206383489,0.0118012422,0.0075187970,0.0031276063,0.0017274472,0.0014892033,0.0006663705,0.0005836576,0.0003879728,0.0003817522,0.0003857281,0.0003900156,0.0001950078,0.0002110150,0.0000000000,0.0000000000,0.0000000000,0.0000000000,0.0000000000,0.0002082466,0.0004057618,0.0001969667,0.0001853912,0.0005955926,0.0002106150,0.0000000000,0.0002027986,0.0000000000,0.0000000000,0.0005165289,0.0001938360,0.0000000000,0.0002581978,0.0002066970,0.0000000000,0.0000000000,0.0000000000,0.0002172968,0.0000000000,0.0000000000,0.0001967342,0.0000000000,0.0000000000,0.0000000000,0.0002034588,0.0000000000,0.0000000000,0.0003881234,0.0001953888,0.0002023882,0.0000000000,0.0000000000,0.0001933862,0.0001703578,0.0003536068
0.0000000000,0.0000000000,0.0000000000,0.0000000000,0.0000000000,0.0000000000,0.0000000000,0.0000000000,0.0000000000,0.0000000000,0.0000000000,0.0000000000,0.0000000000,0.0000000000,0.0000000000,0.0000000000,0.0000000000,0.0000000000,0.0000000000,0.0000000000,0.0000000000,0.0000000000,0.0000000000,0.0000000000,0.0000000000,0.0000000000,0.0000000000,0.0000000000,0.0000000000,0.0000000000,0.0000000000,0.0000000000,0.0000000000,0.0000000000,0.0000000000,0.0000000000,0.0000000000,0.0000000000,0.0000000000,0.0000000000,0.0000000000,0.0000000000,0.0000000000,0.0000000000,0.0000000000,0.0000000000,0.0000000000,0.0000000000,0.0000000000,0.0000000000,0.0000000000,0.0000000000,0.0000000000,0.0000000000,0.0000000000,0.0000000000,0.0000000000,0.0000000000,0.0000000000,0.0000000000,0.0000000000,0.0000000000,0.0000000000,0.0000000000,0.0000000000,0.0000000000,0.0000000000,0.0000000000,0.0000000000,0.0000000000,0.0000000000,0.0000000000,0.0000000000,0.0000000000,0.0000000000,0.0000000000,0.0000000000,0.0000000000,0.0000000000,0.0000000000,0.0000000000,0.0000000000,0.0000000000,0.0000000000,0.0000000000,0.0000000000,0.0000000000,0.0000000000,0.0000000000,0.0000000000,0.0000000000,0.0000000000,0.0000000000,0.0000000000,0.0000000000,0.0000000000,0.0000000000,0.0000000000,0.0000000000,0.0000000000,0.0000000000,0.0000000000,0.0000000000,0.0000000000,1.0000000000,0.0426573427,0.0259140217,0.0158917010,0.0070056045,0.0035055351,0.0017889088,0.0006353240,0.0005597015,0.0005582434,0.0005496519,0.0001849797,0.0003739716,0.0001869858,0.0002016536,0.0001948558,0.0001998002,0.0000000000,0.0000000000,0.0002036245,0.0000000000,0.0000000000,0.0001887861,0.0001781261,0.0000000000,0.0000000000,0.0001920492,0.0001941371,0.0003952569,0.0003907776,0.0001658375,0.0001859082,0.0004116073,0.0000000000,0.0005933544,0.0001898614,0.0000000000,0.0000000000,0.0000000000,0.0001848429,0.0000000000,0.0000000000,0.0005838848,0.0001876173,0.0001958480,0.0001947420,0.0000000000,0.0000000000,0.0000000000,0.0000000000,0.0001937609,0.0000000000,0.0001826818,0.0000000000,0.0001642036,0.0000000000
0.0000000000,0.0000000000,0.0000000000,0.0000000000,0.0000000000,0.0000000000,0.0000000000,0.0000000000,0.0000000000,0.0000000000,0.0000000000,0.0000000000,0.0000000000,0.0000000000,0.0000000000,0.0000000000,0.0000000000,0.0000000000,0.0000000000,0.0000000000,0.0000000000,0.0000000000,0.0000000000,0.0000000000,0.0000000000,0.0000000000,0.0000000000,0.0000000000,0.0000000000,0.0000000000,0.0000000000,0.0000000000,0.0000000000,0.0000000000,0.0000000000,0.0000000000,0.0000000000,0.0000000000,0.0000000000,0.0000000000,0.0000000000,0.0000000000,0.0000000000,0.0000000000,0.0000000000,0.0000000000,0.0000000000,0.0000000000,0.0000000000,0.0000000000,0.0000000000,0.0000000000,0.0000000000,0.0000000000,0.0000000000,0.0000000000,0.0000000000,0.0000000000,0.0000000000,0.0000000000,0.0000000000,0.0000000000,0.0000000000,0.0000000000,0.0000000000,0.0000000000,0.0000000000,0.0000000000,0.0000000000,0.0000000000,0.0000000000,0.0000000000,0.0000000000,0.0000000000,0.0000000000,0.0000000000,0.0000000000,0.0000000000,0.0000000000,0.0000000000,0.0000000000,0.0000000000,0.0000000000,0.0000000000,0.0000000000,0.0000000000,0.0000000000,0.0000000000,0.0000000000,0.0000000000,0.0000000000,0.0000000000,0.0000000000,0.0000000000,0.0000000000,0.0000000000,0.0000000000,0.0000000000,0.0000000000,0.0000000000,0.0000000000,0.0000000000,0.0000000000,0.0000000000,0.0000000000,1.0000000000,0.0401774710,0.0209374256,0.0122129946,0.0050783837,0.0025526484,0.0007822686,0.0008944544,0.0004456328,0.0002186748,0.0000000000,0.0000000000,0.0002241650,0.0002455796,0.0000000000,0.0000000000,0.0004578755,0.0000000000,0.0000000000,0.0004837929,0.0002345766,0.0000000000,0.0008467401,0.0000000000,0.0000000000,0.0002314815,0.0000000000,0.0002395783,0.0000000000,0.0003889537,0.0004453351,0.0002516990,0.0003119152,0.0002397507,0.0000000000,0.0002847380,0.0000000000,0.0000000000,0.0004422822,0.0002164034,0.0000000000,0.0000000000,0.0000000000,0.0000000000,0.0000000000,0.0002390057,0.0001823487,0.0000000000,0.0002246686,0.0002339729,0.0000000000,0.0002180074,0.0000000000,0.0000000000,0.0000000000
0.0000000000,0.0000000000,0.0000000000,0.0000000000,0.0000000000,0.0000000000,0.0000000000,0.0000000000,0.0000000000,0.0000000000,0.0000000000,0.0000000000,0.0000000000,0.0000000000,0.0000000000,0.0000000000,0.0000000000,0.0000000000,0.0000000000,0.0000000000,0.0000000000,0.0000000000,0.0000000000,0.0000000000,0.0000000000,0.0000000000,0.0000000000,0.0000000000,0.0000000000,0.0000000000,0.0000000000,0.0000000000,0.0000000000,0.0000000000,0.0000000000,0.0000000000,0.0000000000,0.0000000000,0.0000000000,0.0000000000,0.0000000000,0.0000000000,0.0000000000,0.0000000000,0.0000000000,0.0000000000,0.0000000000,0.0000000000,0.0000000000,0.0000000000,0.0000000000,0.0000000000,0.0000000000,0.0000000000,0.0000000000,0.0000000000,0.0000000000,0.0000000000,0.0000000000,0.0000000000,0.0000000000,0.0000000000,0.0000000000,0.0000000000,0.0000000000,0.0000000000,0.0000000000,0.0000000000,0.0000000000,0.0000000000,0.0000000000,0.0000000000,0.0000000000,0.0000000000,0.0000000000,0.0000000000,0.0000000000,0.0000000000,0.0000000000,0.0000000000,0.0000000000,0.0000000000,0.0000000000,0.0000000000,0.0000000000,0.0000000000,0.0000000000,0.0000000000,0.0000000000,0.0000000000,0.0000000000,0.0000000000,0.0000000000,0.0000000000,0.0000000000,0.0000000000,0.0000000000,0.0000000000,0.0000000000,0.0000000000,0.0000000000,0.0000000000,0.0000000000,0.0000000000,0.0000000000,0.0000000000,1.0000000000,0.0436533164,0.0174616695,0.0081648523,0.0041314554,0.0017921147,0.0011755486,0.0011723329,0.0007686395,0.0000000000,0.0001962323,0.0000000000,0.0000000000,0.0002049600,0.0002104377,0.0000000000,0.0002101723,0.0002146844,0.0000000000,0.0000000000,0.0000000000,0.0001865324,0.0001997603,0.0004242681,0.0000000000,0.0000000000,0.0000000000,0.0000000000,0.0000000000,0.0003902439,0.0002170610,0.0000000000,0.0000000000,0.0005985634,0.0002411963,0.0000000000,0.0000000000,0.0000000000,0.0000000000,0.0001980198,0.0002046245,0.0001969667,0.0000000000,0.0002048341,0.0000000000,0.0000000000,0.0000000000,0.0001966568,0.0002037490,0.0003661662,0.0001915342,0.0000000000,0.0000000000,0.0000000000
0.0000000000,0.0000000000,0.0000000000,0.0000000000,0.0000000000,0.0000000000,0.0000000000,0.0000000000,0.0000000000,0.0000000000,0.0000000000,0.0000000000,0.0000000000,0.0000000000,0.0000000000,0.0000000000,0.0000000000,0.0000000000,0.0000000000,0.0000000000,0.0000000000,0.0000000000,0.0000000000,0.0000000000,0.0000000000,0.0000000000,0.0000000000,0.0000000000,0.0000000000,0.0000000000,0.0000000000,0.0000000000,0.0000000000,0.0000000000,0.0000000000,0.0000000000,0.0000000000,0.0000000000,0.0000000000,0.0000000000,0.0000000000,0.0000000000,0.0000000000,0.0000000000,0.0000000000,0.0000000000,0.0000000000,0.0000000000,0.0000000000,0.0000000000,0.0000000000,0.0000000000,0.0000000000,0.0000000000,0.0000000000,0.0000000000,0.0000000000,0.0000000000,0.0000000000,0.0000000000,0.0000000000,0.0000000000,0.0000000000,0.0000000000,0.0000000000,0.0000000000,0.0000000000,0.0000000000,0.0000000000,0.0000000000,0.0000000000,0.0000000000,0.0000000000,0.0000000000,0.0000000000,0.0000000000,0.0000000000,0.0000000000,0.0000000000,0.0000000000,0.0000000000,0.0000000000,0.0000000000,0.0000000000,0.0000000000,0.0000000000,0.0000000000,0.0000000000,0.0000000000,0.0000000000,0.0000000000,0.0000000000,0.0000000000,0.0000000000,0.0000000000,0.0000000000,0.0000000000,0.0000000000,0.0000000000,0.0000000000,0.0000000000,0.0000000000,0.0000000000,0.0000000000,0.0000000000,0.0000000000,0.0000000000,1.0000000000,0.0347844644,0.0195888285,0.0091264668,0.0044218439,0.0030977735,0.0005778120,0.0007582938,0.0003829217,0.0001935359,0.0001935734,0.0000000000,0.0000000000,0.0000000000,0.0001970832,0.0002070822,0.0002114612,0.0004133085,0.0002012882,0.0003910833,0.0001840943,0.0001969667,0.0002089427,0.0001990050,0.0000000000,0.0002049600,0.0002025522,0.0000000000,0.0001924187,0.0002137666,0.0000000000,0.0004102564,0.0003933910,0.0000000000,0.0000000000,0.0000000000,0.0001912777,0.0001877582,0.0000000000,0.0000000000,0.0003885759,0.0000000000,0.0000000000,0.0000000000,0.0003232062,0.0000000000,0.0001939488,0.0002008435,0.0003614676,0.0005671078,0.0000000000,0.0001692620,0.0000000000
0.0000000000,0.0000000000,0.0000000000,0.0000000000,0.0000000000,0.0000000000,0.0000000000,0.0000000000,0.0000000000,0.0000000000,0.0000000000,0.0000000000,0.0000000000,0.0000000000,0.0000000000,0.0000000000,0.0000000000,0.0000000000,0.0000000000,0.0000000000,0.0000000000,0.0000000000,0.0000000000,0.0000000000,0.0000000000,0.0000000000,0.0000000000,0.0000000000,0.0000000000,0.0000000000,0.0000000000,0.0000000000,0.0000000000,0.0000000000,0.0000000000,0.0000000000,0.0000000000,0.0000000000,0.0000000000,0.0000000000,0.0000000000,0.0000000000,0.0000000000,0.0000000000,0.0000000000,0.0000000000,0.0000000000,0.0000000000,0.0000000000,0.0000000000,0.0000000000,0.0000000000,0.0000000000,0.0000000000,0.0000000000,0.0000000000,0.0000000000,0.0000000000,0.0000000000,0.0000000000,0.0000000000,0.0000000000,0.0000000000,0.0000000000,0.0000000000,0.0000000000,0.0000000000,0.0000000000,0.0000000000,0.0000000000,0.0000000000,0.0000000000,0.0000000000,0.0000000000,0.0000000000,0.0000000000,0.0000000000,0.0000000000,0.0000000000,0.0000000000,0.0000000000,0.0000000000,0.0000000000,0.0000000000,0.0000000000,0.0000000000,0.0000000000,0.0000000000,0.0000000000,0.0000000000,0.0000000000,0.0000000000,0.0000000000,0.0000000000,0.0000000000,0.0000000000,0.0000000000,0.0000000000,0.0000000000,0.0000000000,0.0000000000,0.0000000000,0.0000000000,0.0000000000,0.0000000000,0.0000000000,0.0000000000,0.0000000000,1.0000000000,0.0413694722,0.0191415313,0.0071019473,0.0041891083,0.0025819265,0.0015612802,0.0007883327,0.0003984858,0.0003985652,0.0002159827,0.0000000000,0.0002138580,0.0000000000,0.0002135839,0.0000000000,0.0002130833,0.0000000000,0.0002012882,0.0001892148,0.0002028398,0.0002155637,0.0000000000,0.0002073828,0.0000000000,0.0000000000,0.0003508772,0.0001980198,0.0006623979,0.0000000000,0.0002114612,0.0000000000,0.0002457002,0.0000000000,0.0000000000,0.0000000000,0.0001930875,0.0000000000,0.0000000000,0.0000000000,0.0000000000,0.0000000000,0.0000000000,0.0001655081,0.0000000000,0.0000000000,0.0000000000,0.0000000000,0.0000000000,0.0003951788,0.0000000000,0.0000000000
0.0000000000,0.0000000000,0.0000000000,0.0000000000,0.0000000000,0.0000000000,0.0000000000,0.0000000000,0.0000000000,0.0000000000,0.0000000000,0.0000000000,0.0000000000,0.0000000000,0.0000000000,0.0000000000,0.0000000000,0.0000000000,0.0000000000,0.0000000000,0.0000000000,0.0000000000,0.0000000000,0.0000000000,0.0000000000,0.0000000000,0.0000000000,0.0000000000,0.0000000000,0.0000000000,0.0000000000,0.0000000000,0.0000000000,0.0000000000,0.0000000000,0.0000000000,0.0000000000,0.0000000000,0.0000000000,0.0000000000,0.0000000000,0.0000000000,0.0000000000,0.0000000000,0.0000000000,0.0000000000,0.0000000000,0.0000000000,0.0000000000,0.0000000000,0.0000000000,0.0000000000,0.0000000000,0.0000000000,0.0000000000,0.0000000000,0.0000000000,0.0000000000,0.0000000000,0.0000000000,0.0000000000,0.0000000000,0.0000000000,0.0000000000,0.0000000000,0.0000000000,0.0000000000,0.0000000000,0.0000000000,0.0000000000,0.0000000000,0.0000000000,0.0000000000,0.0000000000,0.0000000000,0.0000000000,0.0000000000,0.0000000000,0.0000000000,0.0000000000,0.0000000000,0.0000000000,0.0000000000,0.0000000000,0.0000000000,0.0000000000,0.0000000000,0.0000000000,0.0000000000,0.0000000000,0.0000000000,0.0000000000,0.0000000000,0.0000000000,0.0000000000,0.0000000000,0.0000000000,0.0000000000,0.0000000000,0.0000000000,0.0000000000,0.0000000000,0.0000000000,0.0000000000,0.0000000000,0.0000000000,0.0000000000,0.0000000000,0.0000000000,1.0000000000,0.0437419592,0.0117944398,0.0088987764,0.0049732916,0.0025334781,0.0009122423,0.0009218289,0.0007374631,0.0000000000,0.0000000000,0.0001966955,0.0000000000,0.0000000000,0.0000000000,0.0000000000,0.0001912412,0.0001860119,0.0000000000,0.0001873361,0.0000000000,0.0000000000,0.0000000000,0.0000000000,0.0003848374,0.0000000000,0.0000000000,0.0002024701,0.0000000000,0.0001946661,0.0001870557,0.0000000000,0.0000000000,0.0000000000,0.0001821825,0.0001789869,0.0000000000,0.0000000000,0.0001848771,0.0000000000,0.0003836562,0.0000000000,0.0003101256,0.0003668379,0.0001846040,0.0001908397,0.0005178664,0.0003602305,0.0001828154,0.0001621008,0.0003197953
0.0000000000,0.0000000000,0.0000000000,0.0000000000,0.0000000000,0.0000000000,0.0000000000,0.0000000000,0.0000000000,0.0000000000,0.0000000000,0.0000000000,0.0000000000,0.0000000000,0.0000000000,0.0000000000,0.0000000000,0.0000000000,0.0000000000,0.0000000000,0.0000000000,0.0000000000,0.0000000000,0.0000000000,0.0000000000,0.0000000000,0.0000000000,0.0000000000,0.0000000000,0.0000000000,0.0000000000,0.0000000000,0.0000000000,0.0000000000,0.0000000000,0.0000000000,0.0000000000,0.0000000000,0.0000000000,0.0000000000,0.0000000000,0.0000000000,0.0000000000,0.0000000000,0.0000000000,0.0000000000,0.0000000000,0.0000000000,0.0000000000,0.0000000000,0.0000000000,0.0000000000,0.0000000000,0.0000000000,0.0000000000,0.0000000000,0.0000000000,0.0000000000,0.0000000000,0.0000000000,0.0000000000,0.0000000000,0.0000000000,0.0000000000,0.0000000000,0.0000000000,0.0000000000,0.0000000000,0.0000000000,0.0000000000,0.0000000000,0.0000000000,0.0000000000,0.0000000000,0.0000000000,0.0000000000,0.0000000000,0.0000000000,0.0000000000,0.0000000000,0.0000000000,0.0000000000,0.0000000000,0.0000000000,0.0000000000,0.0000000000,0.0000000000,0.0000000000,0.0000000000,0.0000000000,0.0000000000,0.0000000000,0.0000000000,0.0000000000,0.0000000000,0.0000000000,0.0000000000,0.0000000000,0.0000000000,0.0000000000,0.0000000000,0.0000000000,0.0000000000,0.0000000000,0.0000000000,0.0000000000,0.0000000000,0.0000000000,0.0000000000,0.0000000000,1.0000000000,0.0393552439,0.0181719062,0.0106153293,0.0045814978,0.0039111111,0.0026905830,0.0016129032,0.0003847634,0.0003723701,0.0001906578,0.0001819505,0.0001904399,0.0001941371,0.0001900418,0.0001855288,0.0007228045,0.0001708234,0.0000000000,0.0000000000,0.0003672420,0.0000000000,0.0000000000,0.0003732736,0.0003190301,0.0003559986,0.0000000000,0.0000000000,0.0001887505,0.0000000000,0.0000000000,0.0000000000,0.0003951788,0.0001769912,0.0000000000,0.0001804077,0.0000000000,0.0000000000,0.0003741815,0.0000000000,0.0000000000,0.0003025719,0.0003563157,0.0003586157,0.0001851509,0.0005038629,0.0003500788,0.0001775884,0.0003160057,0.0000000000
0.0000000000,0.0000000000,0.0000000000,0.0000000000,0.0000000000,0.0000000000,0.0000000000,0.0000000000,0.0000000000,0.0000000000,0.0000000000,0.0000000000,0.0000000000,0.0000000000,0.0000000000,0.0000000000,0.0000000000,0.0000000000,0.0000000000,0.0000000000,0.0000000000,0.0000000000,0.0000000000,0.0000000000,0.0000000000,0.0000000000,0.0000000000,0.0000000000,0.0000000000,0.0000000000,0.0000000000,0.0000000000,0.0000000000,0.0000000000,0.0000000000,0.0000000000,0.0000000000,0.0000000000,0.0000000000,0.0000000000,0.0000000000,0.0000000000,0.0000000000,0.0000000000,0.0000000000,0.0000000000,0.0000000000,0.0000000000,0.0000000000,0.0000000000,0.0000000000,0.0000000000,0.0000000000,0.0000000000,0.0000000000,0.0000000000,0.0000000000,0.0000000000,0.0000000000,0.0000000000,0.0000000000,0.0000000000,0.0000000000,0.0000000000,0.0000000000,0.0000000000,0.0000000000,0.0000000000,0.0000000000,0.0000000000,0.0000000000,0.0000000000,0.0000000000,0.0000000000,0.0000000000,0.0000000000,0.0000000000,0.0000000000,0.0000000000,0.0000000000,0.0000000000,0.0000000000,0.0000000000,0.0000000000,0.0000000000,0.0000000000,0.0000000000,0.0000000000,0.0000000000,0.0000000000,0.0000000000,0.0000000000,0.0000000000,0.0000000000,0.0000000000,0.0000000000,0.0000000000,0.0000000000,0.0000000000,0.0000000000,0.0000000000,0.0000000000,0.0000000000,0.0000000000,0.0000000000,0.0000000000,0.0000000000,0.0000000000,0.0000000000,0.0000000000,0.0000000000,1.0000000000,0.0359333918,0.0195656848,0.0102574838,0.0039974753,0.0021253985,0.0012744265,0.0002312673,0.0006674082,0.0000000000,0.0000000000,0.0004571429,0.0007019186,0.0004559964,0.0008865248,0.0017185822,0.0008038585,0.0004326195,0.0000000000,0.0000000000,0.0000000000,0.0002259376,0.0004461298,0.0003707824,0.0000000000,0.0000000000,0.0002891845,0.0000000000,0.0000000000,0.0000000000,0.0000000000,0.0004777831,0.0000000000,0.0000000000,0.0002142245,0.0002219756,0.0000000000,0.0002236636,0.0004445432,0.0002254283,0.0001743375,0.0000000000,0.0002126302,0.0002209456,0.0001968117,0.0002066543,0.0000000000,0.0001833181,0.0000000000
0.0000000000,0.0000000000,0.0000000000,0.0000000000,0.0000000000,0.0000000000,0.0000000000,0.0000000000,0.0000000000,0.0000000000,0.0000000000,0.0000000000,0.0000000000,0.0000000000,0.0000000000,0.0000000000,0.0000000000,0.0000000000,0.0000000000,0.0000000000,0.0000000000,0.0000000000,0.0000000000,0.0000000000,0.0000000000,0.0000000000,0.0000000000,0.0000000000,0.0000000000,0.0000000000,0.0000000000,0.0000000000,0.0000000000,0.0000000000,0.0000000000,0.0000000000,0.0000000000,0.0000000000,0.0000000000,0.0000000000,0.0000000000,0.0000000000,0.0000000000,0.0000000000,0.0000000000,0.0000000000,0.0000000000,0.0000000000,0.0000000000,0.0000000000,0.0000000000,0.0000000000,0.0000000000,0.0000000000,0.0000000000,0.0000000000,0.0000000000,0.0000000000,0.0000000000,0.0000000000,0.0000000000,0.0000000000,0.0000000000,0.0000000000,0.0000000000,0.0000000000,0.0000000000,0.0000000000,0.0000000000,0.0000000000,0.0000000000,0.0000000000,0.0000000000,0.0000000000,0.0000000000,0.0000000000,0.0000000000,0.0000000000,0.0000000000,0.0000000000,0.0000000000,0.0000000000,0.0000000000,0.0000000000,0.0000000000,0.0000000000,0.0000000000,0.0000000000,0.0000000000,0.0000000000,0.0000000000,0.0000000000,0.0000000000,0.0000000000,0.0000000000,0.0000000000,0.0000000000,0.0000000000,0.0000000000,0.0000000000,0.0000000000,0.0000000000,0.0000000000,0.0000000000,0.0000000000,0.0000000000,0.0000000000,0.0000000000,0.0000000000,0.0000000000,0.0000000000,0.0000000000,1.0000000000,0.0412231469,0.0197835013,0.0121608980,0.0037502344,0.0028105677,0.0010084712,0.0007794232,0.0001996805,0.0003803728,0.0005985634,0.0002035002,0.0003980892,0.0003881988,0.0003774297,0.0000000000,0.0001900418,0.0002011668,0.0001919386,0.0001940241,0.0001974724,0.0000000000,0.0001657550,0.0000000000,0.0000000000,0.0000000000,0.0000000000,0.0001897533,0.0000000000,0.0000000000,0.0002072539,0.0001847404,0.0000000000,0.0000000000,0.0000000000,0.0001875117,0.0001957330,0.0003893323,0.0000000000,0.0001568874,0.0001859773,0.0001872309,0.0000000000,0.0005247507,0.0000000000,0.0001853912,0.0003282994,0.0000000000
0.0000000000,0.0000000000,0.0000000000,0.0000000000,0.0000000000,0.0000000000,0.0000000000,0.0000000000,0.0000000000,0.0000000000,0.0000000000,0.0000000000,0.0000000000,0.0000000000,0.0000000000,0.0000000000,0.0000000000,0.0000000000,0.0000000000,0.0000000000,0.0000000000,0.0000000000,0.0000000000,0.0000000000,0.0000000000,0.0000000000,0.0000000000,0.0000000000,0.0000000000,0.0000000000,0.0000000000,0.0000000000,0.0000000000,0.0000000000,0.0000000000,0.0000000000,0.0000000000,0.0000000000,0.0000000000,0.0000000000,0.0000000000,0.0000000000,0.0000000000,0.0000000000,0.0000000000,0.0000000000,0.0000000000,0.0000000000,0.0000000000,0.0000000000,0.0000000000,0.0000000000,0.0000000000,0.0000000000,0.0000000000,0.0000000000,0.0000000000,0.0000000000,0.0000000000,0.0000000000,0.0000000000,0.0000000000,0.0000000000,0.0000000000,0.0000000000,0.0000000000,0.0000000000,0.0000000000,0.0000000000,0.0000000000,0.0000000000,0.0000000000,0.0000000000,0.0000000000,0.0000000000,0.0000000000,0.0000000000,0.0000000000,0.0000000000,0.0000000000,0.0000000000,0.0000000000,0.0000000000,0.0000000000,0.0000000000,0.0000000000,0.0000000000,0.0000000000,0.0000000000,0.0000000000,0.0000000000,0.0000000000,0.0000000000,0.0000000000,0.0000000000,0.0000000000,0.0000000000,0.0000000000,0.0000000000,0.0000000000,0.0000000000,0.0000000000,0.0000000000,0.0000000000,0.0000000000,0.0000000000,0.0000000000,0.0000000000,0.0000000000,0.0000000000,0.0000000000,0.0000000000,0.0000000000,1.0000000000,0.0502300613,0.0228172732,0.0088345865,0.0059992501,0.0012070006,0.0007773028,0.0007969715,0.0001896454,0.0005968961,0.0004059265,0.0003969829,0.0007745933,0.0000000000,0.0001775884,0.0005688282,0.0000000000,0.0001914242,0.0001934985,0.0000000000,0.0000000000,0.0001653713,0.0000000000,0.0002050441,0.0000000000,0.0000000000,0.0000000000,0.0000000000,0.0000000000,0.0000000000,0.0001842639,0.0001809955,0.0005641219,0.0000000000,0.0005612722,0.0003904725,0.0005825243,0.0001965409,0.0004697776,0.0000000000,0.0001867414,0.0000000000,0.0003489184,0.0000000000,0.0003698909,0.0003275467,0.0000000000
0.0000000000,0.0000000000,0.0000000000,0.0000000000,0.0000000000,0.0000000000,0.0000000000,0.0000000000,0.0000000000,0.0000000000,0.0000000000,0.0000000000,0.0000000000,0.0000000000,0.0000000000,0.0000000000,0.0000000000,0.0000000000,0.0000000000,0.0000000000,0.0000000000,0.0000000000,0.0000000000,0.0000000000,0.0000000000,0.0000000000,0.0000000000,0.0000000000,0.0000000000,0.0000000000,0.0000000000,0.0000000000,0.0000000000,0.0000000000,0.0000000000,0.0000000000,0.0000000000,0.0000000000,0.0000000000,0.0000000000,0.0000000000,0.0000000000,0.0000000000,0.0000000000,0.0000000000,0.0000000000,0.0000000000,0.0000000000,0.0000000000,0.0000000000,0.0000000000,0.0000000000,0.0000000000,0.0000000000,0.0000000000,0.0000000000,0.0000000000,0.0000000000,0.0000000000,0.0000000000,0.0000000000,0.0000000000,0.0000000000,0.0000000000,0.0000000000,0.0000000000,0.0000000000,0.0000000000,0.0000000000,0.0000000000,0.0000000000,0.0000000000,0.0000000000,0.0000000000,0.0000000000,0.0000000000,0.0000000000,0.0000000000,0.0000000000,0.0000000000,0.0000000000,0.0000000000,0.0000000000,0.0000000000,0.0000000000,0.0000000000,0.0000000000,0.0000000000,0.0000000000,0.0000000000,0.0000000000,0.0000000000,0.0000000000,0.0000000000,0.0000000000,0.0000000000,0.0000000000,0.0000000000,0.0000000000,0.0000000000,0.0000000000,0.0000000000,0.0000000000,0.0000000000,0.0000000000,0.0000000000,0.0000000000,0.0000000000,0.0000000000,0.0000000000,0.0000000000,0.0000000000,0.0000000000,0.0000000000,1.0000000000,0.0535577659,0.0221263829,0.0111317254,0.0053635280,0.0034509202,0.0021585557,0.0014953271,0.0005870841,0.0001995211,0.0007812500,0.0007621951,0.0001852538,0.0000000000,0.0007466866,0.0001972776,0.0003768607,0.0001904037,0.0000000000,0.0001915709,0.0000000000,0.0000000000,0.0000000000,0.0000000000,0.0000000000,0.0000000000,0.0000000000,0.0000000000,0.0000000000,0.0001814553,0.0001782849,0.0001850481,0.0000000000,0.0001841282,0.0000000000,0.0007643799,0.0001933488,0.0003090712,0.0003653635,0.0000000000,0.0003801559,0.0000000000,0.0000000000,0.0003642324,0.0001615248,0.0000000000
0.0000000000,0.0000000000,0.0000000000,0.0000000000,0.0000000000,0.0000000000,0.0000000000,0.0000000000,0.0000000000,0.0000000000,0.0000000000,0.0000000000,0.0000000000,0.0000000000,0.0000000000,0.0000000000,0.0000000000,0.0000000000,0.0000000000,0.0000000000,0.0000000000,0.0000000000,0.0000000000,0.0000000000,0.0000000000,0.0000000000,0.0000000000,0.0000000000,0.0000000000,0.0000000000,0.0000000000,0.0000000000,0.0000000000,0.0000000000,0.0000000000,0.0000000000,0.0000000000,0.0000000000,0.0000000000,0.0000000000,0.0000000000,0.0000000000,0.0000000000,0.0000000000,0.0000000000,0.0000000000,0.0000000000,0.0000000000,0.0000000000,0.0000000000,0.0000000000,0.0000000000,0.0000000000,0.0000000000,0.0000000000,0.0000000000,0.0000000000,0.0000000000,0.0000000000,0.0000000000,0.0000000000,0.0000000000,0.0000000000,0.0000000000,0.0000000000,0.0000000000,0.0000000000,0.0000000000,0.0000000000,0.0000000000,0.0000000000,0.0000000000,0.0000000000,0.0000000000,0.0000000000,0.0000000000,0.0000000000,0.0000000000,0.0000000000,0.0000000000,0.0000000000,0.0000000000,0.0000000000,0.0000000000,0.0000000000,0.0000000000,0.0000000000,0.0000000000,0.0000000000,0.0000000000,0.0000000000,0.0000000000,0.0000000000,0.0000000000,0.0000000000,0.0000000000,0.0000000000,0.0000000000,0.0000000000,0.0000000000,0.0000000000,0.0000000000,0.0000000000,0.0000000000,0.0000000000,0.0000000000,0.0000000000,0.0000000000,0.0000000000,0.0000000000,0.0000000000,0.0000000000,0.0000000000,0.0000000000,0.0000000000,1.0000000000,0.0518417462,0.0254656024,0.0115151515,0.0060205865,0.0029773720,0.0020782165,0.0005933544,0.0006053269,0.0011848341,0.0003849115,0.0001871257,0.0000000000,0.0001884659,0.0001994018,0.0001903312,0.0003848374,0.0000000000,0.0000000000,0.0000000000,0.0000000000,0.0002037905,0.0000000000,0.0000000000,0.0001881822,0.0000000000,0.0000000000,0.0000000000,0.0000000000,0.0000000000,0.0000000000,0.0000000000,0.0000000000,0.0000000000,0.0000000000,0.0003908540,0.0003116721,0.0000000000,0.0001857010,0.0000000000,0.0001735207,0.0000000000,0.0000000000,0.0004889976,0.0000000000
0.0000000000,0.0000000000,0.0000000000,0.0000000000,0.0000000000,0.0000000000,0.0000000000,0.0000000000,0.0000000000,0.0000000000,0.0000000000,0.0000000000,0.0000000000,0.0000000000,0.0000000000,0.0000000000,0.0000000000,0.0000000000,0.0000000000,0.0000000000,0.0000000000,0.0000000000,0.0000000000,0.0000000000,0.0000000000,0.0000000000,0.0000000000,0.0000000000,0.0000000000,0.0000000000,0.0000000000,0.0000000000,0.0000000000,0.0000000000,0.0000000000,0.0000000000,0.0000000000,0.0000000000,0.0000000000,0.0000000000,0.0000000000,0.0000000000,0.0000000000,0.0000000000,0.0000000000,0.0000000000,0.0000000000,0.0000000000,0.0000000000,0.0000000000,0.0000000000,0.0000000000,0.0000000000,0.0000000000,0.0000000000,0.0000000000,0.0000000000,0.0000000000,0.0000000000,0.0000000000,0.0000000000,0.0000000000,0.0000000000,0.0000000000,0.0000000000,0.0000000000,0.0000000000,0.0000000000,0.0000000000,0.0000000000,0.0000000000,0.0000000000,0.0000000000,0.0000000000,0.0000000000,0.0000000000,0.0000000000,0.0000000000,0.0000000000,0.0000000000,0.0000000000,0.0000000000,0.0000000000,0.0000000000,0.0000000000,0.0000000000,0.0000000000,0.0000000000,0.0000000000,0.0000000000,0.0000000000,0.0000000000,0.0000000000,0.0000000000,0.0000000000,0.0000000000,0.0000000000,0.0000000000,0.0000000000,0.0000000000,0.0000000000,0.0000000000,0.0000000000,0.0000000000,0.0000000000,0.0000000000,0.0000000000,0.0000000000,0.0000000000,0.0000000000,0.0000000000,0.0000000000,0.0000000000,0.0000000000,0.0000000000,0.0000000000,1.0000000000,0.0513981883,0.0191476220,0.0098561009,0.0062437059,0.0032504780,0.0018025235,0.0008166599,0.0009984026,0.0007786646,0.0001891432,0.0001784440,0.0003810976,0.0002016942,0.0003849115,0.0005837712,0.0001979806,0.0001957330,0.0001661130,0.0001862544,0.0000000000,0.0000000000,0.0001980983,0.0000000000,0.0002278423,0.0000000000,0.0004157140,0.0001851852,0.0003638348,0.0001889288,0.0001949318,0.0000000000,0.0000000000,0.0000000000,0.0000000000,0.0001572080,0.0000000000,0.0000000000,0.0001941371,0.0000000000,0.0005492494,0.0003717472,0.0001644737,0.0000000000
0.0000000000,0.0000000000,0.0000000000,0.0000000000,0.0000000000,0.0000000000,0.0000000000,0.0000000000,0.0000000000,0.0000000000,0.0000000000,0.0000000000,0.0000000000,0.0000000000,0.0000000000,0.0000000000,0.0000000000,0.0000000000,0.0000000000,0.0000000000,0.0000000000,0.0000000000,0.0000000000,0.0000000000,0.0000000000,0.0000000000,0.0000000000,0.0000000000,0.0000000000,0.0000000000,0.0000000000,0.0000000000,0.0000000000,0.0000000000,0.0000000000,0.0000000000,0.0000000000,0.0000000000,0.0000000000,0.0000000000,0.0000000000,0.0000000000,0.0000000000,0.0000000000,0.0000000000,0.0000000000,0.0000000000,0.0000000000,0.0000000000,0.0000000000,0.0000000000,0.0000000000,0.0000000000,0.0000000000,0.0000000000,0.0000000000,0.0000000000,0.0000000000,0.0000000000,0.0000000000,0.0000000000,0.0000000000,0.0000000000,0.0000000000,0.0000000000,0.0000000000,0.0000000000,0.0000000000,0.0000000000,0.0000000000,0.0000000000,0.0000000000,0.0000000000,0.0000000000,0.0000000000,0.0000000000,0.0000000000,0.0000000000,0.0000000000,0.0000000000,0.0000000000,0.0000000000,0.0000000000,0.0000000000,0.0000000000,0.0000000000,0.0000000000,0.0000000000,0.0000000000,0.0000000000,0.0000000000,0.0000000000,0.0000000000,0.0000000000,0.0000000000,0.0000000000,0.0000000000,0.0000000000,0.0000000000,0.0000000000,0.0000000000,0.0000000000,0.0000000000,0.0000000000,0.0000000000,0.0000000000,0.0000000000,0.0000000000,0.0000000000,0.0000000000,0.0000000000,0.0000000000,0.0000000000,0.0000000000,0.0000000000,0.0000000000,0.0000000000,1.0000000000,0.0469642479,0.0252201761,0.0154502948,0.0094285165,0.0048221820,0.0030699959,0.0024000000,0.0013637249,0.0003784295,0.0003570154,0.0001905488,0.0002017349,0.0001924557,0.0000000000,0.0003961180,0.0001957713,0.0004985873,0.0001862891,0.0000000000,0.0002449780,0.0001981375,0.0001902588,0.0000000000,0.0000000000,0.0004158004,0.0003705076,0.0003639010,0.0000000000,0.0001949698,0.0000000000,0.0003926188,0.0001951600,0.0000000000,0.0003145149,0.0000000000,0.0000000000,0.0001941748,0.0001752848,0.0005493499,0.0000000000,0.0000000000,0.0000000000
0.0000000000,0.0000000000,0.0000000000,0.0000000000,0.0000000000,0.0000000000,0.0000000000,0.0000000000,0.0000000000,0.0000000000,0.0000000000,0.0000000000,0.0000000000,0.0000000000,0.0000000000,0.0000000000,0.0000000000,0.0000000000,0.0000000000,0.0000000000,0.0000000000,0.0000000000,0.0000000000,0.0000000000,0.0000000000,0.0000000000,0.0000000000,0.0000000000,0.0000000000,0.0000000000,0.0000000000,0.0000000000,0.0000000000,0.0000000000,0.0000000000,0.0000000000,0.0000000000,0.0000000000,0.0000000000,0.0000000000,0.0000000000,0.0000000000,0.0000000000,0.0000000000,0.0000000000,0.0000000000,0.0000000000,0.0000000000,0.0000000000,0.0000000000,0.0000000000,0.0000000000,0.0000000000,0.0000000000,0.0000000000,0.0000000000,0.0000000000,0.0000000000,0.0000000000,0.0000000000,0.0000000000,0.0000000000,0.0000000000,0.0000000000,0.0000000000,0.0000000000,0.0000000000,0.0000000000,0.0000000000,0.0000000000,0.0000000000,0.0000000000,0.0000000000,0.0000000000,0.0000000000,0.0000000000,0.0000000000,0.0000000000,0.0000000000,0.0000000000,0.0000000000,0.0000000000,0.0000000000,0.0000000000,0.0000000000,0.0000000000,0.0000000000,0.0000000000,0.0000000000,0.0000000000,0.0000000000,0.0000000000,0.0000000000,0.0000000000,0.0000000000,0.0000000000,0.0000000000,0.0000000000,0.0000000000,0.0000000000,0.0000000000,0.0000000000,0.0000000000,0.0000000000,0.0000000000,0.0000000000,0.0000000000,0.0000000000,0.0000000000,0.0000000000,0.0000000000,0.0000000000,0.0000000000,0.0000000000,0.0000000000,0.0000000000,0.0000000000,0.0000000000,1.0000000000,0.0501442201,0.0244661922,0.0139874739,0.0056694287,0.0051236356,0.0028199566,0.0018979334,0.0004084967,0.0005755948,0.0002058037,0.0002189142,0.0000000000,0.0000000000,0.0002145462,0.0000000000,0.0001776199,0.0000000000,0.0000000000,0.0000000000,0.0000000000,0.0000000000,0.0000000000,0.0000000000,0.0002261420,0.0005990415,0.0000000000,0.0000000000,0.0000000000,0.0004057618,0.0000000000,0.0002111932,0.0002140869,0.0003350084,0.0002010454,0.0002025111,0.0002100399,0.0000000000,0.0003942440,0.0000000000,0.0001757469,0.0000000000
0.0000000000,0.0000000000,0.0000000000,0.0000000000,0.0000000000,0.0000000000,0.0000000000,0.0000000000,0.0000000000,0.0000000000,0.0000000000,0.0000000000,0.0000000000,0.0000000000,0.0000000000,0.0000000000,0.0000000000,0.0000000000,0.0000000000,0.0000000000,0.0000000000,0.0000000000,0.0000000000,0.0000000000,0.0000000000,0.0000000000,0.0000000000,0.0000000000,0.0000000000,0.0000000000,0.0000000000,0.0000000000,0.0000000000,0.0000000000,0.0000000000,0.0000000000,0.0000000000,0.0000000000,0.0000000000,0.0000000000,0.0000000000,0.0000000000,0.0000000000,0.0000000000,0.0000000000,0.0000000000,0.0000000000,0.0000000000,0.0000000000,0.0000000000,0.0000000000,0.0000000000,0.0000000000,0.0000000000,0.0000000000,0.0000000000,0.0000000000,0.0000000000,0.0000000000,0.0000000000,0.0000000000,0.0000000000,0.0000000000,0.0000000000,0.0000000000,0.0000000000,0.0000000000,0.0000000000,0.0000000000,0.0000000000,0.0000000000,0.0000000000,0.0000000000,0.0000000000,0.0000000000,0.0000000000,0.0000000000,0.0000000000,0.0000000000,0.0000000000,0.0000000000,0.0000000000,0.0000000000,0.0000000000,0.0000000000,0.0000000000,0.0000000000,0.0000000000,0.0000000000,0.0000000000,0.0000000000,0.0000000000,0.0000000000,0.0000000000,0.0000000000,0.0000000000,0.0000000000,0.0000000000,0.0000000000,0.0000000000,0.0000000000,0.0000000000,0.0000000000,0.0000000000,0.0000000000,0.0000000000,0.0000000000,0.0000000000,0.0000000000,0.0000000000,0.0000000000,0.0000000000,0.0000000000,0.0000000000,0.0000000000,0.0000000000,0.0000000000,0.0000000000,0.0000000000,1.0000000000,0.0420846053,0.0236060236,0.0122699387,0.0077436008,0.0048187723,0.0022389579,0.0009869720,0.0005571031,0.0001987281,0.0002109260,0.0002008032,0.0002030869,0.0000000000,0.0000000000,0.0000000000,0.0001940994,0.0002158429,0.0002586653,0.0000000000,0.0000000000,0.0002396932,0.0000000000,0.0004353505,0.0001929385,0.0000000000,0.0001970055,0.0000000000,0.0001959632,0.0002049600,0.0000000000,0.0000000000,0.0003255738,0.0000000000,0.0000000000,0.0000000000,0.0000000000,0.0003812429,0.0000000000,0.0001705611,0.0000000000
0.0000000000,0.0000000000,0.0000000000,0.0000000000,0.0000000000,0.0000000000,0.0000000000,0.0000000000,0.0000000000,0.0000000000,0.0000000000,0.0000000000,0.0000000000,0.0000000000,0.0000000000,0.0000000000,0.0000000000,0.0000000000,0.0000000000,0.0000000000,0.0000000000,0.0000000000,0.0000000000,0.0000000000,0.0000000000,0.0000000000,0.0000000000,0.0000000000,0.0000000000,0.0000000000,0.0000000000,0.0000000000,0.0000000000,0.0000000000,0.0000000000,0.0000000000,0.0000000000,0.0000000000,0.0000000000,0.0000000000,0.0000000000,0.0000000000,0.0000000000,0.0000000000,0.0000000000,0.0000000000,0.0000000000,0.0000000000,0.0000000000,0.0000000000,0.0000000000,0.0000000000,0.0000000000,0.0000000000,0.0000000000,0.0000000000,0.0000000000,0.0000000000,0.0000000000,0.0000000000,0.0000000000,0.0000000000,0.0000000000,0.0000000000,0.0000000000,0.0000000000,0.0000000000,0.0000000000,0.0000000000,0.0000000000,0.0000000000,0.0000000000,0.0000000000,0.0000000000,0.0000000000,0.0000000000,0.0000000000,0.0000000000,0.0000000000,0.0000000000,0.0000000000,0.0000000000,0.0000000000,0.0000000000,0.0000000000,0.0000000000,0.0000000000,0.0000000000,0.0000000000,0.0000000000,0.0000000000,0.0000000000,0.0000000000,0.0000000000,0.0000000000,0.0000000000,0.0000000000,0.0000000000,0.0000000000,0.0000000000,0.0000000000,0.0000000000,0.0000000000,0.0000000000,0.0000000000,0.0000000000,0.0000000000,0.0000000000,0.0000000000,0.0000000000,0.0000000000,0.0000000000,0.0000000000,0.0000000000,0.0000000000,0.0000000000,0.0000000000,0.0000000000,0.0000000000,0.0000000000,1.0000000000,0.0516945517,0.0181420765,0.0113157311,0.0071182053,0.0033465802,0.0014178651,0.0007608902,0.0010202000,0.0002167317,0.0000000000,0.0004170142,0.0002124495,0.0000000000,0.0000000000,0.0000000000,0.0004439512,0.0000000000,0.0004252605,0.0002035416,0.0000000000,0.0000000000,0.0002238138,0.0001977848,0.0001940241,0.0000000000,0.0000000000,0.0000000000,0.0000000000,0.0000000000,0.0000000000,0.0001661958,0.0000000000,0.0002006421,0.0000000000,0.0000000000,0.0001953125,0.0000000000,0.0000000000,0.0000000000
0.0000000000,0.0000000000,0.0000000000,0.0000000000,0.0000000000,0.0000000000,0.0000000000,0.0000000000,0.0000000000,0.0000000000,0.0000000000,0.0000000000,0.0000000000,0.0000000000,0.0000000000,0.0000000000,0.0000000000,0.0000000000,0.0000000000,0.0000000000,0.0000000000,0.0000000000,0.0000000000,0.0000000000,0.0000000000,0.0000000000,0.0000000000,0.0000000000,0.0000000000,0.0000000000,0.0000000000,0.0000000000,0.0000000000,0.0000000000,0.0000000000,0.0000000000,0.0000000000,0.0000000000,0.0000000000,0.0000000000,0.0000000000,0.0000000000,0.0000000000,0.0000000000,0.0000000000,0.0000000000,0.0000000000,0.0000000000,0.0000000000,0.0000000000,0.0000000000,0.0000000000,0.0000000000,0.0000000000,0.0000000000,0.0000000000,0.0000000000,0.0000000000,0.0000000000,0.0000000000,0.0000000000,0.0000000000,0.0000000000,0.0000000000,0.0000000000,0.0000000000,0.0000000000,0.0000000000,0.0000000000,0.0000000000,0.0000000000,0.0000000000,0.0000000000,0.0000000000,0.0000000000,0.0000000000,0.0000000000,0.0000000000,0.0000000000,0.0000000000,0.0000000000,0.0000000000,0.0000000000,0.0000000000,0.0000000000,0.0000000000,0.0000000000,0.0000000000,0.0000000000,0.0000000000,0.0000000000,0.0000000000,0.0000000000,0.0000000000,0.0000000000,0.0000000000,0.0000000000,0.0000000000,0.0000000000,0.0000000000,0.0000000000,0.0000000000,0.0000000000,0.0000000000,0.0000000000,0.0000000000,0.0000000000,0.0000000000,0.0000000000,0.0000000000,0.0000000000,0.0000000000,0.0000000000,0.0000000000,0.0000000000,0.0000000000,0.0000000000,0.0000000000,0.0000000000,0.0000000000,0.0000000000,1.0000000000,0.0471416382,0.0225388050,0.0127624537,0.0071827614,0.0046412686,0.0023640662,0.0013592233,0.0006169031,0.0003919263,0.0001980983,0.0002016942,0.0000000000,0.0000000000,0.0005688282,0.0000000000,0.0002506266,0.0002018163,0.0000000000,0.0000000000,0.0003511236,0.0004239084,0.0001884304,0.0005552471,0.0001923077,0.0001985309,0.0000000000,0.0001998801,0.0000000000,0.0002012882,0.0004787743,0.0001897173,0.0003821169,0.0000000000,0.0000000000,0.0001861851,0.0000000000,0.0001670286,0.0000000000
0.0000000000,0.0000000000,0.0000000000,0.0000000000,0.0000000000,0.0000000000,0.0000000000,0.0000000000,0.0000000000,0.0000000000,0.0000000000,0.0000000000,0.0000000000,0.0000000000,0.0000000000,0.0000000000,0.0000000000,0.0000000000,0.0000000000,0.0000000000,0.0000000000,0.0000000000,0.0000000000,0.0000000000,0.0000000000,0.0000000000,0.0000000000,0.0000000000,0.0000000000,0.0000000000,0.0000000000,0.0000000000,0.0000000000,0.0000000000,0.0000000000,0.0000000000,0.0000000000,0.0000000000,0.0000000000,0.0000000000,0.0000000000,0.0000000000,0.0000000000,0.0000000000,0.0000000000,0.0000000000,0.0000000000,0.0000000000,0.0000000000,0.0000000000,0.0000000000,0.0000000000,0.0000000000,0.0000000000,0.0000000000,0.0000000000,0.0000000000,0.0000000000,0.0000000000,0.0000000000,0.0000000000,0.0000000000,0.0000000000,0.0000000000,0.0000000000,0.0000000000,0.0000000000,0.0000000000,0.0000000000,0.0000000000,0.0000000000,0.0000000000,0.0000000000,0.0000000000,0.0000000000,0.0000000000,0.0000000000,0.0000000000,0.0000000000,0.0000000000,0.0000000000,0.0000000000,0.0000000000,0.0000000000,0.0000000000,0.0000000000,0.0000000000,0.0000000000,0.0000000000,0.0000000000,0.0000000000,0.0000000000,0.0000000000,0.0000000000,0.0000000000,0.0000000000,0.0000000000,0.0000000000,0.0000000000,0.0000000000,0.0000000000,0.0000000000,0.0000000000,0.0000000000,0.0000000000,0.0000000000,0.0000000000,0.0000000000,0.0000000000,0.0000000000,0.0000000000,0.0000000000,0.0000000000,0.0000000000,0.0000000000,0.0000000000,0.0000000000,0.0000000000,0.0000000000,0.0000000000,0.0000000000,0.0000000000,1.0000000000,0.0386891215,0.0178532550,0.0109450642,0.0052802600,0.0036204268,0.0016313214,0.0010831889,0.0004116921,0.0004164931,0.0002121791,0.0002095997,0.0001759944,0.0003976143,0.0002216312,0.0000000000,0.0000000000,0.0000000000,0.0002468526,0.0000000000,0.0004471272,0.0001975504,0.0001937984,0.0000000000,0.0004174494,0.0000000000,0.0000000000,0.0000000000,0.0000000000,0.0004982561,0.0000000000,0.0004008819,0.0000000000,0.0000000000,0.0000000000,0.0001982947,0.0001741553,0.0000000000
0.0000000000,0.0000000000,0.0000000000,0.0000000000,0.0000000000,0.0000000000,0.0000000000,0.0000000000,0.0000000000,0.0000000000,0.0000000000,0.0000000000,0.0000000000,0.0000000000,0.0000000000,0.0000000000,0.0000000000,0.0000000000,0.0000000000,0.0000000000,0.0000000000,0.0000000000,0.0000000000,0.0000000000,0.0000000000,0.0000000000,0.0000000000,0.0000000000,0.0000000000,0.0000000000,0.0000000000,0.0000000000,0.0000000000,0.0000000000,0.0000000000,0.0000000000,0.0000000000,0.0000000000,0.0000000000,0.0000000000,0.0000000000,0.0000000000,0.0000000000,0.0000000000,0.0000000000,0.0000000000,0.0000000000,0.0000000000,0.0000000000,0.0000000000,0.0000000000,0.0000000000,0.0000000000,0.0000000000,0.0000000000,0.0000000000,0.0000000000,0.0000000000,0.0000000000,0.0000000000,0.0000000000,0.0000000000,0.0000000000,0.0000000000,0.0000000000,0.0000000000,0.0000000000,0.0000000000,0.0000000000,0.0000000000,0.0000000000,0.0000000000,0.0000000000,0.0000000000,0.0000000000,0.0000000000,0.0000000000,0.0000000000,0.0000000000,0.0000000000,0.0000000000,0.0000000000,0.0000000000,0.0000000000,0.0000000000,0.0000000000,0.0000000000,0.0000000000,0.0000000000,0.0000000000,0.0000000000,0.0000000000,0.0000000000,0.0000000000,0.0000000000,0.0000000000,0.0000000000,0.0000000000,0.0000000000,0.0000000000,0.0000000000,0.0000000000,0.0000000000,0.0000000000,0.0000000000,0.0000000000,0.0000000000,0.0000000000,0.0000000000,0.0000000000,0.0000000000,0.0000000000,0.0000000000,0.0000000000,0.0000000000,0.0000000000,0.0000000000,0.0000000000,0.0000000000,0.0000000000,0.0000000000,0.0000000000,0.0000000000,1.0000000000,0.0402455662,0.0173047804,0.0099958351,0.0048619214,0.0037546934,0.0022168034,0.0008410429,0.0008510638,0.0002167787,0.0000000000,0.0003583587,0.0002027986,0.0000000000,0.0000000000,0.0004339336,0.0002075119,0.0000000000,0.0000000000,0.0000000000,0.0002015316,0.0005931198,0.0000000000,0.0000000000,0.0000000000,0.0000000000,0.0000000000,0.0000000000,0.0005066712,0.0000000000,0.0004090816,0.0002121791,0.0003797228,0.0000000000,0.0000000000,0.0001772421,0.0000000000
0.0000000000,0.0000000000,0.0000000000,0.0000000000,0.0000000000,0.0000000000,0.0000000000,0.0000000000,0.0000000000,0.0000000000,0.0000000000,0.0000000000,0.0000000000,0.0000000000,0.0000000000,0.0000000000,0.0000000000,0.0000000000,0.0000000000,0.0000000000,0.0000000000,0.0000000000,0.0000000000,0.0000000000,0.0000000000,0.0000000000,0.0000000000,0.0000000000,0.0000000000,0.0000000000,0.0000000000,0.0000000000,0.0000000000,0.0000000000,0.0000000000,0.0000000000,0.0000000000,0.0000000000,0.0000000000,0.0000000000,0.0000000000,0.0000000000,0.0000000000,0.0000000000,0.0000000000,0.0000000000,0.0000000000,0.0000000000,0.0000000000,0.0000000000,0.0000000000,0.0000000000,0.0000000000,0.0000000000,0.0000000000,0.0000000000,0.0000000000,0.0000000000,0.0000000000,0.0000000000,0.0000000000,0.0000000000,0.0000000000,0.0000000000,0.0000000000,0.0000000000,0.0000000000,0.0000000000,0.0000000000,0.0000000000,0.0000000000,0.0000000000,0.0000000000,0.0000000000,0.0000000000,0.0000000000,0.0000000000,0.0000000000,0.0000000000,0.0000000000,0.0000000000,0.0000000000,0.0000000000,0.0000000000,0.0000000000,0.0000000000,0.0000000000,0.0000000000,0.0000000000,0.0000000000,0.0000000000,0.0000000000,0.0000000000,0.0000000000,0.0000000000,0.0000000000,0.0000000000,0.0000000000,0.0000000000,0.0000000000,0.0000000000,0.0000000000,0.0000000000,0.0000000000,0.0000000000,0.0000000000,0.0000000000,0.0000000000,0.0000000000,0.0000000000,0.0000000000,0.0000000000,0.0000000000,0.0000000000,0.0000000000,0.0000000000,0.0000000000,0.0000000000,0.0000000000,0.0000000000,0.0000000000,0.0000000000,0.0000000000,0.0000000000,1.0000000000,0.0456125109,0.0203619910,0.0113048477,0.0059256232,0.0025974026,0.0010275380,0.0010395010,0.0002116850,0.0004183225,0.0003513703,0.0000000000,0.0000000000,0.0000000000,0.0000000000,0.0000000000,0.0000000000,0.0000000000,0.0000000000,0.0001971220,0.0000000000,0.0000000000,0.0000000000,0.0000000000,0.0002096876,0.0002084202,0.0002112379,0.0001657275,0.0000000000,0.0004000000,0.0000000000,0.0000000000,0.0001946661,0.0000000000,0.0001738224,0.0000000000
0.0000000000,0.0000000000,0.0000000000,0.0000000000,0.0000000000,0.0000000000,0.0000000000,0.0000000000,0.0000000000,0.0000000000,0.0000000000,0.0000000000,0.0000000000,0.0000000000,0.0000000000,0.0000000000,0.0000000000,0.0000000000,0.0000000000,0.0000000000,0.0000000000,0.0000000000,0.0000000000,0.0000000000,0.0000000000,0.0000000000,0.0000000000,0.0000000000,0.0000000000,0.0000000000,0.0000000000,0.0000000000,0.0000000000,0.0000000000,0.0000000000,0.0000000000,0.0000000000,0.0000000000,0.0000000000,0.0000000000,0.0000000000,0.0000000000,0.0000000000,0.0000000000,0.0000000000,0.0000000000,0.0000000000,0.0000000000,0.0000000000,0.0000000000,0.0000000000,0.0000000000,0.0000000000,0.0000000000,0.0000000000,0.0000000000,0.0000000000,0.0000000000,0.0000000000,0.0000000000,0.0000000000,0.0000000000,0.0000000000,0.0000000000,0.0000000000,0.0000000000,0.0000000000,0.0000000000,0.0000000000,0.0000000000,0.0000000000,0.0000000000,0.0000000000,0.0000000000,0.0000000000,0.0000000000,0.0000000000,0.0000000000,0.0000000000,0.0000000000,0.0000000000,0.0000000000,0.0000000000,0.0000000000,0.0000000000,0.0000000000,0.0000000000,0.0000000000,0.0000000000,0.0000000000,0.0000000000,0.0000000000,0.0000000000,0.0000000000,0.0000000000,0.0000000000,0.0000000000,0.0000000000,0.0000000000,0.0000000000,0.0000000000,0.0000000000,0.0000000000,0.0000000000,0.0000000000,0.0000000000,0.0000000000,0.0000000000,0.0000000000,0.0000000000,0.0000000000,0.0000000000,0.0000000000,0.0000000000,0.0000000000,0.0000000000,0.0000000000,0.0000000000,0.0000000000,0.0000000000,0.0000000000,0.0000000000,0.0000000000,0.0000000000,0.0000000000,1.0000000000,0.0394199346,0.0176957831,0.0077813248,0.0029498525,0.0018036072,0.0008098805,0.0000000000,0.0000000000,0.0000000000,0.0001934236,0.0002150075,0.0002574665,0.0002062281,0.0001977066,0.0002386635,0.0000000000,0.0000000000,0.0001922707,0.0000000000,0.0000000000,0.0000000000,0.0001952744,0.0004084967,0.0000000000,0.0000000000,0.0000000000,0.0000000000,0.0001949698,0.0002019386,0.0000000000,0.0003799392,0.0001929757,0.0000000000,0.0000000000
0.0000000000,0.0000000000,0.0000000000,0.0000000000,0.0000000000,0.0000000000,0.0000000000,0.0000000000,0.0000000000,0.0000000000,0.0000000000,0.0000000000,0.0000000000,0.0000000000,0.0000000000,0.0000000000,0.0000000000,0.0000000000,0.0000000000,0.0000000000,0.0000000000,0.0000000000,0.0000000000,0.0000000000,0.0000000000,0.0000000000,0.0000000000,0.0000000000,0.0000000000,0.0000000000,0.0000000000,0.0000000000,0.0000000000,0.0000000000,0.0000000000,0.0000000000,0.0000000000,0.0000000000,0.0000000000,0.0000000000,0.0000000000,0.0000000000,0.0000000000,0.0000000000,0.0000000000,0.0000000000,0.0000000000,0.0000000000,0.0000000000,0.0000000000,0.0000000000,0.0000000000,0.0000000000,0.0000000000,0.0000000000,0.0000000000,0.0000000000,0.0000000000,0.0000000000,0.0000000000,0.0000000000,0.0000000000,0.0000000000,0.0000000000,0.0000000000,0.0000000000,0.0000000000,0.0000000000,0.0000000000,0.0000000000,0.0000000000,0.0000000000,0.0000000000,0.0000000000,0.0000000000,0.0000000000,0.0000000000,0.0000000000,0.0000000000,0.0000000000,0.0000000000,0.0000000000,0.0000000000,0.0000000000,0.0000000000,0.0000000000,0.0000000000,0.0000000000,0.0000000000,0.0000000000,0.0000000000,0.0000000000,0.0000000000,0.0000000000,0.0000000000,0.0000000000,0.0000000000,0.0000000000,0.0000000000,0.0000000000,0.0000000000,0.0000000000,0.0000000000,0.0000000000,0.0000000000,0.0000000000,0.0000000000,0.0000000000,0.0000000000,0.0000000000,0.0000000000,0.0000000000,0.0000000000,0.0000000000,0.0000000000,0.0000000000,0.0000000000,0.0000000000,0.0000000000,0.0000000000,0.0000000000,0.0000000000,0.0000000000,0.0000000000,0.0000000000,0.0000000000,1.0000000000,0.0394983152,0.0160281470,0.0061513225,0.0033144863,0.0019685039,0.0006003602,0.0005934718,0.0001675603,0.0001880760,0.0006255213,0.0002480774,0.0004004004,0.0001921230,0.0002305741,0.0003461405,0.0000000000,0.0003740415,0.0005510654,0.0003816794,0.0003939334,0.0000000000,0.0000000000,0.0000000000,0.0000000000,0.0000000000,0.0000000000,0.0000000000,0.0001961169,0.0000000000,0.0003696174,0.0000000000,0.0001658925,0.0000000000
0.0000000000,0.0000000000,0.0000000000,0.0000000000,0.0000000000,0.0000000000,0.0000000000,0.0000000000,0.0000000000,0.0000000000,0.0000000000,0.0000000000,0.0000000000,0.0000000000,0.0000000000,0.0000000000,0.0000000000,0.0000000000,0.0000000000,0.0000000000,0.0000000000,0.0000000000,0.0000000000,0.0000000000,0.0000000000,0.0000000000,0.0000000000,0.0000000000,0.0000000000,0.0000000000,0.0000000000,0.0000000000,0.0000000000,0.0000000000,0.0000000000,0.0000000000,0.0000000000,0.0000000000,0.0000000000,0.0000000000,0.0000000000,0.0000000000,0.0000000000,0.0000000000,0.0000000000,0.0000000000,0.0000000000,0.0000000000,0.0000000000,0.0000000000,0.0000000000,0.0000000000,0.0000000000,0.0000000000,0.0000000000,0.0000000000,0.0000000000,0.0000000000,0.0000000000,0.0000000000,0.0000000000,0.0000000000,0.0000000000,0.0000000000,0.0000000000,0.0000000000,0.0000000000,0.0000000000,0.0000000000,0.0000000000,0.0000000000,0.0000000000,0.0000000000,0.0000000000,0.0000000000,0.0000000000,0.0000000000,0.0000000000,0.0000000000,0.0000000000,0.0000000000,0.0000000000,0.0000000000,0.0000000000,0.0000000000,0.0000000000,0.0000000000,0.0000000000,0.0000000000,0.0000000000,0.0000000000,0.0000000000,0.0000000000,0.0000000000,0.0000000000,0.0000000000,0.0000000000,0.0000000000,0.0000000000,0.0000000000,0.0000000000,0.0000000000,0.0000000000,0.0000000000,0.0000000000,0.0000000000,0.0000000000,0.0000000000,0.0000000000,0.0000000000,0.0000000000,0.0000000000,0.0000000000,0.0000000000,0.0000000000,0.0000000000,0.0000000000,0.0000000000,0.0000000000,0.0000000000,0.0000000000,0.0000000000,0.0000000000,0.0000000000,0.0000000000,0.0000000000,0.0000000000,1.0000000000,0.0427301947,0.0110315464,0.0060773481,0.0027818991,0.0007528703,0.0007447403,0.0007960516,0.0001774938,0.0007824726,0.0000000000,0.0005648654,0.0003622532,0.0002148689,0.0000000000,0.0000000000,0.0000000000,0.0000000000,0.0001799208,0.0001853568,0.0001790510,0.0001865324,0.0001855288,0.0003755869,0.0001509206,0.0000000000,0.0000000000,0.0001846381,0.0001674761,0.0001745505,0.0000000000,0.0001576044,0.0000000000
0.0000000000,0.0000000000,0.0000000000,0.0000000000,0.0000000000,0.0000000000,0.0000000000,0.0000000000,0.0000000000,0.0000000000,0.0000000000,0.0000000000,0.0000000000,0.0000000000,0.0000000000,0.0000000000,0.0000000000,0.0000000000,0.0000000000,0.0000000000,0.0000000000,0.0000000000,0.0000000000,0.0000000000,0.0000000000,0.0000000000,0.0000000000,0.0000000000,0.0000000000,0.0000000000,0.0000000000,0.0000000000,0.0000000000,0.0000000000,0.0000000000,0.0000000000,0.0000000000,0.0000000000,0.0000000000,0.0000000000,0.0000000000,0.0000000000,0.0000000000,0.0000000000,0.0000000000,0.0000000000,0.0000000000,0.0000000000,0.0000000000,0.0000000000,0.0000000000,0.0000000000,0.0000000000,0.0000000000,0.0000000000,0.0000000000,0.0000000000,0.0000000000,0.0000000000,0.0000000000,0.0000000000,0.0000000000,0.0000000000,0.0000000000,0.0000000000,0.0000000000,0.0000000000,0.0000000000,0.0000000000,0.0000000000,0.0000000000,0.0000000000,0.0000000000,0.0000000000,0.0000000000,0.0000000000,0.0000000000,0.0000000000,0.0000000000,0.0000000000,0.0000000000,0.0000000000,0.0000000000,0.0000000000,0.0000000000,0.0000000000,0.0000000000,0.0000000000,0.0000000000,0.0000000000,0.0000000000,0.0000000000,0.0000000000,0.0000000000,0.0000000000,0.0000000000,0.0000000000,0.0000000000,0.0000000000,0.0000000000,0.0000000000,0.0000000000,0.0000000000,0.0000000000,0.0000000000,0.0000000000,0.0000000000,0.0000000000,0.0000000000,0.0000000000,0.0000000000,0.0000000000,0.0000000000,0.0000000000,0.0000000000,0.0000000000,0.0000000000,0.0000000000,0.0000000000,0.0000000000,0.0000000000,0.0000000000,0.0000000000,0.0000000000,0.0000000000,0.0000000000,0.0000000000,0.0000000000,1.0000000000,0.0269985235,0.0118858954,0.0061740689,0.0026267933,0.0017960487,0.0016889039,0.0007581501,0.0008408661,0.0002504383,0.0004034698,0.0005808325,0.0000000000,0.0000000000,0.0000000000,0.0000000000,0.0003698909,0.0001921968,0.0000000000,0.0001912046,0.0001997603,0.0001986097,0.0000000000,0.0003189793,0.0000000000,0.0001909126,0.0000000000,0.0000000000,0.0000000000,0.0001890002,0.0001669449,0.0000000000
0.0000000000,0.0000000000,0.0000000000,0.0000000000,0.0000000000,0.0000000000,0.0000000000,0.0000000000,0.0000000000,0.0000000000,0.0000000000,0.0000000000,0.0000000000,0.0000000000,0.0000000000,0.0000000000,0.0000000000,0.0000000000,0.0000000000,0.0000000000,0.0000000000,0.0000000000,0.0000000000,0.0000000000,0.0000000000,0.0000000000,0.0000000000,0.0000000000,0.0000000000,0.0000000000,0.0000000000,0.0000000000,0.0000000000,0.0000000000,0.0000000000,0.0000000000,0.0000000000,0.0000000000,0.0000000000,0.0000000000,0.0000000000,0.0000000000,0.0000000000,0.0000000000,0.0000000000,0.0000000000,0.0000000000,0.0000000000,0.0000000000,0.0000000000,0.0000000000,0.0000000000,0.0000000000,0.0000000000,0.0000000000,0.0000000000,0.0000000000,0.0000000000,0.0000000000,0.0000000000,0.0000000000,0.0000000000,0.0000000000,0.0000000000,0.0000000000,0.0000000000,0.0000000000,0.0000000000,0.0000000000,0.0000000000,0.0000000000,0.0000000000,0.0000000000,0.0000000000,0.0000000000,0.0000000000,0.0000000000,0.0000000000,0.0000000000,0.0000000000,0.0000000000,0.0000000000,0.0000000000,0.0000000000,0.0000000000,0.0000000000,0.0000000000,0.0000000000,0.0000000000,0.0000000000,0.0000000000,0.0000000000,0.0000000000,0.0000000000,0.0000000000,0.0000000000,0.0000000000,0.0000000000,0.0000000000,0.0000000000,0.0000000000,0.0000000000,0.0000000000,0.0000000000,0.0000000000,0.0000000000,0.0000000000,0.0000000000,0.0000000000,0.0000000000,0.0000000000,0.0000000000,0.0000000000,0.0000000000,0.0000000000,0.0000000000,0.0000000000,0.0000000000,0.0000000000,0.0000000000,0.0000000000,0.0000000000,0.0000000000,0.0000000000,0.0000000000,0.0000000000,0.0000000000,0.0000000000,0.0000000000,1.0000000000,0.0408383751,0.0225515464,0.0095094013,0.0046738900,0.0032017076,0.0014050582,0.0013440860,0.0008108108,0.0006430868,0.0004102564,0.0000000000,0.0000000000,0.0000000000,0.0000000000,0.0000000000,0.0000000000,0.0000000000,0.0000000000,0.0000000000,0.0000000000,0.0000000000,0.0001672241,0.0000000000,0.0000000000,0.0002096436,0.0000000000,0.0000000000,0.0000000000,0.0000000000,0.0000000000
0.0000000000,0.0000000000,0.0000000000,0.0000000000,0.0000000000,0.0000000000,0.0000000000,0.0000000000,0.0000000000,0.0000000000,0.0000000000,0.0000000000,0.0000000000,0.0000000000,0.0000000000,0.0000000000,0.0000000000,0.0000000000,0.0000000000,0.0000000000,0.0000000000,0.0000000000,0.0000000000,0.0000000000,0.0000000000,0.0000000000,0.0000000000,0.0000000000,0.0000000000,0.0000000000,0.0000000000,0.0000000000,0.0000000000,0.0000000000,0.0000000000,0.0000000000,0.0000000000,0.0000000000,0.0000000000,0.0000000000,0.0000000000,0.0000000000,0.0000000000,0.0000000000,0.0000000000,0.0000000000,0.0000000000,0.0000000000,0.0000000000,0.0000000000,0.0000000000,0.0000000000,0.0000000000,0.0000000000,0.0000000000,0.0000000000,0.0000000000,0.0000000000,0.0000000000,0.0000000000,0.0000000000,0.0000000000,0.0000000000,0.0000000000,0.0000000000,0.0000000000,0.0000000000,0.0000000000,0.0000000000,0.0000000000,0.0000000000,0.0000000000,0.0000000000,0.0000000000,0.0000000000,0.0000000000,0.0000000000,0.0000000000,0.0000000000,0.0000000000,0.0000000000,0.0000000000,0.0000000000,0.0000000000,0.0000000000,0.0000000000,0.0000000000,0.0000000000,0.0000000000,0.0000000000,0.0000000000,0.0000000000,0.0000000000,0.0000000000,0.0000000000,0.0000000000,0.0000000000,0.0000000000,0.0000000000,0.0000000000,0.0000000000,0.0000000000,0.0000000000,0.0000000000,0.0000000000,0.0000000000,0.0000000000,0.0000000000,0.0000000000,0.0000000000,0.0000000000,0.0000000000,0.0000000000,0.0000000000,0.0000000000,0.0000000000,0.0000000000,0.0000000000,0.0000000000,0.0000000000,0.0000000000,0.0000000000,0.0000000000,0.0000000000,0.0000000000,0.0000000000,0.0000000000,0.0000000000,0.0000000000,0.0000000000,1.0000000000,0.0464629552,0.0197300104,0.0114006515,0.0039275956,0.0028774218,0.0027683135,0.0017789072,0.0014285714,0.0009782821,0.0000000000,0.0000000000,0.0002141328,0.0001901864,0.0000000000,0.0000000000,0.0002004812,0.0003863241,0.0002018571,0.0004014452,0.0000000000,0.0001607976,0.0000000000,0.0000000000,0.0000000000,0.0000000000,0.0000000000,0.0000000000,0.0001684069,0.0000000000
0.0000000000,0.0000000000,0.0000000000,0.0000000000,0.0000000000,0.0000000000,0.0000000000,0.0000000000,0.0000000000,0.0000000000,0.0000000000,0.0000000000,0.0000000000,0.0000000000,0.0000000000,0.0000000000,0.0000000000,0.0000000000,0.0000000000,0.0000000000,0.0000000000,0.0000000000,0.0000000000,0.0000000000,0.0000000000,0.0000000000,0.0000000000,0.0000000000,0.0000000000,0.0000000000,0.0000000000,0.0000000000,0.0000000000,0.0000000000,0.0000000000,0.0000000000,0.0000000000,0.0000000000,0.0000000000,0.0000000000,0.0000000000,0.0000000000,0.0000000000,0.0000000000,0.0000000000,0.0000000000,0.0000000000,0.0000000000,0.0000000000,0.0000000000,0.0000000000,0.0000000000,0.0000000000,0.0000000000,0.0000000000,0.0000000000,0.0000000000,0.0000000000,0.0000000000,0.0000000000,0.0000000000,0.0000000000,0.0000000000,0.0000000000,0.0000000000,0.0000000000,0.0000000000,0.0000000000,0.0000000000,0.0000000000,0.0000000000,0.0000000000,0.0000000000,0.0000000000,0.0000000000,0.0000000000,0.0000000000,0.0000000000,0.0000000000,0.0000000000,0.0000000000,0.0000000000,0.0000000000,0.0000000000,0.0000000000,0.0000000000,0.0000000000,0.0000000000,0.0000000000,0.0000000000,0.0000000000,0.0000000000,0.0000000000,0.0000000000,0.0000000000,0.0000000000,0.0000000000,0.0000000000,0.0000000000,0.0000000000,0.0000000000,0.0000000000,0.0000000000,0.0000000000,0.0000000000,0.0000000000,0.0000000000,0.0000000000,0.0000000000,0.0000000000,0.0000000000,0.0000000000,0.0000000000,0.0000000000,0.0000000000,0.0000000000,0.0000000000,0.0000000000,0.0000000000,0.0000000000,0.0000000000,0.0000000000,0.0000000000,0.0000000000,0.0000000000,0.0000000000,0.0000000000,0.0000000000,0.0000000000,0.0000000000,0.0000000000,1.0000000000,0.0405144695,0.0216306156,0.0098855359,0.0079906451,0.0051847051,0.0018045888,0.0033092037,0.0015835313,0.0002386065,0.0000000000,0.0004335573,0.0003845414,0.0003774297,0.0000000000,0.0000000000,0.0001952362,0.0000000000,0.0000000000,0.0000000000,0.0006493506,0.0000000000,0.0000000000,0.0000000000,0.0003631741,0.0001898975,0.0000000000,0.0000000000,0.0000000000
0.0000000000,0.0000000000,0.0000000000,0.0000000000,0.0000000000,0.0000000000,0.0000000000,0.0000000000,0.0000000000,0.0000000000,0.0000000000,0.0000000000,0.0000000000,0.0000000000,0.0000000000,0.0000000000,0.0000000000,0.0000000000,0.0000000000,0.0000000000,0.0000000000,0.0000000000,0.0000000000,0.0000000000,0.0000000000,0.0000000000,0.0000000000,0.0000000000,0.0000000000,0.0000000000,0.0000000000,0.0000000000,0.0000000000,0.0000000000,0.0000000000,0.0000000000,0.0000000000,0.0000000000,0.0000000000,0.0000000000,0.0000000000,0.0000000000,0.0000000000,0.0000000000,0.0000000000,0.0000000000,0.0000000000,0.0000000000,0.0000000000,0.0000000000,0.0000000000,0.0000000000,0.0000000000,0.0000000000,0.0000000000,0.0000000000,0.0000000000,0.0000000000,0.0000000000,0.0000000000,0.0000000000,0.0000000000,0.0000000000,0.0000000000,0.0000000000,0.0000000000,0.0000000000,0.0000000000,0.0000000000,0.0000000000,0.0000000000,0.0000000000,0.0000000000,0.0000000000,0.0000000000,0.0000000000,0.0000000000,0.0000000000,0.0000000000,0.0000000000,0.0000000000,0.0000000000,0.0000000000,0.0000000000,0.0000000000,0.0000000000,0.0000000000,0.0000000000,0.0000000000,0.0000000000,0.0000000000,0.0000000000,0.0000000000,0.0000000000,0.0000000000,0.0000000000,0.0000000000,0.0000000000,0.0000000000,0.0000000000,0.0000000000,0.0000000000,0.0000000000,0.0000000000,0.0000000000,0.0000000000,0.0000000000,0.0000000000,0.0000000000,0.0000000000,0.0000000000,0.0000000000,0.0000000000,0.0000000000,0.0000000000,0.0000000000,0.0000000000,0.0000000000,0.0000000000,0.0000000000,0.0000000000,0.0000000000,0.0000000000,0.0000000000,0.0000000000,0.0000000000,0.0000000000,0.0000000000,0.0000000000,0.0000000000,0.0000000000,0.0000000000,1.0000000000,0.0410189983,0.0137931034,0.0113432836,0.0055090348,0.0023765514,0.0025268478,0.0020161290,0.0007318858,0.0003769318,0.0002210433,0.0001956182,0.0001919386,0.0003996803,0.0004131378,0.0000000000,0.0002079867,0.0000000000,0.0000000000,0.0003293808,0.0000000000,0.0001984127,0.0000000000,0.0001845700,0.0001931994,0.0000000000,0.0001726519,0.0000000000
0.0000000000,0.0000000000,0.0000000000,0.0000000000,0.0000000000,0.0000000000,0.0000000000,0.0000000000,0.0000000000,0.0000000000,0.0000000000,0.0000000000,0.0000000000,0.0000000000,0.0000000000,0.0000000000,0.0000000000,0.0000000000,0.0000000000,0.0000000000,0.0000000000,0.0000000000,0.0000000000,0.0000000000,0.0000000000,0.0000000000,0.0000000000,0.0000000000,0.0000000000,0.0000000000,0.0000000000,0.0000000000,0.0000000000,0.0000000000,0.0000000000,0.0000000000,0.0000000000,0.0000000000,0.0000000000,0.0000000000,0.0000000000,0.0000000000,0.0000000000,0.0000000000,0.0000000000,0.0000000000,0.0000000000,0.0000000000,0.0000000000,0.0000000000,0.0000000000,0.0000000000,0.0000000000,0.0000000000,0.0000000000,0.0000000000,0.0000000000,0.0000000000,0.0000000000,0.0000000000,0.0000000000,0.0000000000,0.0000000000,0.0000000000,0.0000000000,0.0000000000,0.0000000000,0.0000000000,0.0000000000,0.0000000000,0.0000000000,0.0000000000,0.0000000000,0.0000000000,0.0000000000,0.0000000000,0.0000000000,0.0000000000,0.0000000000,0.0000000000,0.0000000000,0.0000000000,0.0000000000,0.0000000000,0.0000000000,0.0000000000,0.0000000000,0.0000000000,0.0000000000,0.0000000000,0.0000000000,0.0000000000,0.0000000000,0.0000000000,0.0000000000,0.0000000000,0.0000000000,0.0000000000,0.0000000000,0.0000000000,0.0000000000,0.0000000000,0.0000000000,0.0000000000,0.0000000000,0.0000000000,0.0000000000,0.0000000000,0.0000000000,0.0000000000,0.0000000000,0.0000000000,0.0000000000,0.0000000000,0.0000000000,0.0000000000,0.0000000000,0.0000000000,0.0000000000,0.0000000000,0.0000000000,0.0000000000,0.0000000000,0.0000000000,0.0000000000,0.0000000000,0.0000000000,0.0000000000,0.0000000000,0.0000000000,0.0000000000,0.0000000000,0.0000000000,1.0000000000,0.0320798432,0.0228855721,0.0107174103,0.0054787373,0.0047956631,0.0033925364,0.0024096386,0.0007380074,0.0006550218,0.0007741436,0.0005696924,0.0003951008,0.0000000000,0.0000000000,0.0000000000,0.0000000000,0.0006212466,0.0004894763,0.0000000000,0.0001961554,0.0002032107,0.0000000000,0.0000000000,0.0000000000,0.0001709402,0.0000000000
0.0000000000,0.0000000000,0.0000000000,0.0000000000,0.0000000000,0.0000000000,0.0000000000,0.0000000000,0.0000000000,0.0000000000,0.0000000000,0.0000000000,0.0000000000,0.0000000000,0.0000000000,0.0000000000,0.0000000000,0.0000000000,0.0000000000,0.0000000000,0.0000000000,0.0000000000,0.0000000000,0.0000000000,0.0000000000,0.0000000000,0.0000000000,0.0000000000,0.0000000000,0.0000000000,0.0000000000,0.0000000000,0.0000000000,0.0000000000,0.0000000000,0.0000000000,0.0000000000,0.0000000000,0.0000000000,0.0000000000,0.0000000000,0.0000000000,0.0000000000,0.0000000000,0.0000000000,0.0000000000,0.0000000000,0.0000000000,0.0000000000,0.0000000000,0.0000000000,0.0000000000,0.0000000000,0.0000000000,0.0000000000,0.0000000000,0.0000000000,0.0000000000,0.0000000000,0.0000000000,0.0000000000,0.0000000000,0.0000000000,0.0000000000,0.0000000000,0.0000000000,0.0000000000,0.0000000000,0.0000000000,0.0000000000,0.0000000000,0.0000000000,0.0000000000,0.0000000000,0.0000000000,0.0000000000,0.0000000000,0.0000000000,0.0000000000,0.0000000000,0.0000000000,0.0000000000,0.0000000000,0.0000000000,0.0000000000,0.0000000000,0.0000000000,0.0000000000,0.0000000000,0.0000000000,0.0000000000,0.0000000000,0.0000000000,0.0000000000,0.0000000000,0.0000000000,0.0000000000,0.0000000000,0.0000000000,0.0000000000,0.0000000000,0.0000000000,0.0000000000,0.0000000000,0.0000000000,0.0000000000,0.0000000000,0.0000000000,0.0000000000,0.0000000000,0.0000000000,0.0000000000,0.0000000000,0.0000000000,0.0000000000,0.0000000000,0.0000000000,0.0000000000,0.0000000000,0.0000000000,0.0000000000,0.0000000000,0.0000000000,0.0000000000,0.0000000000,0.0000000000,0.0000000000,0.0000000000,0.0000000000,0.0000000000,0.0000000000,0.0000000000,0.0000000000,0.0000000000,1.0000000000,0.0380854349,0.0170987314,0.0063357973,0.0061457419,0.0037181004,0.0017779534,0.0008287293,0.0005463486,0.0001644466,0.0001618385,0.0005023443,0.0001720874,0.0000000000,0.0001731002,0.0000000000,0.0001741553,0.0002840506,0.0001654260,0.0001664170,0.0000000000,0.0001565680,0.0000000000,0.0000000000,0.0000000000,0.0000000000
0.0000000000,0.0000000000,0.0000000000,0.0000000000,0.0000000000,0.0000000000,0.0000000000,0.0000000000,0.0000000000,0.0000000000,0.0000000000,0.0000000000,0.0000000000,0.0000000000,0.0000000000,0.0000000000,0.0000000000,0.0000000000,0.0000000000,0.0000000000,0.0000000000,0.0000000000,0.0000000000,0.0000000000,0.0000000000,0.0000000000,0.0000000000,0.0000000000,0.0000000000,0.0000000000,0.0000000000,0.0000000000,0.0000000000,0.0000000000,0.0000000000,0.0000000000,0.0000000000,0.0000000000,0.0000000000,0.0000000000,0.0000000000,0.0000000000,0.0000000000,0.0000000000,0.0000000000,0.0000000000,0.0000000000,0.0000000000,0.0000000000,0.0000000000,0.0000000000,0.0000000000,0.0000000000,0.0000000000,0.0000000000,0.0000000000,0.0000000000,0.0000000000,0.0000000000,0.0000000000,0.0000000000,0.0000000000,0.0000000000,0.0000000000,0.0000000000,0.0000000000,0.0000000000,0.0000000000,0.0000000000,0.0000000000,0.0000000000,0.0000000000,0.0000000000,0.0000000000,0.0000000000,0.0000000000,0.0000000000,0.0000000000,0.0000000000,0.0000000000,0.0000000000,0.0000000000,0.0000000000,0.0000000000,0.0000000000,0.0000000000,0.0000000000,0.0000000000,0.0000000000,0.0000000000,0.0000000000,0.0000000000,0.0000000000,0.0000000000,0.0000000000,0.0000000000,0.0000000000,0.0000000000,0.0000000000,0.0000000000,0.0000000000,0.0000000000,0.0000000000,0.0000000000,0.0000000000,0.0000000000,0.0000000000,0.0000000000,0.0000000000,0.0000000000,0.0000000000,0.0000000000,0.0000000000,0.0000000000,0.0000000000,0.0000000000,0.0000000000,0.0000000000,0.0000000000,0.0000000000,0.0000000000,0.0000000000,0.0000000000,0.0000000000,0.0000000000,0.0000000000,0.0000000000,0.0000000000,0.0000000000,0.0000000000,0.0000000000,0.0000000000,0.0000000000,0.0000000000,0.0000000000,1.0000000000,0.0387316450,0.0173095945,0.0133679170,0.0085828724,0.0036330609,0.0010104412,0.0006198347,0.0014751982,0.0005428882,0.0005638038,0.0003876720,0.0001869159,0.0003902439,0.0001939864,0.0003929273,0.0003129890,0.0003708511,0.0001866368,0.0001930129,0.0000000000,0.0003640998,0.0000000000,0.0000000000,0.0000000000
0.0000000000,0.0000000000,0.0000000000,0.0000000000,0.0000000000,0.0000000000,0.0000000000,0.0000000000,0.0000000000,0.0000000000,0.0000000000,0.0000000000,0.0000000000,0.0000000000,0.0000000000,0.0000000000,0.0000000000,0.0000000000,0.0000000000,0.0000000000,0.0000000000,0.0000000000,0.0000000000,0.0000000000,0.0000000000,0.0000000000,0.0000000000,0.0000000000,0.0000000000,0.0000000000,0.0000000000,0.0000000000,0.0000000000,0.0000000000,0.0000000000,0.0000000000,0.0000000000,0.0000000000,0.0000000000,0.0000000000,0.0000000000,0.0000000000,0.0000000000,0.0000000000,0.0000000000,0.0000000000,0.0000000000,0.0000000000,0.0000000000,0.0000000000,0.0000000000,0.0000000000,0.0000000000,0.0000000000,0.0000000000,0.0000000000,0.0000000000,0.0000000000,0.0000000000,0.0000000000,0.0000000000,0.0000000000,0.0000000000,0.0000000000,0.0000000000,0.0000000000,0.0000000000,0.0000000000,0.0000000000,0.0000000000,0.0000000000,0.0000000000,0.0000000000,0.0000000000,0.0000000000,0.0000000000,0.0000000000,0.0000000000,0.0000000000,0.0000000000,0.0000000000,0.0000000000,0.0000000000,0.0000000000,0.0000000000,0.0000000000,0.0000000000,0.0000000000,0.0000000000,0.0000000000,0.0000000000,0.0000000000,0.0000000000,0.0000000000,0.0000000000,0.0000000000,0.0000000000,0.0000000000,0.0000000000,0.0000000000,0.0000000000,0.0000000000,0.0000000000,0.0000000000,0.0000000000,0.0000000000,0.0000000000,0.0000000000,0.0000000000,0.0000000000,0.0000000000,0.0000000000,0.0000000000,0.0000000000,0.0000000000,0.0000000000,0.0000000000,0.0000000000,0.0000000000,0.0000000000,0.0000000000,0.0000000000,0.0000000000,0.0000000000,0.0000000000,0.0000000000,0.0000000000,0.0000000000,0.0000000000,0.0000000000,0.0000000000,0.0000000000,0.0000000000,0.0000000000,0.0000000000,0.0000000000,1.0000000000,0.0384170999,0.0251798561,0.0123116111,0.0054123711,0.0012244898,0.0013895322,0.0010189525,0.0005991612,0.0008331598,0.0004310345,0.0002069965,0.0000000000,0.0000000000,0.0004375410,0.0001702997,0.0000000000,0.0000000000,0.0000000000,0.0003834356,0.0000000000,0.0002044154,0.0001788589,0.0000000000
0.0000000000,0.0000000000,0.0000000000,0.0000000000,0.0000000000,0.0000000000,0.0000000000,0.0000000000,0.0000000000,0.0000000000,0.0000000000,0.0000000000,0.0000000000,0.0000000000,0.0000000000,0.0000000000,0.0000000000,0.0000000000,0.0000000000,0.0000000000,0.0000000000,0.0000000000,0.0000000000,0.0000000000,0.0000000000,0.0000000000,0.0000000000,0.0000000000,0.0000000000,0.0000000000,0.0000000000,0.0000000000,0.0000000000,0.0000000000,0.0000000000,0.0000000000,0.0000000000,0.0000000000,0.0000000000,0.0000000000,0.0000000000,0.0000000000,0.0000000000,0.0000000000,0.0000000000,0.0000000000,0.0000000000,0.0000000000,0.0000000000,0.0000000000,0.0000000000,0.0000000000,0.0000000000,0.0000000000,0.0000000000,0.0000000000,0.0000000000,0.0000000000,0.0000000000,0.0000000000,0.0000000000,0.0000000000,0.0000000000,0.0000000000,0.0000000000,0.0000000000,0.0000000000,0.0000000000,0.0000000000,0.0000000000,0.0000000000,0.0000000000,0.0000000000,0.0000000000,0.0000000000,0.0000000000,0.0000000000,0.0000000000,0.0000000000,0.0000000000,0.0000000000,0.0000000000,0.0000000000,0.0000000000,0.0000000000,0.0000000000,0.0000000000,0.0000000000,0.0000000000,0.0000000000,0.0000000000,0.0000000000,0.0000000000,0.0000000000,0.0000000000,0.0000000000,0.0000000000,0.0000000000,0.0000000000,0.0000000000,0.0000000000,0.0000000000,0.0000000000,0.0000000000,0.0000000000,0.0000000000,0.0000000000,0.0000000000,0.0000000000,0.0000000000,0.0000000000,0.0000000000,0.0000000000,0.0000000000,0.0000000000,0.0000000000,0.0000000000,0.0000000000,0.0000000000,0.0000000000,0.0000000000,0.0000000000,0.0000000000,0.0000000000,0.0000000000,0.0000000000,0.0000000000,0.0000000000,0.0000000000,0.0000000000,0.0000000000,0.0000000000,0.0000000000,0.0000000000,0.0000000000,0.0000000000,0.0000000000,1.0000000000,0.0318280740,0.0162519045,0.0099903319,0.0011876485,0.0036681716,0.0012077295,0.0007075472,0.0007434944,0.0005163956,0.0000000000,0.0002604167,0.0000000000,0.0002628121,0.0000000000,0.0000000000,0.0000000000,0.0000000000,0.0002247191,0.0000000000,0.0000000000,0.0002072968,0.0000000000
0.0000000000,0.0000000000,0.0000000000,0.0000000000,0.0000000000,0.0000000000,0.0000000000,0.0000000000,0.0000000000,0.0000000000,0.0000000000,0.0000000000,0.0000000000,0.0000000000,0.0000000000,0.0000000000,0.0000000000,0.0000000000,0.0000000000,0.0000000000,0.0000000000,0.0000000000,0.0000000000,0.0000000000,0.0000000000,0.0000000000,0.0000000000,0.0000000000,0.0000000000,0.0000000000,0.0000000000,0.0000000000,0.0000000000,0.0000000000,0.0000000000,0.0000000000,0.0000000000,0.0000000000,0.0000000000,0.0000000000,0.0000000000,0.0000000000,0.0000000000,0.0000000000,0.0000000000,0.0000000000,0.0000000000,0.0000000000,0.0000000000,0.0000000000,0.0000000000,0.0000000000,0.0000000000,0.0000000000,0.0000000000,0.0000000000,0.0000000000,0.0000000000,0.0000000000,0.0000000000,0.0000000000,0.0000000000,0.0000000000,0.0000000000,0.0000000000,0.0000000000,0.0000000000,0.0000000000,0.0000000000,0.0000000000,0.0000000000,0.0000000000,0.0000000000,0.0000000000,0.0000000000,0.0000000000,0.0000000000,0.0000000000,0.0000000000,0.0000000000,0.0000000000,0.0000000000,0.0000000000,0.0000000000,0.0000000000,0.0000000000,0.0000000000,0.0000000000,0.0000000000,0.0000000000,0.0000000000,0.0000000000,0.0000000000,0.0000000000,0.0000000000,0.0000000000,0.0000000000,0.0000000000,0.0000000000,0.0000000000,0.0000000000,0.0000000000,0.0000000000,0.0000000000,0.0000000000,0.0000000000,0.0000000000,0.0000000000,0.0000000000,0.0000000000,0.0000000000,0.0000000000,0.0000000000,0.0000000000,0.0000000000,0.0000000000,0.0000000000,0.0000000000,0.0000000000,0.0000000000,0.0000000000,0.0000000000,0.0000000000,0.0000000000,0.0000000000,0.0000000000,0.0000000000,0.0000000000,0.0000000000,0.0000000000,0.0000000000,0.0000000000,0.0000000000,0.0000000000,0.0000000000,0.0000000000,0.0000000000,0.0000000000,1.0000000000,0.0419551080,0.0209215442,0.0030268634,0.0082497213,0.0070949941,0.0025024062,0.0012007204,0.0008271299,0.0003977725,0.0002081165,0.0002068680,0.0004193751,0.0003295436,0.0001971220,0.0000000000,0.0000000000,0.0003694126,0.0001933114,0.0003930045,0.0001727414,0.0000000000
0.0000000000,0.0000000000,0.0000000000,0.0000000000,0.0000000000,0.0000000000,0.0000000000,0.0000000000,0.0000000000,0.0000000000,0.0000000000,0.0000000000,0.0000000000,0.0000000000,0.0000000000,0.0000000000,0.0000000000,0.0000000000,0.0000000000,0.0000000000,0.0000000000,0.0000000000,0.0000000000,0.0000000000,0.0000000000,0.0000000000,0.0000000000,0.0000000000,0.0000000000,0.0000000000,0.0000000000,0.0000000000,0.0000000000,0.0000000000,0.0000000000,0.0000000000,0.0000000000,0.0000000000,0.0000000000,0.0000000000,0.0000000000,0.0000000000,0.0000000000,0.0000000000,0.0000000000,0.0000000000,0.0000000000,0.0000000000,0.0000000000,0.0000000000,0.0000000000,0.0000000000,0.0000000000,0.0000000000,0.0000000000,0.0000000000,0.0000000000,0.0000000000,0.0000000000,0.0000000000,0.0000000000,0.0000000000,0.0000000000,0.0000000000,0.0000000000,0.0000000000,0.0000000000,0.0000000000,0.0000000000,0.0000000000,0.0000000000,0.0000000000,0.0000000000,0.0000000000,0.0000000000,0.0000000000,0.0000000000,0.0000000000,0.0000000000,0.0000000000,0.0000000000,0.0000000000,0.0000000000,0.0000000000,0.0000000000,0.0000000000,0.0000000000,0.0000000000,0.0000000000,0.0000000000,0.0000000000,0.0000000000,0.0000000000,0.0000000000,0.0000000000,0.0000000000,0.0000000000,0.0000000000,0.0000000000,0.0000000000,0.0000000000,0.0000000000,0.0000000000,0.0000000000,0.0000000000,0.0000000000,0.0000000000,0.0000000000,0.0000000000,0.0000000000,0.0000000000,0.0000000000,0.0000000000,0.0000000000,0.0000000000,0.0000000000,0.0000000000,0.0000000000,0.0000000000,0.0000000000,0.0000000000,0.0000000000,0.0000000000,0.0000000000,0.0000000000,0.0000000000,0.0000000000,0.0000000000,0.0000000000,0.0000000000,0.0000000000,0.0000000000,0.0000000000,0.0000000000,0.0000000000,0.0000000000,0.0000000000,0.0000000000,0.0000000000,1.0000000000,0.0463930046,0.0070422535,0.0145828866,0.0116013693,0.0042639970,0.0009602458,0.0015869867,0.0003818980,0.0005985634,0.0001982947,0.0004017678,0.0001592610,0.0001893222,0.0001906214,0.0000000000,0.0001778094,0.0000000000,0.0001887149,0.0001667222,0.0000000000
0.0000000000,0.0000000000,0.0000000000,0.0000000000,0.0000000000,0.0000000000,0.0000000000,0.0000000000,0.0000000000,0.0000000000,0.0000000000,0.0000000000,0.0000000000,0.0000000000,0.0000000000,0.0000000000,0.0000000000,0.0000000000,0.0000000000,0.0000000000,0.0000000000,0.0000000000,0.0000000000,0.0000000000,0.0000000000,0.0000000000,0.0000000000,0.0000000000,0.0000000000,0.0000000000,0.0000000000,0.0000000000,0.0000000000,0.0000000000,0.0000000000,0.0000000000,0.0000000000,0.0000000000,0.0000000000,0.0000000000,0.0000000000,0.0000000000,0.0000000000,0.0000000000,0.0000000000,0.0000000000,0.0000000000,0.0000000000,0.0000000000,0.0000000000,0.0000000000,0.0000000000,0.0000000000,0.0000000000,0.0000000000,0.0000000000,0.0000000000,0.0000000000,0.0000000000,0.0000000000,0.0000000000,0.0000000000,0.0000000000,0.0000000000,0.0000000000,0.0000000000,0.0000000000,0.0000000000,0.0000000000,0.0000000000,0.0000000000,0.0000000000,0.0000000000,0.0000000000,0.0000000000,0.0000000000,0.0000000000,0.0000000000,0.0000000000,0.0000000000,0.0000000000,0.0000000000,0.0000000000,0.0000000000,0.0000000000,0.0000000000,0.0000000000,0.0000000000,0.0000000000,0.0000000000,0.0000000000,0.0000000000,0.0000000000,0.0000000000,0.0000000000,0.0000000000,0.0000000000,0.0000000000,0.0000000000,0.0000000000,0.0000000000,0.0000000000,0.0000000000,0.0000000000,0.0000000000,0.0000000000,0.0000000000,0.0000000000,0.0000000000,0.0000000000,0.0000000000,0.0000000000,0.0000000000,0.0000000000,0.0000000000,0.0000000000,0.0000000000,0.0000000000,0.0000000000,0.0000000000,0.0000000000,0.0000000000,0.0000000000,0.0000000000,0.0000000000,0.0000000000,0.0000000000,0.0000000000,0.0000000000,0.0000000000,0.0000000000,0.0000000000,0.0000000000,0.0000000000,0.0000000000,0.0000000000,0.0000000000,0.0000000000,0.0000000000,0.0000000000,1.0000000000,0.0152905199,0.0197993664,0.0166742805,0.0073073516,0.0043930636,0.0028783881,0.0009159606,0.0004825090,0.0000000000,0.0002432498,0.0001848087,0.0002265519,0.0000000000,0.0000000000,0.0002102607,0.0000000000,0.0000000000,0.0003899396,0.0000000000
0.0000000000,0.0000000000,0.0000000000,0.0000000000,0.0000000000,0.0000000000,0.0000000000,0.0000000000,0.0000000000,0.0000000000,0.0000000000,0.0000000000,0.0000000000,0.0000000000,0.0000000000,0.0000000000,0.0000000000,0.0000000000,0.0000000000,0.0000000000,0.0000000000,0.0000000000,0.0000000000,0.0000000000,0.0000000000,0.0000000000,0.0000000000,0.0000000000,0.0000000000,0.0000000000,0.0000000000,0.0000000000,0.0000000000,0.0000000000,0.0000000000,0.0000000000,0.0000000000,0.0000000000,0.0000000000,0.0000000000,0.0000000000,0.0000000000,0.0000000000,0.0000000000,0.0000000000,0.0000000000,0.0000000000,0.0000000000,0.0000000000,0.0000000000,0.0000000000,0.0000000000,0.0000000000,0.0000000000,0.0000000000,0.0000000000,0.0000000000,0.0000000000,0.0000000000,0.0000000000,0.0000000000,0.0000000000,0.0000000000,0.0000000000,0.0000000000,0.0000000000,0.0000000000,0.0000000000,0.0000000000,0.0000000000,0.0000000000,0.0000000000,0.0000000000,0.0000000000,0.0000000000,0.0000000000,0.0000000000,0.0000000000,0.0000000000,0.0000000000,0.0000000000,0.0000000000,0.0000000000,0.0000000000,0.0000000000,0.0000000000,0.0000000000,0.0000000000,0.0000000000,0.0000000000,0.0000000000,0.0000000000,0.0000000000,0.0000000000,0.0000000000,0.0000000000,0.0000000000,0.0000000000,0.0000000000,0.0000000000,0.0000000000,0.0000000000,0.0000000000,0.0000000000,0.0000000000,0.0000000000,0.0000000000,0.0000000000,0.0000000000,0.0000000000,0.0000000000,0.0000000000,0.0000000000,0.0000000000,0.0000000000,0.0000000000,0.0000000000,0.0000000000,0.0000000000,0.0000000000,0.0000000000,0.0000000000,0.0000000000,0.0000000000,0.0000000000,0.0000000000,0.0000000000,0.0000000000,0.0000000000,0.0000000000,0.0000000000,0.0000000000,0.0000000000,0.0000000000,0.0000000000,0.0000000000,0.0000000000,0.0000000000,0.0000000000,0.0000000000,0.0000000000,1.0000000000,0.0117302053,0.0060301508,0.0038847523,0.0024229837,0.0010989011,0.0006846970,0.0000000000,0.0000000000,0.0000000000,0.0000000000,0.0000000000,0.0000000000,0.0000000000,0.0000000000,0.0000000000,0.0000000000,0.0000000000,0.0000000000
0.0000000000,0.0000000000,0.0000000000,0.0000000000,0.0000000000,0.0000000000,0.0000000000,0.0000000000,0.0000000000,0.0000000000,0.0000000000,0.0000000000,0.0000000000,0.0000000000,0.0000000000,0.0000000000,0.0000000000,0.0000000000,0.0000000000,0.0000000000,0.0000000000,0.0000000000,0.0000000000,0.0000000000,0.0000000000,0.0000000000,0.0000000000,0.0000000000,0.0000000000,0.0000000000,0.0000000000,0.0000000000,0.0000000000,0.0000000000,0.0000000000,0.0000000000,0.0000000000,0.0000000000,0.0000000000,0.0000000000,0.0000000000,0.0000000000,0.0000000000,0.0000000000,0.0000000000,0.0000000000,0.0000000000,0.0000000000,0.0000000000,0.0000000000,0.0000000000,0.0000000000,0.0000000000,0.0000000000,0.0000000000,0.0000000000,0.0000000000,0.0000000000,0.0000000000,0.0000000000,0.0000000000,0.0000000000,0.0000000000,0.0000000000,0.0000000000,0.0000000000,0.0000000000,0.0000000000,0.0000000000,0.0000000000,0.0000000000,0.0000000000,0.0000000000,0.0000000000,0.0000000000,0.0000000000,0.0000000000,0.0000000000,0.0000000000,0.0000000000,0.0000000000,0.0000000000,0.0000000000,0.0000000000,0.0000000000,0.0000000000,0.0000000000,0.0000000000,0.0000000000,0.0000000000,0.0000000000,0.0000000000,0.0000000000,0.0000000000,0.0000000000,0.0000000000,0.0000000000,0.0000000000,0.0000000000,0.0000000000,0.0000000000,0.0000000000,0.0000000000,0.0000000000,0.0000000000,0.0000000000,0.0000000000,0.0000000000,0.0000000000,0.0000000000,0.0000000000,0.0000000000,0.0000000000,0.0000000000,0.0000000000,0.0000000000,0.0000000000,0.0000000000,0.0000000000,0.0000000000,0.0000000000,0.0000000000,0.0000000000,0.0000000000,0.0000000000,0.0000000000,0.0000000000,0.0000000000,0.0000000000,0.0000000000,0.0000000000,0.0000000000,0.0000000000,0.0000000000,0.0000000000,0.0000000000,0.0000000000,0.0000000000,0.0000000000,0.0000000000,0.0000000000,0.0000000000,1.0000000000,0.0372419664,0.0163532298,0.0067581837,0.0054597074,0.0033486815,0.0017536168,0.0006527415,0.0006619594,0.0005144033,0.0002067397,0.0002082899,0.0002162630,0.0000000000,0.0000000000,0.0000000000,0.0000000000,0.0000000000
0.0000000000,0.0000000000,0.0000000000,0.0000000000,0.0000000000,0.0000000000,0.0000000000,0.0000000000,0.0000000000,0.0000000000,0.0000000000,0.0000000000,0.0000000000,0.0000000000,0.0000000000,0.0000000000,0.0000000000,0.0000000000,0.0000000000,0.0000000000,0.0000000000,0.0000000000,0.0000000000,0.0000000000,0.0000000000,0.0000000000,0.0000000000,0.0000000000,0.0000000000,0.0000000000,0.0000000000,0.0000000000,0.0000000000,0.0000000000,0.0000000000,0.0000000000,0.0000000000,0.0000000000,0.0000000000,0.0000000000,0.0000000000,0.0000000000,0.0000000000,0.0000000000,0.0000000000,0.0000000000,0.0000000000,0.0000000000,0.0000000000,0.0000000000,0.0000000000,0.0000000000,0.0000000000,0.0000000000,0.0000000000,0.0000000000,0.0000000000,0.0000000000,0.0000000000,0.0000000000,0.0000000000,0.0000000000,0.0000000000,0.0000000000,0.0000000000,0.0000000000,0.0000000000,0.0000000000,0.0000000000,0.0000000000,0.0000000000,0.0000000000,0.0000000000,0.0000000000,0.0000000000,0.0000000000,0.0000000000,0.0000000000,0.0000000000,0.0000000000,0.0000000000,0.0000000000,0.0000000000,0.0000000000,0.0000000000,0.0000000000,0.0000000000,0.0000000000,0.0000000000,0.0000000000,0.0000000000,0.0000000000,0.0000000000,0.0000000000,0.0000000000,0.0000000000,0.0000000000,0.0000000000,0.0000000000,0.0000000000,0.0000000000,0.0000000000,0.0000000000,0.0000000000,0.0000000000,0.0000000000,0.0000000000,0.0000000000,0.0000000000,0.0000000000,0.0000000000,0.0000000000,0.0000000000,0.0000000000,0.0000000000,0.0000000000,0.0000000000,0.0000000000,0.0000000000,0.0000000000,0.0000000000,0.0000000000,0.0000000000,0.0000000000,0.0000000000,0.0000000000,0.0000000000,0.0000000000,0.0000000000,0.0000000000,0.0000000000,0.0000000000,0.0000000000,0.0000000000,0.0000000000,0.0000000000,0.0000000000,0.0000000000,0.0000000000,0.0000000000,0.0000000000,0.0000000000,0.0000000000,1.0000000000,0.0466867470,0.0215566578,0.0130731707,0.0056053812,0.0025267250,0.0011580776,0.0011725620,0.0009350164,0.0005531993,0.0000000000,0.0000000000,0.0000000000,0.0001809955,0.0000000000,0.0003257329,0.0000000000
0.0000000000,0.0000000000,0.0000000000,0.0000000000,0.0000000000,0.0000000000,0.0000000000,0.0000000000,0.0000000000,0.0000000000,0.0000000000,0.0000000000,0.0000000000,0.0000000000,0.0000000000,0.0000000000,0.0000000000,0.0000000000,0.0000000000,0.0000000000,0.0000000000,0.0000000000,0.0000000000,0.0000000000,0.0000000000,0.0000000000,0.0000000000,0.0000000000,0.0000000000,0.0000000000,0.0000000000,0.0000000000,0.0000000000,0.0000000000,0.0000000000,0.0000000000,0.0000000000,0.0000000000,0.0000000000,0.0000000000,0.0000000000,0.0000000000,0.0000000000,0.0000000000,0.0000000000,0.0000000000,0.0000000000,0.0000000000,0.0000000000,0.0000000000,0.0000000000,0.0000000000,0.0000000000,0.0000000000,0.0000000000,0.0000000000,0.0000000000,0.0000000000,0.0000000000,0.0000000000,0.0000000000,0.0000000000,0.0000000000,0.0000000000,0.0000000000,0.0000000000,0.0000000000,0.0000000000,0.0000000000,0.0000000000,0.0000000000,0.0000000000,0.0000000000,0.0000000000,0.0000000000,0.0000000000,0.0000000000,0.0000000000,0.0000000000,0.0000000000,0.0000000000,0.0000000000,0.0000000000,0.0000000000,0.0000000000,0.0000000000,0.0000000000,0.0000000000,0.0000000000,0.0000000000,0.0000000000,0.0000000000,0.0000000000,0.0000000000,0.0000000000,0.0000000000,0.0000000000,0.0000000000,0.0000000000,0.0000000000,0.0000000000,0.0000000000,0.0000000000,0.0000000000,0.0000000000,0.0000000000,0.0000000000,0.0000000000,0.0000000000,0.0000000000,0.0000000000,0.0000000000,0.0000000000,0.0000000000,0.0000000000,0.0000000000,0.0000000000,0.0000000000,0.0000000000,0.0000000000,0.0000000000,0.0000000000,0.0000000000,0.0000000000,0.0000000000,0.0000000000,0.0000000000,0.0000000000,0.0000000000,0.0000000000,0.0000000000,0.0000000000,0.0000000000,0.0000000000,0.0000000000,0.0000000000,0.0000000000,0.0000000000,0.0000000000,0.0000000000,0.0000000000,0.0000000000,0.0000000000,0.0000000000,1.0000000000,0.0424393041,0.0222222222,0.0093939952,0.0040114613,0.0011365789,0.0017267843,0.0009209517,0.0005433798,0.0000000000,0.0001883239,0.0001705030,0.0001778410,0.0001805054,0.0001602821,0.0000000000
0.0000000000,0.0000000000,0.0000000000,0.0000000000,0.0000000000,0.0000000000,0.0000000000,0.0000000000,0.0000000000,0.0000000000,0.0000000000,0.0000000000,0.0000000000,0.0000000000,0.0000000000,0.0000000000,0.0000000000,0.0000000000,0.0000000000,0.0000000000,0.0000000000,0.0000000000,0.0000000000,0.0000000000,0.0000000000,0.0000000000,0.0000000000,0.0000000000,0.0000000000,0.0000000000,0.0000000000,0.0000000000,0.0000000000,0.0000000000,0.0000000000,0.0000000000,0.0000000000,0.0000000000,0.0000000000,0.0000000000,0.0000000000,0.0000000000,0.0000000000,0.0000000000,0.0000000000,0.0000000000,0.0000000000,0.0000000000,0.0000000000,0.0000000000,0.0000000000,0.0000000000,0.0000000000,0.0000000000,0.0000000000,0.0000000000,0.0000000000,0.0000000000,0.0000000000,0.0000000000,0.0000000000,0.0000000000,0.0000000000,0.0000000000,0.0000000000,0.0000000000,0.0000000000,0.0000000000,0.0000000000,0.0000000000,0.0000000000,0.0000000000,0.0000000000,0.0000000000,0.0000000000,0.0000000000,0.0000000000,0.0000000000,0.0000000000,0.0000000000,0.0000000000,0.0000000000,0.0000000000,0.0000000000,0.0000000000,0.0000000000,0.0000000000,0.0000000000,0.0000000000,0.0000000000,0.0000000000,0.0000000000,0.0000000000,0.0000000000,0.0000000000,0.0000000000,0.0000000000,0.0000000000,0.0000000000,0.0000000000,0.0000000000,0.0000000000,0.0000000000,0.0000000000,0.0000000000,0.0000000000,0.0000000000,0.0000000000,0.0000000000,0.0000000000,0.0000000000,0.0000000000,0.0000000000,0.0000000000,0.0000000000,0.0000000000,0.0000000000,0.0000000000,0.0000000000,0.0000000000,0.0000000000,0.0000000000,0.0000000000,0.0000000000,0.0000000000,0.0000000000,0.0000000000,0.0000000000,0.0000000000,0.0000000000,0.0000000000,0.0000000000,0.0000000000,0.0000000000,0.0000000000,0.0000000000,0.0000000000,0.0000000000,0.0000000000,0.0000000000,0.0000000000,0.0000000000,0.0000000000,0.0000000000,0.0000000000,1.0000000000,0.0478054811,0.0177503376,0.0073793379,0.0027635215,0.0027988804,0.0007922675,0.0009409108,0.0001893222,0.0001958864,0.0007070886,0.0003692080,0.0000000000,0.0000000000,0.0000000000
0.0000000000,0.0000000000,0.0000000000,0.0000000000,0.0000000000,0.0000000000,0.0000000000,0.0000000000,0.0000000000,0.0000000000,0.0000000000,0.0000000000,0.0000000000,0.0000000000,0.0000000000,0.0000000000,0.0000000000,0.0000000000,0.0000000000,0.0000000000,0.0000000000,0.0000000000,0.0000000000,0.0000000000,0.0000000000,0.0000000000,0.0000000000,0.0000000000,0.0000000000,0.0000000000,0.0000000000,0.0000000000,0.0000000000,0.0000000000,0.0000000000,0.0000000000,0.0000000000,0.0000000000,0.0000000000,0.0000000000,0.0000000000,0.0000000000,0.0000000000,0.0000000000,0.0000000000,0.0000000000,0.0000000000,0.0000000000,0.0000000000,0.0000000000,0.0000000000,0.0000000000,0.0000000000,0.0000000000,0.0000000000,0.0000000000,0.0000000000,0.0000000000,0.0000000000,0.0000000000,0.0000000000,0.0000000000,0.0000000000,0.0000000000,0.0000000000,0.0000000000,0.0000000000,0.0000000000,0.0000000000,0.0000000000,0.0000000000,0.0000000000,0.0000000000,0.0000000000,0.0000000000,0.0000000000,0.0000000000,0.0000000000,0.0000000000,0.0000000000,0.0000000000,0.0000000000,0.0000000000,0.0000000000,0.0000000000,0.0000000000,0.0000000000,0.0000000000,0.0000000000,0.0000000000,0.0000000000,0.0000000000,0.0000000000,0.0000000000,0.0000000000,0.0000000000,0.0000000000,0.0000000000,0.0000000000,0.0000000000,0.0000000000,0.0000000000,0.0000000000,0.0000000000,0.0000000000,0.0000000000,0.0000000000,0.0000000000,0.0000000000,0.0000000000,0.0000000000,0.0000000000,0.0000000000,0.0000000000,0.0000000000,0.0000000000,0.0000000000,0.0000000000,0.0000000000,0.0000000000,0.0000000000,0.0000000000,0.0000000000,0.0000000000,0.0000000000,0.0000000000,0.0000000000,0.0000000000,0.0000000000,0.0000000000,0.0000000000,0.0000000000,0.0000000000,0.0000000000,0.0000000000,0.0000000000,0.0000000000,0.0000000000,0.0000000000,0.0000000000,0.0000000000,0.0000000000,0.0000000000,0.0000000000,0.0000000000,0.0000000000,1.0000000000,0.0447578173,0.0147394644,0.0055214724,0.0026859504,0.0009760859,0.0007763975,0.0003907776,0.0006072874,0.0001819174,0.0000000000,0.0001933488,0.0000000000,0.0000000000
0.0000000000,0.0000000000,0.0000000000,0.0000000000,0.0000000000,0.0000000000,0.0000000000,0.0000000000,0.0000000000,0.0000000000,0.0000000000,0.0000000000,0.0000000000,0.0000000000,0.0000000000,0.0000000000,0.0000000000,0.0000000000,0.0000000000,0.0000000000,0.0000000000,0.0000000000,0.0000000000,0.0000000000,0.0000000000,0.0000000000,0.0000000000,0.0000000000,0.0000000000,0.0000000000,0.0000000000,0.0000000000,0.0000000000,0.0000000000,0.0000000000,0.0000000000,0.0000000000,0.0000000000,0.0000000000,0.0000000000,0.0000000000,0.0000000000,0.0000000000,0.0000000000,0.0000000000,0.0000000000,0.0000000000,0.0000000000,0.0000000000,0.0000000000,0.0000000000,0.0000000000,0.0000000000,0.0000000000,0.0000000000,0.0000000000,0.0000000000,0.0000000000,0.0000000000,0.0000000000,0.0000000000,0.0000000000,0.0000000000,0.0000000000,0.0000000000,0.0000000000,0.0000000000,0.0000000000,0.0000000000,0.0000000000,0.0000000000,0.0000000000,0.0000000000,0.0000000000,0.0000000000,0.0000000000,0.0000000000,0.0000000000,0.0000000000,0.0000000000,0.0000000000,0.0000000000,0.0000000000,0.0000000000,0.0000000000,0.0000000000,0.0000000000,0.0000000000,0.0000000000,0.0000000000,0.0000000000,0.0000000000,0.0000000000,0.0000000000,0.0000000000,0.0000000000,0.0000000000,0.0000000000,0.0000000000,0.0000000000,0.0000000000,0.0000000000,0.0000000000,0.0000000000,0.0000000000,0.0000000000,0.0000000000,0.0000000000,0.0000000000,0.0000000000,0.0000000000,0.0000000000,0.0000000000,0.0000000000,0.0000000000,0.0000000000,0.0000000000,0.0000000000,0.0000000000,0.0000000000,0.0000000000,0.0000000000,0.0000000000,0.0000000000,0.0000000000,0.0000000000,0.0000000000,0.0000000000,0.0000000000,0.0000000000,0.0000000000,0.0000000000,0.0000000000,0.0000000000,0.0000000000,0.0000000000,0.0000000000,0.0000000000,0.0000000000,0.0000000000,0.0000000000,0.0000000000,0.0000000000,0.0000000000,0.0000000000,0.0000000000,0.0000000000,1.0000000000,0.0337947883,0.0124900872,0.0073911306,0.0036392405,0.0014986886,0.0007538636,0.0003897876,0.0000000000,0.0005511666,0.0001864976,0.0000000000,0.0000000000
0.0000000000,0.0000000000,0.0000000000,0.0000000000,0.0000000000,0.0000000000,0.0000000000,0.0000000000,0.0000000000,0.0000000000,0.0000000000,0.0000000000,0.0000000000,0.0000000000,0.0000000000,0.0000000000,0.0000000000,0.0000000000,0.0000000000,0.0000000000,0.0000000000,0.0000000000,0.0000000000,0.0000000000,0.0000000000,0.0000000000,0.0000000000,0.0000000000,0.0000000000,0.0000000000,0.0000000000,0.0000000000,0.0000000000,0.0000000000,0.0000000000,0.0000000000,0.0000000000,0.0000000000,0.0000000000,0.0000000000,0.0000000000,0.0000000000,0.0000000000,0.0000000000,0.0000000000,0.0000000000,0.0000000000,0.0000000000,0.0000000000,0.0000000000,0.0000000000,0.0000000000,0.0000000000,0.0000000000,0.0000000000,0.0000000000,0.0000000000,0.0000000000,0.0000000000,0.0000000000,0.0000000000,0.0000000000,0.0000000000,0.0000000000,0.0000000000,0.0000000000,0.0000000000,0.0000000000,0.0000000000,0.0000000000,0.0000000000,0.0000000000,0.0000000000,0.0000000000,0.0000000000,0.0000000000,0.0000000000,0.0000000000,0.0000000000,0.0000000000,0.0000000000,0.0000000000,0.0000000000,0.0000000000,0.0000000000,0.0000000000,0.0000000000,0.0000000000,0.0000000000,0.0000000000,0.0000000000,0.0000000000,0.0000000000,0.0000000000,0.0000000000,0.0000000000,0.0000000000,0.0000000000,0.0000000000,0.0000000000,0.0000000000,0.0000000000,0.0000000000,0.0000000000,0.0000000000,0.0000000000,0.0000000000,0.0000000000,0.0000000000,0.0000000000,0.0000000000,0.0000000000,0.0000000000,0.0000000000,0.0000000000,0.0000000000,0.0000000000,0.0000000000,0.0000000000,0.0000000000,0.0000000000,0.0000000000,0.0000000000,0.0000000000,0.0000000000,0.0000000000,0.0000000000,0.0000000000,0.0000000000,0.0000000000,0.0000000000,0.0000000000,0.0000000000,0.0000000000,0.0000000000,0.0000000000,0.0000000000,0.0000000000,0.0000000000,0.0000000000,0.0000000000,0.0000000000,0.0000000000,0.0000000000,0.0000000000,0.0000000000,0.0000000000,0.0000000000,1.0000000000,0.0297342893,0.0151674742,0.0059181325,0.0031335684,0.0015754234,0.0012237406,0.0005493499,0.0003831418,0.0003893323,0.0001713209,0.0000000000
0.0000000000,0.0000000000,0.0000000000,0.0000000000,0.0000000000,0.0000000000,0.0000000000,0.0000000000,0.0000000000,0.0000000000,0.0000000000,0.0000000000,0.0000000000,0.0000000000,0.0000000000,0.0000000000,0.0000000000,0.0000000000,0.0000000000,0.0000000000,0.0000000000,0.0000000000,0.0000000000,0.0000000000,0.0000000000,0.0000000000,0.0000000000,0.0000000000,0.0000000000,0.0000000000,0.0000000000,0.0000000000,0.0000000000,0.0000000000,0.0000000000,0.0000000000,0.0000000000,0.0000000000,0.0000000000,0.0000000000,0.0000000000,0.0000000000,0.0000000000,0.0000000000,0.0000000000,0.0000000000,0.0000000000,0.0000000000,0.0000000000,0.0000000000,0.0000000000,0.0000000000,0.0000000000,0.0000000000,0.0000000000,0.0000000000,0.0000000000,0.0000000000,0.0000000000,0.0000000000,0.0000000000,0.0000000000,0.0000000000,0.0000000000,0.0000000000,0.0000000000,0.0000000000,0.0000000000,0.0000000000,0.0000000000,0.0000000000,0.0000000000,0.0000000000,0.0000000000,0.0000000000,0.0000000000,0.0000000000,0.0000000000,0.0000000000,0.0000000000,0.0000000000,0.0000000000,0.0000000000,0.0000000000,0.0000000000,0.0000000000,0.0000000000,0.0000000000,0.0000000000,0.0000000000,0.0000000000,0.0000000000,0.0000000000,0.0000000000,0.0000000000,0.0000000000,0.0000000000,0.0000000000,0.0000000000,0.0000000000,0.0000000000,0.0000000000,0.0000000000,0.0000000000,0.0000000000,0.0000000000,0.0000000000,0.0000000000,0.0000000000,0.0000000000,0.0000000000,0.0000000000,0.0000000000,0.0000000000,0.0000000000,0.0000000000,0.0000000000,0.0000000000,0.0000000000,0.0000000000,0.0000000000,0.0000000000,0.0000000000,0.0000000000,0.0000000000,0.0000000000,0.0000000000,0.0000000000,0.0000000000,0.0000000000,0.0000000000,0.0000000000,0.0000000000,0.0000000000,0.0000000000,0.0000000000,0.0000000000,0.0000000000,0.0000000000,0.0000000000,0.0000000000,0.0000000000,0.0000000000,0.0000000000,0.0000000000,0.0000000000,0.0000000000,0.0000000000,0.0000000000,1.0000000000,0.0430292599,0.0155269243,0.0086156256,0.0027445599,0.0018259282,0.0009110787,0.0007623404,0.0007745933,0.0003410060,0.0003541076
0.0000000000,0.0000000000,0.0000000000,0.0000000000,0.0000000000,0.0000000000,0.0000000000,0.0000000000,0.0000000000,0.0000000000,0.0000000000,0.0000000000,0.0000000000,0.0000000000,0.0000000000,0.0000000000,0.0000000000,0.0000000000,0.0000000000,0.0000000000,0.0000000000,0.0000000000,0.0000000000,0.0000000000,0.0000000000,0.0000000000,0.0000000000,0.0000000000,0.0000000000,0.0000000000,0.0000000000,0.0000000000,0.0000000000,0.0000000000,0.0000000000,0.0000000000,0.0000000000,0.0000000000,0.0000000000,0.0000000000,0.0000000000,0.0000000000,0.0000000000,0.0000000000,0.0000000000,0.0000000000,0.0000000000,0.0000000000,0.0000000000,0.0000000000,0.0000000000,0.0000000000,0.0000000000,0.0000000000,0.0000000000,0.0000000000,0.0000000000,0.0000000000,0.0000000000,0.0000000000,0.0000000000,0.0000000000,0.0000000000,0.0000000000,0.0000000000,0.0000000000,0.0000000000,0.0000000000,0.0000000000,0.0000000000,0.0000000000,0.0000000000,0.0000000000,0.0000000000,0.0000000000,0.0000000000,0.0000000000,0.0000000000,0.0000000000,0.0000000000,0.0000000000,0.0000000000,0.0000000000,0.0000000000,0.0000000000,0.0000000000,0.0000000000,0.0000000000,0.0000000000,0.0000000000,0.0000000000,0.0000000000,0.0000000000,0.0000000000,0.0000000000,0.0000000000,0.0000000000,0.0000000000,0.0000000000,0.0000000000,0.0000000000,0.0000000000,0.0000000000,0.0000000000,0.0000000000,0.0000000000,0.0000000000,0.0000000000,0.0000000000,0.0000000000,0.0000000000,0.0000000000,0.0000000000,0.0000000000,0.0000000000,0.0000000000,0.0000000000,0.0000000000,0.0000000000,0.0000000000,0.0000000000,0.0000000000,0.0000000000,0.0000000000,0.0000000000,0.0000000000,0.0000000000,0.0000000000,0.0000000000,0.0000000000,0.0000000000,0.0000000000,0.0000000000,0.0000000000,0.0000000000,0.0000000000,0.0000000000,0.0000000000,0.0000000000,0.0000000000,0.0000000000,0.0000000000,0.0000000000,0.0000000000,0.0000000000,0.0000000000,0.0000000000,0.0000000000,0.0000000000,0.0000000000,1.0000000000,0.0416024653,0.0167899260,0.0067769583,0.0039134912,0.0029558470,0.0017381228,0.0013733569,0.0005172414,0.0000000000
0.0000000000,0.0000000000,0.0000000000,0.0000000000,0.0000000000,0.0000000000,0.0000000000,0.0000000000,0.0000000000,0.0000000000,0.0000000000,0.0000000000,0.0000000000,0.0000000000,0.0000000000,0.0000000000,0.0000000000,0.0000000000,0.0000000000,0.0000000000,0.0000000000,0.0000000000,0.0000000000,0.0000000000,0.0000000000,0.0000000000,0.0000000000,0.0000000000,0.0000000000,0.0000000000,0.0000000000,0.0000000000,0.0000000000,0.0000000000,0.0000000000,0.0000000000,0.0000000000,0.0000000000,0.0000000000,0.0000000000,0.0000000000,0.0000000000,0.0000000000,0.0000000000,0.0000000000,0.0000000000,0.0000000000,0.0000000000,0.0000000000,0.0000000000,0.0000000000,0.0000000000,0.0000000000,0.0000000000,0.0000000000,0.0000000000,0.0000000000,0.0000000000,0.0000000000,0.0000000000,0.0000000000,0.0000000000,0.0000000000,0.0000000000,0.0000000000,0.0000000000,0.0000000000,0.0000000000,0.0000000000,0.0000000000,0.0000000000,0.0000000000,0.0000000000,0.0000000000,0.0000000000,0.0000000000,0.0000000000,0.0000000000,0.0000000000,0.0000000000,0.0000000000,0.0000000000,0.0000000000,0.0000000000,0.0000000000,0.0000000000,0.0000000000,0.0000000000,0.0000000000,0.0000000000,0.0000000000,0.0000000000,0.0000000000,0.0000000000,0.0000000000,0.0000000000,0.0000000000,0.0000000000,0.0000000000,0.0000000000,0.0000000000,0.0000000000,0.0000000000,0.0000000000,0.0000000000,0.0000000000,0.0000000000,0.0000000000,0.0000000000,0.0000000000,0.0000000000,0.0000000000,0.0000000000,0.0000000000,0.0000000000,0.0000000000,0.0000000000,0.0000000000,0.0000000000,0.0000000000,0.0000000000,0.0000000000,0.0000000000,0.0000000000,0.0000000000,0.0000000000,0.0000000000,0.0000000000,0.0000000000,0.0000000000,0.0000000000,0.0000000000,0.0000000000,0.0000000000,0.0000000000,0.0000000000,0.0000000000,0.0000000000,0.0000000000,0.0000000000,0.0000000000,0.0000000000,0.0000000000,0.0000000000,0.0000000000,0.0000000000,0.0000000000,0.0000000000,0.0000000000,0.0000000000,0.0000000000,1.0000000000,0.0343319838,0.0106619987,0.0061929596,0.0029810702,0.0020080321,0.0009377931,0.0008454276,0.0000000000
0.0000000000,0.0000000000,0.0000000000,0.0000000000,0.0000000000,0.0000000000,0.0000000000,0.0000000000,0.0000000000,0.0000000000,0.0000000000,0.0000000000,0.0000000000,0.0000000000,0.0000000000,0.0000000000,0.0000000000,0.0000000000,0.0000000000,0.0000000000,0.0000000000,0.0000000000,0.0000000000,0.0000000000,0.0000000000,0.0000000000,0.0000000000,0.0000000000,0.0000000000,0.0000000000,0.0000000000,0.0000000000,0.0000000000,0.0000000000,0.0000000000,0.0000000000,0.0000000000,0.0000000000,0.0000000000,0.0000000000,0.0000000000,0.0000000000,0.0000000000,0.0000000000,0.0000000000,0.0000000000,0.0000000000,0.0000000000,0.0000000000,0.0000000000,0.0000000000,0.0000000000,0.0000000000,0.0000000000,0.0000000000,0.0000000000,0.0000000000,0.0000000000,0.0000000000,0.0000000000,0.0000000000,0.0000000000,0.0000000000,0.0000000000,0.0000000000,0.0000000000,0.0000000000,0.0000000000,0.0000000000,0.0000000000,0.0000000000,0.0000000000,0.0000000000,0.0000000000,0.0000000000,0.0000000000,0.0000000000,0.0000000000,0.0000000000,0.0000000000,0.0000000000,0.0000000000,0.0000000000,0.0000000000,0.0000000000,0.0000000000,0.0000000000,0.0000000000,0.0000000000,0.0000000000,0.0000000000,0.0000000000,0.0000000000,0.0000000000,0.0000000000,0.0000000000,0.0000000000,0.0000000000,0.0000000000,0.0000000000,0.0000000000,0.0000000000,0.0000000000,0.0000000000,0.0000000000,0.0000000000,0.0000000000,0.0000000000,0.0000000000,0.0000000000,0.0000000000,0.0000000000,0.0000000000,0.0000000000,0.0000000000,0.0000000000,0.0000000000,0.0000000000,0.0000000000,0.0000000000,0.0000000000,0.0000000000,0.0000000000,0.0000000000,0.0000000000,0.0000000000,0.0000000000,0.0000000000,0.0000000000,0.0000000000,0.0000000000,0.0000000000,0.0000000000,0.0000000000,0.0000000000,0.0000000000,0.0000000000,0.0000000000,0.0000000000,0.0000000000,0.0000000000,0.0000000000,0.0000000000,0.0000000000,0.0000000000,0.0000000000,0.0000000000,0.0000000000,0.0000000000,0.0000000000,0.0000000000,0.0000000000,1.0000000000,0.0422425540,0.0221125370,0.0105782793,0.0053103827,0.0024100853,0.0009836066,0.0000000000
0.0000000000,0.0000000000,0.0000000000,0.0000000000,0.0000000000,0.0000000000,0.0000000000,0.0000000000,0.0000000000,0.0000000000,0.0000000000,0.0000000000,0.0000000000,0.0000000000,0.0000000000,0.0000000000,0.0000000000,0.0000000000,0.0000000000,0.0000000000,0.0000000000,0.0000000000,0.0000000000,0.0000000000,0.0000000000,0.0000000000,0.0000000000,0.0000000000,0.0000000000,0.0000000000,0.0000000000,0.0000000000,0.0000000000,0.0000000000,0.0000000000,0.0000000000,0.0000000000,0.0000000000,0.0000000000,0.0000000000,0.0000000000,0.0000000000,0.0000000000,0.0000000000,0.0000000000,0.0000000000,0.0000000000,0.0000000000,0.0000000000,0.0000000000,0.0000000000,0.0000000000,0.0000000000,0.0000000000,0.0000000000,0.0000000000,0.0000000000,0.0000000000,0.0000000000,0.0000000000,0.0000000000,0.0000000000,0.0000000000,0.0000000000,0.0000000000,0.0000000000,0.0000000000,0.0000000000,0.0000000000,0.0000000000,0.0000000000,0.0000000000,0.0000000000,0.0000000000,0.0000000000,0.0000000000,0.0000000000,0.0000000000,0.0000000000,0.0000000000,0.0000000000,0.0000000000,0.0000000000,0.0000000000,0.0000000000,0.0000000000,0.0000000000,0.0000000000,0.0000000000,0.0000000000,0.0000000000,0.0000000000,0.0000000000,0.0000000000,0.0000000000,0.0000000000,0.0000000000,0.0000000000,0.0000000000,0.0000000000,0.0000000000,0.0000000000,0.0000000000,0.0000000000,0.0000000000,0.0000000000,0.0000000000,0.0000000000,0.0000000000,0.0000000000,0.0000000000,0.0000000000,0.0000000000,0.0000000000,0.0000000000,0.0000000000,0.0000000000,0.0000000000,0.0000000000,0.0000000000,0.0000000000,0.0000000000,0.0000000000,0.0000000000,0.0000000000,0.0000000000,0.0000000000,0.0000000000,0.0000000000,0.0000000000,0.0000000000,0.0000000000,0.0000000000,0.0000000000,0.0000000000,0.0000000000,0.0000000000,0.0000000000,0.0000000000,0.0000000000,0.0000000000,0.0000000000,0.0000000000,0.0000000000,0.0000000000,0.0000000000,0.0000000000,0.0000000000,0.0000000000,0.0000000000,0.0000000000,0.0000000000,0.0000000000,1.0000000000,0.0483278956,0.0213376367,0.0145089286,0.0050523952,0.0029742234,0.0003303601
0.0000000000,0.0000000000,0.0000000000,0.0000000000,0.0000000000,0.0000000000,0.0000000000,0.0000000000,0.0000000000,0.0000000000,0.0000000000,0.0000000000,0.0000000000,0.0000000000,0.0000000000,0.0000000000,0.0000000000,0.0000000000,0.0000000000,0.0000000000,0.0000000000,0.0000000000,0.0000000000,0.0000000000,0.0000000000,0.0000000000,0.0000000000,0.0000000000,0.0000000000,0.0000000000,0.0000000000,0.0000000000,0.0000000000,0.0000000000,0.0000000000,0.0000000000,0.0000000000,0.0000000000,0.0000000000,0.0000000000,0.0000000000,0.0000000000,0.0000000000,0.0000000000,0.0000000000,0.0000000000,0.0000000000,0.0000000000,0.0000000000,0.0000000000,0.0000000000,0.0000000000,0.0000000000,0.0000000000,0.0000000000,0.0000000000,0.0000000000,0.0000000000,0.0000000000,0.0000000000,0.0000000000,0.0000000000,0.0000000000,0.0000000000,0.0000000000,0.0000000000,0.0000000000,0.0000000000,0.0000000000,0.0000000000,0.0000000000,0.0000000000,0.0000000000,0.0000000000,0.0000000000,0.0000000000,0.0000000000,0.0000000000,0.0000000000,0.0000000000,0.0000000000,0.0000000000,0.0000000000,0.0000000000,0.0000000000,0.0000000000,0.0000000000,0.0000000000,0.0000000000,0.0000000000,0.0000000000,0.0000000000,0.0000000000,0.0000000000,0.0000000000,0.0000000000,0.0000000000,0.0000000000,0.0000000000,0.0000000000,0.0000000000,0.0000000000,0.0000000000,0.0000000000,0.0000000000,0.0000000000,0.0000000000,0.0000000000,0.0000000000,0.0000000000,0.0000000000,0.0000000000,0.0000000000,0.0000000000,0.0000000000,0.0000000000,0.0000000000,0.0000000000,0.0000000000,0.0000000000,0.0000000000,0.0000000000,0.0000000000,0.0000000000,0.0000000000,0.0000000000,0.0000000000,0.0000000000,0.0000000000,0.0000000000,0.0000000000,0.0000000000,0.0000000000,0.0000000000,0.0000000000,0.0000000000,0.0000000000,0.0000000000,0.0000000000,0.0000000000,0.0000000000,0.0000000000,0.0000000000,0.0000000000,0.0000000000,0.0000000000,0.0000000000,0.0000000000,0.0000000000,0.0000000000,0.0000000000,0.0000000000,0.0000000000,0.0000000000,1.0000000000,0.0415172674,0.0216844143,0.0124756335,0.0054598191,0.0014049877
0.0000000000,0.0000000000,0.0000000000,0.0000000000,0.0000000000,0.0000000000,0.0000000000,0.0000000000,0.0000000000,0.0000000000,0.0000000000,0.0000000000,0.0000000000,0.0000000000,0.0000000000,0.0000000000,0.0000000000,0.0000000000,0.0000000000,0.0000000000,0.0000000000,0.0000000000,0.0000000000,0.0000000000,0.0000000000,0.0000000000,0.0000000000,0.0000000000,0.0000000000,0.0000000000,0.0000000000,0.0000000000,0.0000000000,0.0000000000,0.0000000000,0.0000000000,0.0000000000,0.0000000000,0.0000000000,0.0000000000,0.0000000000,0.0000000000,0.0000000000,0.0000000000,0.0000000000,0.0000000000,0.0000000000,0.0000000000,0.0000000000,0.0000000000,0.0000000000,0.0000000000,0.0000000000,0.0000000000,0.0000000000,0.0000000000,0.0000000000,0.0000000000,0.0000000000,0.0000000000,0.0000000000,0.0000000000,0.0000000000,0.0000000000,0.0000000000,0.0000000000,0.0000000000,0.0000000000,0.0000000000,0.0000000000,0.0000000000,0.0000000000,0.0000000000,0.0000000000,0.0000000000,0.0000000000,0.0000000000,0.0000000000,0.0000000000,0.0000000000,0.0000000000,0.0000000000,0.0000000000,0.0000000000,0.0000000000,0.0000000000,0.0000000000,0.0000000000,0.0000000000,0.0000000000,0.0000000000,0.0000000000,0.0000000000,0.0000000000,0.0000000000,0.0000000000,0.0000000000,0.0000000000,0.0000000000,0.0000000000,0.0000000000,0.0000000000,0.0000000000,0.0000000000,0.0000000000,0.0000000000,0.0000000000,0.0000000000,0.0000000000,0.0000000000,0.0000000000,0.0000000000,0.0000000000,0.0000000000,0.0000000000,0.0000000000,0.0000000000,0.0000000000,0.0000000000,0.0000000000,0.0000000000,0.0000000000,0.0000000000,0.0000000000,0.0000000000,0.0000000000,0.0000000000,0.0000000000,0.0000000000,0.0000000000,0.0000000000,0.0000000000,0.0000000000,0.0000000000,0.0000000000,0.0000000000,0.0000000000,0.0000000000,0.0000000000,0.0000000000,0.0000000000,0.0000000000,0.0000000000,0.0000000000,0.0000000000,0.0000000000,0.0000000000,0.0000000000,0.0000000000,0.0000000000,0.0000000000,0.0000000000,0.0000000000,0.0000000000,0.0000000000,1.0000000000,0.0427319864,0.0205929345,0.0090766823,0.0005875441
0.0000000000,0.0000000000,0.0000000000,0.0000000000,0.0000000000,0.0000000000,0.0000000000,0.0000000000,0.0000000000,0.0000000000,0.0000000000,0.0000000000,0.0000000000,0.0000000000,0.0000000000,0.0000000000,0.0000000000,0.0000000000,0.0000000000,0.0000000000,0.0000000000,0.0000000000,0.0000000000,0.0000000000,0.0000000000,0.0000000000,0.0000000000,0.0000000000,0.0000000000,0.0000000000,0.0000000000,0.0000000000,0.0000000000,0.0000000000,0.0000000000,0.0000000000,0.0000000000,0.0000000000,0.0000000000,0.0000000000,0.0000000000,0.0000000000,0.0000000000,0.0000000000,0.0000000000,0.0000000000,0.0000000000,0.0000000000,0.0000000000,0.0000000000,0.0000000000,0.0000000000,0.0000000000,0.0000000000,0.0000000000,0.0000000000,0.0000000000,0.0000000000,0.0000000000,0.0000000000,0.0000000000,0.0000000000,0.0000000000,0.0000000000,0.0000000000,0.0000000000,0.0000000000,0.0000000000,0.0000000000,0.0000000000,0.0000000000,0.0000000000,0.0000000000,0.0000000000,0.0000000000,0.0000000000,0.0000000000,0.0000000000,0.0000000000,0.0000000000,0.0000000000,0.0000000000,0.0000000000,0.0000000000,0.0000000000,0.0000000000,0.0000000000,0.0000000000,0.0000000000,0.0000000000,0.0000000000,0.0000000000,0.0000000000,0.0000000000,0.0000000000,0.0000000000,0.0000000000,0.0000000000,0.0000000000,0.0000000000,0.0000000000,0.0000000000,0.0000000000,0.0000000000,0.0000000000,0.0000000000,0.0000000000,0.0000000000,0.0000000000,0.0000000000,0.0000000000,0.0000000000,0.0000000000,0.0000000000,0.0000000000,0.0000000000,0.0000000000,0.0000000000,0.0000000000,0.0000000000,0.0000000000,0.0000000000,0.0000000000,0.0000000000,0.0000000000,0.0000000000,0.0000000000,0.0000000000,0.0000000000,0.0000000000,0.0000000000,0.0000000000,0.0000000000,0.0000000000,0.0000000000,0.0000000000,0.0000000000,0.0000000000,0.0000000000,0.0000000000,0.0000000000,0.0000000000,0.0000000000,0.0000000000,0.0000000000,0.0000000000,0.0000000000,0.0000000000,0.0000000000,0.0000000000,0.0000000000,0.0000000000,0.0000000000,0.0000000000,0.0000000000,0.0000000000,1.0000000000,0.0479543292,0.0202202860,0.0028526149
0.0000000000,0.0000000000,0.0000000000,0.0000000000,0.0000000000,0.0000000000,0.0000000000,0.0000000000,0.0000000000,0.0000000000,0.0000000000,0.0000000000,0.0000000000,0.0000000000,0.0000000000,0.0000000000,0.0000000000,0.0000000000,0.0000000000,0.0000000000,0.0000000000,0.0000000000,0.0000000000,0.0000000000,0.0000000000,0.0000000000,0.0000000000,0.0000000000,0.0000000000,0.0000000000,0.0000000000,0.0000000000,0.0000000000,0.0000000000,0.0000000000,0.0000000000,0.0000000000,0.0000000000,0.0000000000,0.0000000000,0.0000000000,0.0000000000,0.0000000000,0.0000000000,0.0000000000,0.0000000000,0.0000000000,0.0000000000,0.0000000000,0.0000000000,0.0000000000,0.0000000000,0.0000000000,0.0000000000,0.0000000000,0.0000000000,0.0000000000,0.0000000000,0.0000000000,0.0000000000,0.0000000000,0.0000000000,0.0000000000,0.0000000000,0.0000000000,0.0000000000,0.0000000000,0.0000000000,0.0000000000,0.0000000000,0.0000000000,0.0000000000,0.0000000000,0.0000000000,0.0000000000,0.0000000000,0.0000000000,0.0000000000,0.0000000000,0.0000000000,0.0000000000,0.0000000000,0.0000000000,0.0000000000,0.0000000000,0.0000000000,0.0000000000,0.0000000000,0.0000000000,0.0000000000,0.0000000000,0.0000000000,0.0000000000,0.0000000000,0.0000000000,0.0000000000,0.0000000000,0.0000000000,0.0000000000,0.0000000000,0.0000000000,0.0000000000,0.0000000000,0.0000000000,0.0000000000,0.0000000000,0.0000000000,0.0000000000,0.0000000000,0.0000000000,0.0000000000,0.0000000000,0.0000000000,0.0000000000,0.0000000000,0.0000000000,0.0000000000,0.0000000000,0.0000000000,0.0000000000,0.0000000000,0.0000000000,0.0000000000,0.0000000000,0.0000000000,0.0000000000,0.0000000000,0.0000000000,0.0000000000,0.0000000000,0.0000000000,0.0000000000,0.0000000000,0.0000000000,0.0000000000,0.0000000000,0.0000000000,0.0000000000,0.0000000000,0.0000000000,0.0000000000,0.0000000000,0.0000000000,0.0000000000,0.0000000000,0.0000000000,0.0000000000,0.0000000000,0.0000000000,0.0000000000,0.0000000000,0.0000000000,0.0000000000,0.0000000000,0.0000000000,0.0000000000,0.0000000000,1.0000000000,0.0436338844,0.0058765916
0.0000000000,0.0000000000,0.0000000000,0.0000000000,0.0000000000,0.0000000000,0.0000000000,0.0000000000,0.0000000000,0.0000000000,0.0000000000,0.0000000000,0.0000000000,0.0000000000,0.0000000000,0.0000000000,0.0000000000,0.0000000000,0.0000000000,0.0000000000,0.0000000000,0.0000000000,0.0000000000,0.0000000000,0.0000000000,0.0000000000,0.0000000000,0.0000000000,0.0000000000,0.0000000000,0.0000000000,0.0000000000,0.0000000000,0.0000000000,0.0000000000,0.0000000000,0.0000000000,0.0000000000,0.0000000000,0.0000000000,0.0000000000,0.0000000000,0.0000000000,0.0000000000,0.0000000000,0.0000000000,0.0000000000,0.0000000000,0.0000000000,0.0000000000,0.0000000000,0.0000000000,0.0000000000,0.0000000000,0.0000000000,0.0000000000,0.0000000000,0.0000000000,0.0000000000,0.0000000000,0.0000000000,0.0000000000,0.0000000000,0.0000000000,0.0000000000,0.0000000000,0.0000000000,0.0000000000,0.0000000000,0.0000000000,0.0000000000,0.0000000000,0.0000000000,0.0000000000,0.0000000000,0.0000000000,0.0000000000,0.0000000000,0.0000000000,0.0000000000,0.0000000000,0.0000000000,0.0000000000,0.0000000000,0.0000000000,0.0000000000,0.0000000000,0.0000000000,0.0000000000,0.0000000000,0.0000000000,0.0000000000,0.0000000000,0.0000000000,0.0000000000,0.0000000000,0.0000000000,0.0000000000,0.0000000000,0.0000000000,0.0000000000,0.0000000000,0.0000000000,0.0000000000,0.0000000000,0.0000000000,0.0000000000,0.0000000000,0.0000000000,0.0000000000,0.0000000000,0.0000000000,0.0000000000,0.0000000000,0.0000000000,0.0000000000,0.0000000000,0.0000000000,0.0000000000,0.0000000000,0.0000000000,0.0000000000,0.0000000000,0.0000000000,0.0000000000,0.0000000000,0.0000000000,0.0000000000,0.0000000000,0.0000000000,0.0000000000,0.0000000000,0.0000000000,0.0000000000,0.0000000000,0.0000000000,0.0000000000,0.0000000000,0.0000000000,0.0000000000,0.0000000000,0.0000000000,0.0000000000,0.0000000000,0.0000000000,0.0000000000,0.0000000000,0.0000000000,0.0000000000,0.0000000000,0.0000000000,0.0000000000,0.0000000000,0.0000000000,0.0000000000,0.0000000000,0.0000000000,0.0000000000,1.0000000000,0.0210696921
0.0000000000,0.0000000000,0.0000000000,0.0000000000,0.0000000000,0.0000000000,0.0000000000,0.0000000000,0.0000000000,0.0000000000,0.0000000000,0.0000000000,0.0000000000,0.0000000000,0.0000000000,0.0000000000,0.0000000000,0.0000000000,0.0000000000,0.0000000000,0.0000000000,0.0000000000,0.0000000000,0.0000000000,0.0000000000,0.0000000000,0.0000000000,0.0000000000,0.0000000000,0.0000000000,0.0000000000,0.0000000000,0.0000000000,0.0000000000,0.0000000000,0.0000000000,0.0000000000,0.0000000000,0.0000000000,0.0000000000,0.0000000000,0.0000000000,0.0000000000,0.0000000000,0.0000000000,0.0000000000,0.0000000000,0.0000000000,0.0000000000,0.0000000000,0.0000000000,0.0000000000,0.0000000000,0.0000000000,0.0000000000,0.0000000000,0.0000000000,0.0000000000,0.0000000000,0.0000000000,0.0000000000,0.0000000000,0.0000000000,0.0000000000,0.0000000000,0.0000000000,0.0000000000,0.0000000000,0.0000000000,0.0000000000,0.0000000000,0.0000000000,0.0000000000,0.0000000000,0.0000000000,0.0000000000,0.0000000000,0.0000000000,0.0000000000,0.0000000000,0.0000000000,0.0000000000,0.0000000000,0.0000000000,0.0000000000,0.0000000000,0.0000000000,0.0000000000,0.0000000000,0.0000000000,0.0000000000,0.0000000000,0.0000000000,0.0000000000,0.0000000000,0.0000000000,0.0000000000,0.0000000000,0.0000000000,0.0000000000,0.0000000000,0.0000000000,0.0000000000,0.0000000000,0.0000000000,0.0000000000,0.0000000000,0.0000000000,0.0000000000,0.0000000000,0.0000000000,0.0000000000,0.0000000000,0.0000000000,0.0000000000,0.0000000000,0.0000000000,0.0000000000,0.0000000000,0.0000000000,0.0000000000,0.0000000000,0.0000000000,0.0000000000,0.0000000000,0.0000000000,0.0000000000,0.0000000000,0.0000000000,0.0000000000,0.0000000000,0.0000000000,0.0000000000,0.0000000000,0.0000000000,0.0000000000,0.0000000000,0.0000000000,0.0000000000,0.0000000000,0.0000000000,0.0000000000,0.0000000000,0.0000000000,0.0000000000,0.0000000000,0.0000000000,0.0000000000,0.0000000000,0.0000000000,0.0000000000,0.0000000000,0.0000000000,0.0000000000,0.0000000000,0.0000000000,0.0000000000,0.0000000000,0.0000000000,1.0000000000
