1.0000000000,0.0005785921,0.0002211411,0.0002730748,0.0000000000,0.0000000000,0.0001768972,0.0000000000,0.0002298851,0.0001953125,0.0004366812,0.0000000000,0.0004873294,0.0000000000,0.0002232143,0.0000000000,0.0000000000,0.0000000000,0.0002461841,0.0000000000,0.0002379253,0.0002373042,0.0002398082,0.0002257336,0.0004542357,0.0000000000,0.0004257131,0.0000000000,0.0000000000,0.0000000000,0.0000000000,0.0000000000,0.0002324500,0.0002830456,0.0008460237,0.0001947420,0.0000000000,0.0000000000,0.0002272727,0.0003479471,0.0004137360,0.0002326122,0.0003925160,0.0002466700,0.0000000000,0.0000000000,0.0000000000,0.0002475248,0.0004559964,0.0002203614,0.0004317789,0.0004278075,0.0002255300,0.0002098636,0.0002197319,0.0002089864,0.0002624672,0.0004655493,0.0005154639,0.0000000000,0.0006346520,0.0000000000,0.0002090301,0.0000000000,0.0004254414,0.0002388915,0.0006715917,0.0000000000,0.0002405581,0.0000000000,0.0000000000,0.0000000000,0.0002384359,0.0000000000,0.0000000000,0.0000000000,0.0000000000,0.0000000000,0.0000000000,0.0000000000,0.0000000000,0.0000000000,0.0000000000,0.0000000000,0.0002296211,0.0000000000,0.0000000000,0.0002341372,0.0000000000,0.0004514673,0.0005720824,0.0000000000,0.0000000000,0.0007367387,0.0002687450,0.0004450378,0.0002399232,0.0002479544,0.0000000000,0.0000000000,0.0000000000,0.0000000000,0.0000000000,0.0000000000,0.0000000000,0.0000000000,0.0000000000,0.0000000000,0.0000000000,0.0002268603,0.0000000000,0.0000000000,0.0004441483,0.0006712911,0.0004358248,0.0000000000,0.0002251745,0.0002201673,0.0000000000,0.0000000000,0.0000000000,0.0000000000,0.0000000000,0.0000000000,0.0000000000,0.0000000000,0.0002274278,0.0002090738,0.0000000000,0.0004806537,0.0002351281,0.0006843066,0.0004693734,0.0002365744,0.0000000000,0.0000000000,0.0000000000,0.0000000000,0.0000000000,0.0002334812,0.0002855511,0.0000000000,0.0000000000,0.0000000000,0.0000000000,0.0002410800,0.0000000000,0.0000000000,0.0002371354,0.0004856727,0.0000000000,0.0000000000,0.0002224694,0.0002229157,0.0000000000,0.0000000000,0.0000000000,0.0000000000,0.0002016942,0.0000000000
0.0000000000,1.0000000000,0.0135864832,0.0060864273,0.0358711567,0.0161929941,0.0025966532,0.0003400204,0.0005315379,0.0001558603,0.0001701548,0.0001840265,0.0000000000,0.0001666944,0.0000000000,0.0000000000,0.0001630523,0.0001720578,0.0001866368,0.0001739130,0.0000000000,0.0005446623,0.0005490483,0.0005241090,0.0003509388,0.0001884659,0.0006675567,0.0001681520,0.0003602954,0.0000000000,0.0001768972,0.0000000000,0.0001786352,0.0000000000,0.0004979253,0.0000000000,0.0001634788,0.0003379520,0.0003511853,0.0003024803,0.0000000000,0.0001787310,0.0006714414,0.0003739017,0.0001816530,0.0001815871,0.0000000000,0.0001874063,0.0003519887,0.0000000000,0.0000000000,0.0001674481,0.0000000000,0.0000000000,0.0001710279,0.0003289474,0.0001958480,0.0000000000,0.0000000000,0.0001671682,0.0001659751,0.0001643115,0.0001644737,0.0003454828,0.0001667222,0.0000000000,0.0000000000,0.0000000000,0.0000000000,0.0001711450,0.0001816201,0.0000000000,0.0000000000,0.0003588088,0.0001753463,0.0000000000,0.0000000000,0.0001787630,0.0001772421,0.0000000000,0.0007260846,0.0001752848,0.0001786671,0.0000000000,0.0000000000,0.0001883949,0.0000000000,0.0000000000,0.0001648533,0.0001746115,0.0008449004,0.0000000000,0.0000000000,0.0000000000,0.0000000000,0.0003454231,0.0001830161,0.0001876525,0.0001824485,0.0002855511,0.0001958864,0.0000000000,0.0000000000,0.0001830496,0.0003566334,0.0004139073,0.0001818843,0.0001759634,0.0001784121,0.0001753156,0.0000000000,0.0003850597,0.0001724138,0.0001734004,0.0001698947,0.0000000000,0.0001743071,0.0001712915,0.0001847746,0.0005389867,0.0005385030,0.0005408329,0.0000000000,0.0000000000,0.0001851852,0.0001793400,0.0000000000,0.0004936646,0.0001760873,0.0001832173,0.0003604903,0.0000000000,0.0000000000,0.0001810610,0.0001587806,0.0000000000,0.0003786445,0.0002201673,0.0000000000,0.0001792436,0.0000000000,0.0000000000,0.0001974724,0.0003597769,0.0003444712,0.0005512679,0.0001803752,0.0000000000,0.0000000000,0.0003694126,0.0001811266,0.0001511716,0.0005182242,0.0003459609,0.0000000000,0.0001654807,0.0001721467,0.0000000000,0.0001598977,0.0000000000
0.0000000000,0.0000000000,1.0000000000,0.0136921624,0.0110138379,0.0131141485,0.0033524904,0.0003833621,0.0004016064,0.0003478261,0.0001918649,0.0006293266,0.0002111486,0.0001874766,0.0000000000,0.0002124495,0.0000000000,0.0001942879,0.0002130833,0.0001966568,0.0000000000,0.0004128819,0.0002082899,0.0000000000,0.0005960660,0.0002154708,0.0003753049,0.0005681818,0.0000000000,0.0000000000,0.0004010427,0.0000000000,0.0000000000,0.0000000000,0.0000000000,0.0001734305,0.0000000000,0.0005712110,0.0000000000,0.0002161228,0.0000000000,0.0000000000,0.0001208313,0.0002134472,0.0000000000,0.0002065262,0.0002669514,0.0002140869,0.0001992826,0.0001934610,0.0001899696,0.0003769318,0.0000000000,0.0000000000,0.0000000000,0.0001846381,0.0002251745,0.0000000000,0.0000000000,0.0001880760,0.0000000000,0.0000000000,0.0000000000,0.0003903201,0.0001875117,0.0000000000,0.0001960784,0.0002009243,0.0004177982,0.0000000000,0.0000000000,0.0000000000,0.0000000000,0.0002036660,0.0003970617,0.0000000000,0.0002092926,0.0002028809,0.0002009243,0.0002055498,0.0000000000,0.0000000000,0.0004055972,0.0001982554,0.0006019262,0.0000000000,0.0006138735,0.0002039984,0.0001851509,0.0001975504,0.0001311303,0.0002085506,0.0002008435,0.0004251701,0.0000000000,0.0001950839,0.0004168404,0.0000000000,0.0000000000,0.0003155072,0.0000000000,0.0000000000,0.0000000000,0.0000000000,0.0002022654,0.0000000000,0.0004139073,0.0001992826,0.0000000000,0.0001984521,0.0003694809,0.0004415986,0.0000000000,0.0001960016,0.0000000000,0.0001902588,0.0000000000,0.0000000000,0.0000000000,0.0000000000,0.0002037490,0.0008195042,0.0006440532,0.0002108370,0.0002111932,0.0002036245,0.0001988862,0.0001847063,0.0005985634,0.0004173623,0.0002047502,0.0003987241,0.0000000000,0.0000000000,0.0001775253,0.0001926040,0.0000000000,0.0000000000,0.0000000000,0.0000000000,0.0002419550,0.0000000000,0.0002273244,0.0002042901,0.0001944769,0.0000000000,0.0000000000,0.0002051703,0.0004126264,0.0004211413,0.0000000000,0.0003361910,0.0003902439,0.0000000000,0.0004183225,0.0000000000,0.0000000000,0.0000000000,0.0000000000,0.0000000000
0.0000000000,0.0000000000,0.0000000000,1.0000000000,0.0055452865,0.0056534029,0.0012919897,0.0002294631,0.0004854369,0.0000000000,0.0000000000,0.0002558199,0.0000000000,0.0006708408,0.0002352388,0.0000000000,0.0000000000,0.0000000000,0.0000000000,0.0002366864,0.0000000000,0.0000000000,0.0002537427,0.0000000000,0.0000000000,0.0002644803,0.0000000000,0.0000000000,0.0004967710,0.0004943154,0.0000000000,0.0005560189,0.0002455193,0.0000000000,0.0000000000,0.0000000000,0.0002177700,0.0000000000,0.0000000000,0.0000000000,0.0000000000,0.0002457002,0.0002697235,0.0007847240,0.0002512563,0.0002511301,0.0000000000,0.0000000000,0.0002405002,0.0000000000,0.0002270663,0.0000000000,0.0000000000,0.0000000000,0.0000000000,0.0002194908,0.0000000000,0.0000000000,0.0002738226,0.0000000000,0.0002222222,0.0000000000,0.0002195390,0.0000000000,0.0000000000,0.0000000000,0.0004718094,0.0002428953,0.0005092946,0.0002315887,0.0000000000,0.0002520161,0.0000000000,0.0000000000,0.0000000000,0.0002496879,0.0000000000,0.0000000000,0.0000000000,0.0000000000,0.0002508151,0.0004785834,0.0000000000,0.0002390057,0.0000000000,0.0002643405,0.0002482005,0.0002474023,0.0004405286,0.0009526078,0.0001477978,0.0002541296,0.0000000000,0.0002600780,0.0000000000,0.0007035647,0.0000000000,0.0000000000,0.0000000000,0.0003650301,0.0000000000,0.0000000000,0.0005154639,0.0000000000,0.0000000000,0.0000000000,0.0000000000,0.0000000000,0.0000000000,0.0000000000,0.0002195872,0.0002724796,0.0000000000,0.0000000000,0.0000000000,0.0002274795,0.0000000000,0.0000000000,0.0002572678,0.0002473411,0.0002470356,0.0004971414,0.0002631579,0.0000000000,0.0000000000,0.0002468526,0.0000000000,0.0000000000,0.0004815796,0.0005086470,0.0000000000,0.0000000000,0.0000000000,0.0002501251,0.0004191115,0.0004617871,0.0002660990,0.0000000000,0.0000000000,0.0000000000,0.0000000000,0.0000000000,0.0002825657,0.0000000000,0.0000000000,0.0005104645,0.0002488181,0.0000000000,0.0000000000,0.0000000000,0.0000000000,0.0000000000,0.0002344116,0.0002349072,0.0000000000,0.0004427718,0.0002334267,0.0002442599,0.0006346520,0.0000000000
0.0000000000,0.0000000000,0.0000000000,0.0000000000,1.0000000000,0.0412673056,0.0070542967,0.0010985993,0.0005871991,0.0002394063,0.0000000000,0.0000000000,0.0000000000,0.0000000000,0.0000000000,0.0000000000,0.0000000000,0.0002798769,0.0003206156,0.0000000000,0.0000000000,0.0000000000,0.0000000000,0.0002867795,0.0000000000,0.0006523157,0.0000000000,0.0000000000,0.0000000000,0.0000000000,0.0000000000,0.0000000000,0.0000000000,0.0000000000,0.0002639916,0.0000000000,0.0002578649,0.0002717391,0.0000000000,0.0000000000,0.0000000000,0.0000000000,0.0001492092,0.0000000000,0.0000000000,0.0000000000,0.0004604052,0.0000000000,0.0002903600,0.0000000000,0.0000000000,0.0000000000,0.0000000000,0.0002616431,0.0000000000,0.0002602811,0.0000000000,0.0000000000,0.0000000000,0.0000000000,0.0002641310,0.0000000000,0.0002603489,0.0000000000,0.0000000000,0.0000000000,0.0000000000,0.0002938584,0.0006224712,0.0002774695,0.0000000000,0.0003073141,0.0000000000,0.0000000000,0.0000000000,0.0000000000,0.0000000000,0.0000000000,0.0000000000,0.0003038590,0.0000000000,0.0005772006,0.0000000000,0.0000000000,0.0002930832,0.0000000000,0.0000000000,0.0000000000,0.0002613013,0.0000000000,0.0000000000,0.0006211180,0.0002936858,0.0000000000,0.0000000000,0.0000000000,0.0003100775,0.0000000000,0.0000000000,0.0006297229,0.0000000000,0.0000000000,0.0000000000,0.0000000000,0.0000000000,0.0003855050,0.0000000000,0.0000000000,0.0002970885,0.0000000000,0.0002604167,0.0000000000,0.0000000000,0.0002834467,0.0005485464,0.0000000000,0.0002858776,0.0002778550,0.0000000000,0.0000000000,0.0000000000,0.0003021148,0.0000000000,0.0000000000,0.0000000000,0.0000000000,0.0000000000,0.0007816571,0.0000000000,0.0000000000,0.0003021148,0.0000000000,0.0000000000,0.0000000000,0.0002463661,0.0000000000,0.0000000000,0.0000000000,0.0000000000,0.0000000000,0.0000000000,0.0000000000,0.0003539823,0.0000000000,0.0000000000,0.0000000000,0.0006053269,0.0003030303,0.0003054368,0.0000000000,0.0003046923,0.0002285192,0.0000000000,0.0000000000,0.0000000000,0.0000000000,0.0000000000,0.0000000000,0.0000000000,0.0000000000
0.0000000000,0.0000000000,0.0000000000,0.0000000000,0.0000000000,1.0000000000,0.0290869498,0.0074423670,0.0028312571,0.0011520737,0.0009026900,0.0009811617,0.0005923001,0.0003531073,0.0005514706,0.0000000000,0.0000000000,0.0001825484,0.0001990446,0.0001846381,0.0000000000,0.0000000000,0.0001948558,0.0000000000,0.0001863586,0.0000000000,0.0003533569,0.0007130125,0.0000000000,0.0000000000,0.0001880053,0.0002088119,0.0001899696,0.0000000000,0.0007029877,0.0000000000,0.0001729206,0.0003581662,0.0001864976,0.0002086594,0.0001725030,0.0003802281,0.0003486345,0.0001993620,0.0000000000,0.0000000000,0.0000000000,0.0000000000,0.0001869508,0.0000000000,0.0001787310,0.0000000000,0.0000000000,0.0001746115,0.0003628447,0.0001740038,0.0002095557,0.0000000000,0.0000000000,0.0001770538,0.0000000000,0.0001738526,0.0000000000,0.0000000000,0.0007065889,0.0003885759,0.0001841282,0.0003768607,0.0000000000,0.0001815211,0.0000000000,0.0001938360,0.0001939488,0.0000000000,0.0001862544,0.0001924557,0.0001957330,0.0001901141,0.0000000000,0.0000000000,0.0001931248,0.0001861851,0.0000000000,0.0000000000,0.0000000000,0.0000000000,0.0000000000,0.0000000000,0.0003489792,0.0000000000,0.0005028916,0.0001950839,0.0001883239,0.0000000000,0.0002135383,0.0001832509,0.0005850234,0.0000000000,0.0000000000,0.0002998501,0.0000000000,0.0000000000,0.0001971609,0.0003900156,0.0001895735,0.0000000000,0.0000000000,0.0001869508,0.0000000000,0.0000000000,0.0001740644,0.0002057190,0.0000000000,0.0003681885,0.0003602954,0.0005371531,0.0000000000,0.0000000000,0.0000000000,0.0001910585,0.0001908761,0.0003835827,0.0002003606,0.0001970832,0.0000000000,0.0000000000,0.0000000000,0.0001740644,0.0000000000,0.0000000000,0.0000000000,0.0000000000,0.0003829217,0.0001927154,0.0000000000,0.0000000000,0.0000000000,0.0002376426,0.0003959612,0.0000000000,0.0000000000,0.0000000000,0.0002114165,0.0001913509,0.0000000000,0.0000000000,0.0003839509,0.0000000000,0.0000000000,0.0000000000,0.0007716049,0.0001592103,0.0001832509,0.0000000000,0.0000000000,0.0001751620,0.0003653635,0.0000000000,0.0000000000,0.0003046923
0.0000000000,0.0000000000,0.0000000000,0.0000000000,0.0000000000,0.0000000000,1.0000000000,0.0271756713,0.0107473545,0.0036453777,0.0022116904,0.0016975047,0.0013651877,0.0001546790,0.0004807692,0.0005140507,0.0000000000,0.0003186235,0.0003434656,0.0004827808,0.0000000000,0.0003347280,0.0003372113,0.0000000000,0.0001621797,0.0005199307,0.0003095975,0.0001559333,0.0000000000,0.0000000000,0.0003269042,0.0001789229,0.0001649077,0.0000000000,0.0000000000,0.0000000000,0.0004558578,0.0003132832,0.0000000000,0.0001925855,0.0001515841,0.0000000000,0.0003189793,0.0001719395,0.0000000000,0.0001674201,0.0000000000,0.0001723544,0.0000000000,0.0000000000,0.0000000000,0.0000000000,0.0001613944,0.0004597701,0.0003168568,0.0000000000,0.0000000000,0.0000000000,0.0000000000,0.0003102218,0.0001540595,0.0000000000,0.0000000000,0.0001598465,0.0000000000,0.0001681237,0.0000000000,0.0000000000,0.0003379520,0.0000000000,0.0000000000,0.0000000000,0.0000000000,0.0000000000,0.0006487188,0.0001667779,0.0000000000,0.0001650165,0.0003274930,0.0000000000,0.0003346160,0.0003241491,0.0003299241,0.0000000000,0.0001634788,0.0000000000,0.0001661130,0.0000000000,0.0000000000,0.0000000000,0.0002284148,0.0001687479,0.0001636661,0.0000000000,0.0001823819,0.0000000000,0.0005060729,0.0003451847,0.0003363606,0.0002677376,0.0005386964,0.0000000000,0.0000000000,0.0000000000,0.0003292723,0.0000000000,0.0001676727,0.0001626281,0.0008241305,0.0003242017,0.0001527884,0.0001766472,0.0003192338,0.0011241368,0.0001574307,0.0000000000,0.0000000000,0.0006348199,0.0003403097,0.0001657275,0.0003312355,0.0008318084,0.0003454231,0.0001702417,0.0001704739,0.0001655081,0.0001623640,0.0000000000,0.0001627339,0.0000000000,0.0004989190,0.0003253620,0.0001660027,0.0003340013,0.0000000000,0.0000000000,0.0001739433,0.0000000000,0.0000000000,0.0000000000,0.0003800114,0.0000000000,0.0001808318,0.0000000000,0.0003188776,0.0005077861,0.0000000000,0.0001665279,0.0001672520,0.0001700391,0.0001670286,0.0001412230,0.0003196931,0.0003201537,0.0003382950,0.0001536334,0.0000000000,0.0001643385,0.0002976633,0.0000000000
0.0000000000,0.0000000000,0.0000000000,0.0000000000,0.0000000000,0.0000000000,0.0000000000,1.0000000000,0.0395468589,0.0130616510,0.0091778203,0.0058248388,0.0037625418,0.0005558644,0.0003864734,0.0006289308,0.0001807338,0.0000000000,0.0002101723,0.0003884249,0.0004083299,0.0002036660,0.0004110997,0.0000000000,0.0001960784,0.0002124947,0.0001853568,0.0001870208,0.0002019386,0.0004023335,0.0000000000,0.0000000000,0.0002000800,0.0000000000,0.0005529954,0.0001714972,0.0003625816,0.0005642279,0.0000000000,0.0002146153,0.0001807991,0.0000000000,0.0004797314,0.0004211413,0.0002038736,0.0002037905,0.0000000000,0.0000000000,0.0001967342,0.0001910585,0.0000000000,0.0000000000,0.0001949318,0.0001831166,0.0000000000,0.0001824485,0.0000000000,0.0000000000,0.0000000000,0.0000000000,0.0000000000,0.0000000000,0.0003650301,0.0001926782,0.0003705762,0.0000000000,0.0005810575,0.0001983340,0.0004122012,0.0000000000,0.0000000000,0.0002043736,0.0000000000,0.0000000000,0.0000000000,0.0000000000,0.0000000000,0.0002002403,0.0000000000,0.0000000000,0.0002035831,0.0003918495,0.0000000000,0.0000000000,0.0000000000,0.0000000000,0.0006058158,0.0000000000,0.0001829491,0.0000000000,0.0001300221,0.0002057613,0.0001982554,0.0002096436,0.0000000000,0.0000000000,0.0000000000,0.0002114612,0.0000000000,0.0006248047,0.0000000000,0.0000000000,0.0000000000,0.0000000000,0.0000000000,0.0000000000,0.0002041650,0.0003935458,0.0003996803,0.0001959248,0.0001825151,0.0000000000,0.0003846894,0.0005808325,0.0005677517,0.0007521625,0.0000000000,0.0000000000,0.0006237006,0.0002012882,0.0002010859,0.0000000000,0.0004233700,0.0002079867,0.0000000000,0.0006031363,0.0000000000,0.0000000000,0.0001968892,0.0002058460,0.0004042037,0.0000000000,0.0004034698,0.0004063389,0.0001755002,0.0001902226,0.0000000000,0.0000000000,0.0000000000,0.0000000000,0.0000000000,0.0000000000,0.0000000000,0.0004033071,0.0000000000,0.0002064410,0.0002022654,0.0000000000,0.0000000000,0.0002076843,0.0000000000,0.0000000000,0.0000000000,0.0000000000,0.0000000000,0.0000000000,0.0003840246,0.0005979669,0.0001768659,0.0000000000
0.0000000000,0.0000000000,0.0000000000,0.0000000000,0.0000000000,0.0000000000,0.0000000000,0.0000000000,1.0000000000,0.0337161912,0.0183838384,0.0089971472,0.0046214789,0.0019406171,0.0010131712,0.0002205072,0.0001888218,0.0000000000,0.0000000000,0.0002035416,0.0000000000,0.0000000000,0.0002160294,0.0004091653,0.0000000000,0.0006715917,0.0000000000,0.0000000000,0.0000000000,0.0000000000,0.0000000000,0.0000000000,0.0004201681,0.0002505010,0.0001926782,0.0000000000,0.0007580064,0.0003936233,0.0000000000,0.0004405286,0.0000000000,0.0000000000,0.0004937662,0.0000000000,0.0000000000,0.0000000000,0.0000000000,0.0004446421,0.0006193229,0.0002001201,0.0000000000,0.0000000000,0.0002043736,0.0001914242,0.0001996008,0.0001906941,0.0002342469,0.0000000000,0.0000000000,0.0000000000,0.0003855793,0.0003810976,0.0003815338,0.0002018978,0.0001937609,0.0002152853,0.0002029221,0.0004163197,0.0000000000,0.0001997603,0.0000000000,0.0000000000,0.0000000000,0.0000000000,0.0002055076,0.0002130833,0.0002171081,0.0002102165,0.0002081165,0.0004262575,0.0002139037,0.0000000000,0.0004202564,0.0000000000,0.0002077275,0.0000000000,0.0002119992,0.0000000000,0.0001912412,0.0000000000,0.0002683483,0.0000000000,0.0002080300,0.0002206045,0.0000000000,0.0000000000,0.0002161228,0.0002226180,0.0004307560,0.0003243068,0.0000000000,0.0002082899,0.0000000000,0.0002161695,0.0002095557,0.0000000000,0.0004291845,0.0002063558,0.0004195511,0.0008223684,0.0005725191,0.0000000000,0.0006047168,0.0002028398,0.0001980590,0.0000000000,0.0000000000,0.0004000000,0.0000000000,0.0002113718,0.0002111486,0.0002122241,0.0002228164,0.0002187705,0.0000000000,0.0000000000,0.0000000000,0.0001907669,0.0000000000,0.0000000000,0.0002122241,0.0004128819,0.0000000000,0.0002134016,0.0001831166,0.0001992032,0.0000000000,0.0000000000,0.0000000000,0.0000000000,0.0000000000,0.0000000000,0.0000000000,0.0000000000,0.0004024955,0.0004342162,0.0002124495,0.0002126755,0.0006418485,0.0000000000,0.0002134927,0.0000000000,0.0000000000,0.0000000000,0.0000000000,0.0001920861,0.0000000000,0.0002091175,0.0007388253,0.0000000000
0.0000000000,0.0000000000,0.0000000000,0.0000000000,0.0000000000,0.0000000000,0.0000000000,0.0000000000,0.0000000000,1.0000000000,0.0345380096,0.0128301887,0.0067937347,0.0018574806,0.0012274242,0.0003770739,0.0008248103,0.0010452962,0.0001890002,0.0000000000,0.0000000000,0.0000000000,0.0003705076,0.0005303164,0.0001775253,0.0000000000,0.0001686910,0.0000000000,0.0000000000,0.0001816530,0.0001790190,0.0001977848,0.0001807991,0.0002099958,0.0001677852,0.0001571339,0.0001652893,0.0001708817,0.0003553660,0.0001014919,0.0001649077,0.0001808973,0.0001126888,0.0001892864,0.0001838911,0.0000000000,0.0002302026,0.0001897893,0.0001780627,0.0003468609,0.0001705902,0.0001693480,0.0005299417,0.0001668335,0.0003460806,0.0004990020,0.0007942812,0.0000000000,0.0001956947,0.0000000000,0.0001678416,0.0000000000,0.0001663063,0.0005243838,0.0003372681,0.0000000000,0.0001755002,0.0001793722,0.0001856665,0.0001731302,0.0003677823,0.0001842978,0.0000000000,0.0003631741,0.0001774308,0.0003661662,0.0001860119,0.0003619254,0.0001793722,0.0000000000,0.0000000000,0.0003547987,0.0003617291,0.0001772421,0.0000000000,0.0001908033,0.0001822490,0.0001818182,0.0000000000,0.0005302227,0.0006082725,0.0000000000,0.0001793079,0.0003772161,0.0000000000,0.0003494671,0.0000000000,0.0000000000,0.0001847063,0.0002883091,0.0000000000,0.0001795010,0.0001873010,0.0000000000,0.0000000000,0.0000000000,0.0001841282,0.0003561888,0.0001805706,0.0003548616,0.0004991681,0.0000000000,0.0000000000,0.0005265005,0.0000000000,0.0001708234,0.0000000000,0.0000000000,0.0003742515,0.0000000000,0.0000000000,0.0001824152,0.0001901864,0.0001872309,0.0001875117,0.0000000000,0.0000000000,0.0001663340,0.0000000000,0.0000000000,0.0000000000,0.0001780944,0.0001821162,0.0001832845,0.0008029549,0.0001727116,0.0001917178,0.0002234637,0.0000000000,0.0000000000,0.0000000000,0.0000000000,0.0002001201,0.0000000000,0.0001742160,0.0003720238,0.0001825817,0.0000000000,0.0000000000,0.0001869858,0.0001833517,0.0000000000,0.0000000000,0.0003500175,0.0001858736,0.0000000000,0.0001741553,0.0003602954,0.0001616292,0.0000000000
0.0000000000,0.0000000000,0.0000000000,0.0000000000,0.0000000000,0.0000000000,0.0000000000,0.0000000000,0.0000000000,0.0000000000,1.0000000000,0.0393887215,0.0305113881,0.0029750837,0.0013555383,0.0002098196,0.0009053051,0.0001920861,0.0002104377,0.0003888781,0.0002043736,0.0002039152,0.0002057613,0.0003907013,0.0001963094,0.0004256225,0.0003711952,0.0001872309,0.0004044489,0.0000000000,0.0003963535,0.0002213859,0.0002003205,0.0002367985,0.0000000000,0.0000000000,0.0001814553,0.0000000000,0.0000000000,0.0000000000,0.0001809955,0.0000000000,0.0002399808,0.0002107926,0.0000000000,0.0004081633,0.0000000000,0.0002114165,0.0000000000,0.0000000000,0.0001878640,0.0000000000,0.0000000000,0.0000000000,0.0000000000,0.0003653635,0.0000000000,0.0000000000,0.0004376368,0.0000000000,0.0000000000,0.0001824818,0.0000000000,0.0000000000,0.0001854599,0.0000000000,0.0000000000,0.0005959476,0.0000000000,0.0000000000,0.0000000000,0.0000000000,0.0002047502,0.0000000000,0.0001961938,0.0002030869,0.0000000000,0.0002004812,0.0003972195,0.0000000000,0.0002038320,0.0000000000,0.0002003606,0.0001959632,0.0001982161,0.0002126755,0.0002021019,0.0000000000,0.0003663675,0.0009771350,0.0005206977,0.0002060157,0.0005957109,0.0002099076,0.0002267060,0.0003858025,0.0000000000,0.0000000000,0.0000000000,0.0000000000,0.0002222716,0.0000000000,0.0004167535,0.0000000000,0.0001998801,0.0004732608,0.0006134969,0.0003940110,0.0004001601,0.0007850834,0.0001827151,0.0002179124,0.0000000000,0.0001937609,0.0003788596,0.0000000000,0.0000000000,0.0003823361,0.0004162331,0.0004031445,0.0000000000,0.0000000000,0.0000000000,0.0004165799,0.0004172752,0.0004024955,0.0001965795,0.0001827151,0.0000000000,0.0000000000,0.0000000000,0.0000000000,0.0000000000,0.0002033760,0.0003514321,0.0003809524,0.0002138123,0.0000000000,0.0000000000,0.0000000000,0.0000000000,0.0000000000,0.0000000000,0.0000000000,0.0001922707,0.0000000000,0.0002025111,0.0000000000,0.0000000000,0.0000000000,0.0004070004,0.0000000000,0.0000000000,0.0000000000,0.0000000000,0.0001839250,0.0000000000,0.0000000000,0.0000000000,0.0000000000
0.0000000000,0.0000000000,0.0000000000,0.0000000000,0.0000000000,0.0000000000,0.0000000000,0.0000000000,0.0000000000,0.0000000000,0.0000000000,1.0000000000,0.0337212064,0.0099959200,0.0038216561,0.0020857474,0.0021679149,0.0010506409,0.0004642526,0.0004255319,0.0004495392,0.0006727966,0.0006795017,0.0004277160,0.0006453001,0.0002349072,0.0000000000,0.0000000000,0.0000000000,0.0002210922,0.0000000000,0.0002454590,0.0000000000,0.0005292405,0.0000000000,0.0000000000,0.0000000000,0.0000000000,0.0000000000,0.0004510600,0.0000000000,0.0000000000,0.0005070351,0.0000000000,0.0002244165,0.0000000000,0.0005950610,0.0002332634,0.0004316857,0.0000000000,0.0000000000,0.0000000000,0.0000000000,0.0003991219,0.0000000000,0.0000000000,0.0000000000,0.0000000000,0.0000000000,0.0002027164,0.0000000000,0.0000000000,0.0001987676,0.0004219409,0.0002020610,0.0002255809,0.0002120441,0.0000000000,0.0000000000,0.0000000000,0.0000000000,0.0002250225,0.0000000000,0.0002209456,0.0000000000,0.0002231645,0.0002275831,0.0002200220,0.0000000000,0.0002231645,0.0000000000,0.0000000000,0.0002198769,0.0006440532,0.0000000000,0.0000000000,0.0000000000,0.0002213369,0.0003987241,0.0002137666,0.0002762049,0.0000000000,0.0000000000,0.0000000000,0.0000000000,0.0002108815,0.0000000000,0.0000000000,0.0000000000,0.0001678979,0.0000000000,0.0002179124,0.0006888634,0.0004532064,0.0002192982,0.0002642706,0.0000000000,0.0006476684,0.0000000000,0.0000000000,0.0001988072,0.0000000000,0.0004210526,0.0000000000,0.0002067397,0.0002052545,0.0002133106,0.0000000000,0.0000000000,0.0000000000,0.0000000000,0.0000000000,0.0000000000,0.0000000000,0.0000000000,0.0000000000,0.0004307560,0.0001988072,0.0002159827,0.0000000000,0.0000000000,0.0000000000,0.0002217787,0.0000000000,0.0001905125,0.0002079867,0.0000000000,0.0000000000,0.0002305741,0.0000000000,0.0000000000,0.0000000000,0.0002490660,0.0000000000,0.0000000000,0.0002275313,0.0002224694,0.0000000000,0.0002240143,0.0000000000,0.0006711409,0.0005391804,0.0000000000,0.0000000000,0.0000000000,0.0002002403,0.0000000000,0.0000000000,0.0000000000,0.0000000000
0.0000000000,0.0000000000,0.0000000000,0.0000000000,0.0000000000,0.0000000000,0.0000000000,0.0000000000,0.0000000000,0.0000000000,0.0000000000,0.0000000000,1.0000000000,0.0325425152,0.0129449838,0.0058602907,0.0047732697,0.0027554048,0.0009361105,0.0000000000,0.0004528986,0.0002258356,0.0002281022,0.0000000000,0.0002165440,0.0002367424,0.0000000000,0.0000000000,0.0002237136,0.0000000000,0.0004376368,0.0000000000,0.0000000000,0.0000000000,0.0000000000,0.0003739716,0.0000000000,0.0000000000,0.0002167317,0.0002263211,0.0001980590,0.0000000000,0.0001272427,0.0002343018,0.0004522840,0.0004520796,0.0000000000,0.0000000000,0.0002173441,0.0000000000,0.0000000000,0.0000000000,0.0000000000,0.0004017678,0.0000000000,0.0002000400,0.0000000000,0.0000000000,0.0000000000,0.0002040816,0.0000000000,0.0000000000,0.0000000000,0.0002124044,0.0002034174,0.0004546488,0.0000000000,0.0002192982,0.0000000000,0.0002100399,0.0002260398,0.0004535147,0.0000000000,0.0002225684,0.0000000000,0.0000000000,0.0000000000,0.0002216312,0.0004386927,0.0000000000,0.0000000000,0.0000000000,0.0002214839,0.0000000000,0.0000000000,0.0000000000,0.0000000000,0.0000000000,0.0004013646,0.0002152853,0.0001387155,0.0006855576,0.0004385003,0.0002332090,0.0000000000,0.0002123593,0.0002282063,0.0002354603,0.0000000000,0.0000000000,0.0000000000,0.0000000000,0.0002312673,0.0002282584,0.0002208968,0.0000000000,0.0002264493,0.0002173441,0.0000000000,0.0002163566,0.0004003203,0.0000000000,0.0004239983,0.0000000000,0.0000000000,0.0000000000,0.0002148228,0.0000000000,0.0002309469,0.0002229157,0.0002226676,0.0004478280,0.0007073803,0.0000000000,0.0000000000,0.0000000000,0.0000000000,0.0008009612,0.0006528836,0.0002285192,0.0002238639,0.0000000000,0.0000000000,0.0000000000,0.0001917178,0.0002094241,0.0002380386,0.0000000000,0.0000000000,0.0000000000,0.0000000000,0.0000000000,0.0000000000,0.0000000000,0.0000000000,0.0000000000,0.0002241147,0.0000000000,0.0000000000,0.0000000000,0.0000000000,0.0001807338,0.0002123593,0.0002127660,0.0000000000,0.0002015723,0.0004231909,0.0000000000,0.0000000000,0.0000000000
0.0000000000,0.0000000000,0.0000000000,0.0000000000,0.0000000000,0.0000000000,0.0000000000,0.0000000000,0.0000000000,0.0000000000,0.0000000000,0.0000000000,0.0000000000,1.0000000000,0.0439842209,0.0232314776,0.0112761768,0.0047134238,0.0016437230,0.0000000000,0.0001994018,0.0000000000,0.0002007226,0.0007635045,0.0003835091,0.0000000000,0.0001814553,0.0000000000,0.0000000000,0.0000000000,0.0001934610,0.0000000000,0.0001955417,0.0000000000,0.0000000000,0.0000000000,0.0003551136,0.0000000000,0.0003838035,0.0002119767,0.0005314438,0.0001956564,0.0004731488,0.0000000000,0.0005977286,0.0005974905,0.0005094244,0.0002061006,0.0001923447,0.0000000000,0.0001836547,0.0000000000,0.0001906214,0.0003586801,0.0001864628,0.0001786671,0.0004328068,0.0000000000,0.0004262575,0.0001818843,0.0000000000,0.0001785077,0.0003574620,0.0000000000,0.0001813565,0.0000000000,0.0000000000,0.0001938736,0.0002012477,0.0000000000,0.0000000000,0.0000000000,0.0003996004,0.0001964251,0.0001916076,0.0000000000,0.0000000000,0.0001956947,0.0001938736,0.0001981768,0.0000000000,0.0003831418,0.0001955799,0.0003828484,0.0001935359,0.0000000000,0.0001972387,0.0001967342,0.0001791473,0.0003815338,0.0006407792,0.0004020101,0.0007756448,0.0006142506,0.0000000000,0.0001884304,0.0002008032,0.0000000000,0.0000000000,0.0003067485,0.0002164034,0.0001940241,0.0002031694,0.0000000000,0.0001951220,0.0002299379,0.0003989627,0.0000000000,0.0001952744,0.0001915709,0.0000000000,0.0002122692,0.0000000000,0.0000000000,0.0000000000,0.0000000000,0.0000000000,0.0000000000,0.0004059265,0.0003934684,0.0001965023,0.0001974334,0.0000000000,0.0000000000,0.0002034174,0.0001963865,0.0003840246,0.0010733453,0.0007704160,0.0002010454,0.0001974334,0.0005773672,0.0001970832,0.0007942812,0.0000000000,0.0000000000,0.0004168404,0.0000000000,0.0000000000,0.0000000000,0.0000000000,0.0000000000,0.0000000000,0.0000000000,0.0005638038,0.0002016129,0.0000000000,0.0001978239,0.0000000000,0.0002027986,0.0000000000,0.0000000000,0.0005655042,0.0000000000,0.0000000000,0.0000000000,0.0000000000,0.0001947420,0.0000000000,0.0000000000
0.0000000000,0.0000000000,0.0000000000,0.0000000000,0.0000000000,0.0000000000,0.0000000000,0.0000000000,0.0000000000,0.0000000000,0.0000000000,0.0000000000,0.0000000000,0.0000000000,1.0000000000,0.0426815642,0.0235760091,0.0102888801,0.0021542439,0.0000000000,0.0004174494,0.0002082032,0.0000000000,0.0003985652,0.0000000000,0.0000000000,0.0001891074,0.0003817522,0.0002063983,0.0004111842,0.0002021836,0.0002264493,0.0002044572,0.0000000000,0.0000000000,0.0001747030,0.0001848429,0.0000000000,0.0000000000,0.0003256975,0.0005533014,0.0006139992,0.0002429248,0.0000000000,0.0000000000,0.0000000000,0.0002699784,0.0002160294,0.0000000000,0.0000000000,0.0000000000,0.0003799392,0.0000000000,0.0003736223,0.0001945525,0.0000000000,0.0000000000,0.0000000000,0.0002237136,0.0001895735,0.0000000000,0.0003718855,0.0001861158,0.0000000000,0.0005672150,0.0002094241,0.0001977066,0.0002026342,0.0000000000,0.0000000000,0.0000000000,0.0002089427,0.0004182350,0.0002054232,0.0000000000,0.0000000000,0.0002111486,0.0000000000,0.0002026342,0.0004147657,0.0004163197,0.0002000800,0.0000000000,0.0001999200,0.0000000000,0.0002173441,0.0000000000,0.0002057613,0.0003732736,0.0003984858,0.0003956740,0.0006314460,0.0006079027,0.0002144542,0.0002320186,0.0001966955,0.0000000000,0.0002163566,0.0006286672,0.0003176116,0.0000000000,0.0002027986,0.0000000000,0.0000000000,0.0000000000,0.0002423655,0.0002087247,0.0000000000,0.0002041650,0.0004003203,0.0000000000,0.0004457321,0.0000000000,0.0000000000,0.0003862495,0.0001917913,0.0000000000,0.0003898635,0.0004251701,0.0000000000,0.0004110997,0.0002065262,0.0004331817,0.0006384337,0.0002130833,0.0004108463,0.0010036130,0.0022383884,0.0032277587,0.0002104820,0.0002065262,0.0000000000,0.0000000000,0.0000000000,0.0001788589,0.0003884249,0.0002185315,0.0000000000,0.0004275331,0.0000000000,0.0004889976,0.0000000000,0.0004591368,0.0000000000,0.0001960784,0.0002111041,0.0004135649,0.0000000000,0.0002080732,0.0002124044,0.0002077275,0.0000000000,0.0001966955,0.0003941663,0.0002109705,0.0000000000,0.0000000000,0.0004072490,0.0000000000,0.0000000000
0.0000000000,0.0000000000,0.0000000000,0.0000000000,0.0000000000,0.0000000000,0.0000000000,0.0000000000,0.0000000000,0.0000000000,0.0000000000,0.0000000000,0.0000000000,0.0000000000,0.0000000000,1.0000000000,0.0341774758,0.0179692574,0.0042553191,0.0008628128,0.0009122007,0.0009099181,0.0004593477,0.0004334634,0.0008722198,0.0002383790,0.0002047502,0.0000000000,0.0000000000,0.0002241650,0.0000000000,0.0002492522,0.0000000000,0.0000000000,0.0000000000,0.0000000000,0.0000000000,0.0000000000,0.0002181025,0.0002270663,0.0003984858,0.0000000000,0.0001277139,0.0000000000,0.0000000000,0.0002274795,0.0000000000,0.0000000000,0.0000000000,0.0002117298,0.0002075550,0.0002057190,0.0000000000,0.0000000000,0.0000000000,0.0000000000,0.0000000000,0.0000000000,0.0000000000,0.0000000000,0.0002035002,0.0000000000,0.0000000000,0.0000000000,0.0002046245,0.0000000000,0.0000000000,0.0000000000,0.0000000000,0.0002113271,0.0002275313,0.0002282063,0.0002283626,0.0002240143,0.0000000000,0.0000000000,0.0000000000,0.0000000000,0.0000000000,0.0000000000,0.0002272211,0.0004354452,0.0004459309,0.0000000000,0.0002202643,0.0000000000,0.0000000000,0.0000000000,0.0000000000,0.0002166378,0.0000000000,0.0004599816,0.0002206045,0.0004697041,0.0005121639,0.0004274418,0.0002297266,0.0000000000,0.0000000000,0.0003393857,0.0000000000,0.0002208968,0.0000000000,0.0000000000,0.0000000000,0.0000000000,0.0002279462,0.0000000000,0.0000000000,0.0000000000,0.0002012882,0.0002448580,0.0000000000,0.0000000000,0.0002094241,0.0002079002,0.0000000000,0.0000000000,0.0002325041,0.0000000000,0.0002241147,0.0002253267,0.0000000000,0.0000000000,0.0000000000,0.0002239642,0.0006550218,0.0010072522,0.0021934635,0.0004601933,0.0000000000,0.0000000000,0.0000000000,0.0004534119,0.0000000000,0.0000000000,0.0002396932,0.0000000000,0.0002339181,0.0000000000,0.0000000000,0.0000000000,0.0000000000,0.0000000000,0.0000000000,0.0000000000,0.0002255809,0.0000000000,0.0002271695,0.0002323420,0.0000000000,0.0001816860,0.0002136752,0.0000000000,0.0000000000,0.0002027575,0.0000000000,0.0000000000,0.0000000000,0.0000000000
0.0000000000,0.0000000000,0.0000000000,0.0000000000,0.0000000000,0.0000000000,0.0000000000,0.0000000000,0.0000000000,0.0000000000,0.0000000000,0.0000000000,0.0000000000,0.0000000000,0.0000000000,0.0000000000,1.0000000000,0.0411663808,0.0068341709,0.0016691395,0.0017506322,0.0023305496,0.0007823196,0.0005582434,0.0001869159,0.0004036327,0.0001771479,0.0000000000,0.0001922338,0.0000000000,0.0001885725,0.0000000000,0.0001905488,0.0002232641,0.0001761494,0.0003289474,0.0000000000,0.0003591954,0.0001870557,0.0005226845,0.0003460208,0.0001906578,0.0001164009,0.0000000000,0.0003880481,0.0003878976,0.0004926108,0.0000000000,0.0001875117,0.0000000000,0.0001792436,0.0001778726,0.0003718163,0.0000000000,0.0001819174,0.0001744896,0.0002102607,0.0000000000,0.0000000000,0.0000000000,0.0001762115,0.0001743375,0.0000000000,0.0005516734,0.0003541704,0.0001948558,0.0001846722,0.0001889645,0.0001959632,0.0000000000,0.0000000000,0.0001944390,0.0001945525,0.0001913876,0.0003736921,0.0001930502,0.0001963479,0.0000000000,0.0000000000,0.0001930502,0.0000000000,0.0000000000,0.0000000000,0.0001866020,0.0003773585,0.0000000000,0.0005767013,0.0005752637,0.0001749475,0.0000000000,0.0003778813,0.0001956947,0.0003778575,0.0001992032,0.0000000000,0.0000000000,0.0001955417,0.0000000000,0.0003898635,0.0001502630,0.0002103049,0.0003782864,0.0007916089,0.0000000000,0.0005706677,0.0002230649,0.0001942502,0.0000000000,0.0000000000,0.0001867762,0.0003491620,0.0000000000,0.0005506608,0.0000000000,0.0001806358,0.0001795010,0.0001856321,0.0000000000,0.0000000000,0.0000000000,0.0000000000,0.0000000000,0.0002010050,0.0003954914,0.0005942948,0.0013409962,0.0014992504,0.0022739199,0.0047125353,0.0001957713,0.0001923447,0.0001875469,0.0000000000,0.0005801586,0.0006728343,0.0000000000,0.0002027164,0.0000000000,0.0000000000,0.0000000000,0.0000000000,0.0000000000,0.0002121341,0.0000000000,0.0003665689,0.0001963094,0.0001925298,0.0000000000,0.0000000000,0.0001974334,0.0001933862,0.0006387736,0.0000000000,0.0000000000,0.0000000000,0.0000000000,0.0001831837,0.0000000000,0.0003388108,0.0000000000
0.0000000000,0.0000000000,0.0000000000,0.0000000000,0.0000000000,0.0000000000,0.0000000000,0.0000000000,0.0000000000,0.0000000000,0.0000000000,0.0000000000,0.0000000000,0.0000000000,0.0000000000,0.0000000000,0.0000000000,1.0000000000,0.0220187486,0.0045481511,0.0033243299,0.0016556291,0.0008347245,0.0005937067,0.0003977725,0.0004315926,0.0001878287,0.0003791469,0.0002048760,0.0004081633,0.0004015258,0.0002246181,0.0000000000,0.0000000000,0.0000000000,0.0000000000,0.0000000000,0.0001905488,0.0000000000,0.0003244295,0.0005496519,0.0006095083,0.0006048875,0.0002137209,0.0002068680,0.0002067825,0.0000000000,0.0000000000,0.0001995211,0.0000000000,0.0003804451,0.0003773585,0.0000000000,0.0001855288,0.0001931994,0.0001848429,0.0004510600,0.0000000000,0.0002219263,0.0001882885,0.0003736223,0.0003694126,0.0000000000,0.0001953507,0.0003755163,0.0000000000,0.0000000000,0.0002011668,0.0000000000,0.0000000000,0.0000000000,0.0002073828,0.0002075119,0.0000000000,0.0003975353,0.0002058037,0.0002095557,0.0004063389,0.0002011668,0.0002058037,0.0002065689,0.0000000000,0.0002030045,0.0000000000,0.0002008032,0.0000000000,0.0002047921,0.0000000000,0.0001853568,0.0000000000,0.0005251411,0.0000000000,0.0000000000,0.0000000000,0.0000000000,0.0003907013,0.0002086376,0.0006443299,0.0002079002,0.0001578781,0.0004511617,0.0004027386,0.0000000000,0.0004174494,0.0004051043,0.0002402691,0.0002071680,0.0001995211,0.0002026753,0.0001986887,0.0001849112,0.0000000000,0.0003900156,0.0000000000,0.0001917546,0.0007623404,0.0001973944,0.0000000000,0.0000000000,0.0000000000,0.0000000000,0.0000000000,0.0000000000,0.0002111041,0.0002114612,0.0002038736,0.0013955343,0.0012958164,0.0034054487,0.0050377834,0.0024655845,0.0013986014,0.0012290045,0.0006185567,0.0003554924,0.0003857281,0.0000000000,0.0000000000,0.0002120891,0.0000000000,0.0000000000,0.0000000000,0.0000000000,0.0002045408,0.0000000000,0.0000000000,0.0004105090,0.0000000000,0.0000000000,0.0000000000,0.0002061856,0.0003365304,0.0003907013,0.0000000000,0.0000000000,0.0003723701,0.0003893323,0.0000000000,0.0001791152,0.0000000000
0.0000000000,0.0000000000,0.0000000000,0.0000000000,0.0000000000,0.0000000000,0.0000000000,0.0000000000,0.0000000000,0.0000000000,0.0000000000,0.0000000000,0.0000000000,0.0000000000,0.0000000000,0.0000000000,0.0000000000,0.0000000000,1.0000000000,0.0291434928,0.0134352560,0.0059633028,0.0034666050,0.0030514385,0.0006560245,0.0009573959,0.0008218615,0.0000000000,0.0002258866,0.0000000000,0.0000000000,0.0000000000,0.0002235636,0.0002699784,0.0004080800,0.0001884659,0.0000000000,0.0000000000,0.0000000000,0.0000000000,0.0000000000,0.0000000000,0.0002559181,0.0000000000,0.0000000000,0.0000000000,0.0000000000,0.0000000000,0.0004388852,0.0006373486,0.0004164064,0.0002063132,0.0004344049,0.0004052685,0.0000000000,0.0000000000,0.0005025126,0.0000000000,0.0000000000,0.0000000000,0.0000000000,0.0000000000,0.0000000000,0.0002143623,0.0004105090,0.0000000000,0.0002155172,0.0004428698,0.0002310536,0.0000000000,0.0000000000,0.0004579803,0.0000000000,0.0000000000,0.0000000000,0.0004541326,0.0002315887,0.0000000000,0.0000000000,0.0002270148,0.0000000000,0.0000000000,0.0000000000,0.0000000000,0.0000000000,0.0000000000,0.0002257846,0.0004503490,0.0000000000,0.0000000000,0.0001395479,0.0004614675,0.0006641576,0.0000000000,0.0000000000,0.0002143163,0.0000000000,0.0002378687,0.0000000000,0.0005103777,0.0000000000,0.0000000000,0.0002335903,0.0000000000,0.0000000000,0.0000000000,0.0000000000,0.0000000000,0.0004465282,0.0002183883,0.0000000000,0.0002457002,0.0000000000,0.0002154244,0.0000000000,0.0000000000,0.0004337454,0.0000000000,0.0002332634,0.0000000000,0.0000000000,0.0002260398,0.0000000000,0.0004670715,0.0002339181,0.0000000000,0.0000000000,0.0002018571,0.0013189712,0.0034730262,0.0018111841,0.0004389816,0.0009029345,0.0002273761,0.0001933114,0.0000000000,0.0002405002,0.0002926544,0.0000000000,0.0000000000,0.0000000000,0.0000000000,0.0000000000,0.0004510600,0.0002135839,0.0002315351,0.0002262955,0.0002265519,0.0002278943,0.0002331002,0.0002274795,0.0000000000,0.0000000000,0.0002147305,0.0000000000,0.0002033347,0.0000000000,0.0000000000,0.0000000000,0.0000000000
0.0000000000,0.0000000000,0.0000000000,0.0000000000,0.0000000000,0.0000000000,0.0000000000,0.0000000000,0.0000000000,0.0000000000,0.0000000000,0.0000000000,0.0000000000,0.0000000000,0.0000000000,0.0000000000,0.0000000000,0.0000000000,0.0000000000,1.0000000000,0.0406024885,0.0170285228,0.0098122867,0.0060435133,0.0032310178,0.0019715225,0.0009509319,0.0007676070,0.0008305648,0.0004133940,0.0004065867,0.0002277904,0.0002055498,0.0000000000,0.0000000000,0.0000000000,0.0000000000,0.0000000000,0.0004030633,0.0004355401,0.0000000000,0.0002056767,0.0004875076,0.0006500542,0.0004191993,0.0002094680,0.0002718869,0.0000000000,0.0000000000,0.0001960400,0.0001924557,0.0001908761,0.0000000000,0.0000000000,0.0001955417,0.0000000000,0.0000000000,0.0000000000,0.0000000000,0.0000000000,0.0000000000,0.0000000000,0.0009358039,0.0005934718,0.0003799392,0.0002105706,0.0001987281,0.0002037075,0.0002118644,0.0000000000,0.0000000000,0.0004202564,0.0000000000,0.0000000000,0.0002012072,0.0002084636,0.0004247186,0.0006174110,0.0000000000,0.0004170142,0.0002092488,0.0004023335,0.0004112688,0.0004020101,0.0004067521,0.0002185792,0.0002074258,0.0004138216,0.0000000000,0.0000000000,0.0003970355,0.0002115507,0.0002036245,0.0000000000,0.0000000000,0.0001977066,0.0000000000,0.0002175805,0.0000000000,0.0007977026,0.0000000000,0.0000000000,0.0000000000,0.0000000000,0.0000000000,0.0000000000,0.0004198153,0.0002020202,0.0000000000,0.0000000000,0.0001870557,0.0002241147,0.0001973554,0.0001986492,0.0001940617,0.0000000000,0.0001998401,0.0005878895,0.0002137209,0.0000000000,0.0000000000,0.0004153686,0.0002177700,0.0002139037,0.0002142704,0.0000000000,0.0000000000,0.0001870557,0.0004044489,0.0021204411,0.0006231824,0.0006064281,0.0004145937,0.0004176237,0.0000000000,0.0000000000,0.0000000000,0.0000000000,0.0004299226,0.0000000000,0.0002460025,0.0000000000,0.0000000000,0.0000000000,0.0001970832,0.0000000000,0.0002078570,0.0004162331,0.0002092050,0.0000000000,0.0000000000,0.0001700102,0.0000000000,0.0000000000,0.0004243582,0.0001883239,0.0001970055,0.0000000000,0.0000000000,0.0000000000
0.0000000000,0.0000000000,0.0000000000,0.0000000000,0.0000000000,0.0000000000,0.0000000000,0.0000000000,0.0000000000,0.0000000000,0.0000000000,0.0000000000,0.0000000000,0.0000000000,0.0000000000,0.0000000000,0.0000000000,0.0000000000,0.0000000000,0.0000000000,1.0000000000,0.0409289492,0.0193269668,0.0123799360,0.0061860068,0.0032490137,0.0015987210,0.0012101654,0.0004379242,0.0004360148,0.0002141786,0.0000000000,0.0000000000,0.0002600780,0.0000000000,0.0000000000,0.0000000000,0.0000000000,0.0000000000,0.0002238388,0.0007776050,0.0002168727,0.0005028916,0.0004581901,0.0004424779,0.0002210922,0.0000000000,0.0000000000,0.0000000000,0.0004124562,0.0004045307,0.0002004812,0.0000000000,0.0000000000,0.0000000000,0.0000000000,0.0000000000,0.0004065041,0.0000000000,0.0000000000,0.0001983733,0.0005882353,0.0003925417,0.0000000000,0.0001994416,0.0000000000,0.0000000000,0.0004294610,0.0002237637,0.0002058037,0.0000000000,0.0002217787,0.0002219263,0.0000000000,0.0000000000,0.0000000000,0.0000000000,0.0002169197,0.0002146844,0.0002199736,0.0002208481,0.0000000000,0.0004336513,0.0004233700,0.0002142704,0.0002312673,0.0000000000,0.0002181977,0.0001967729,0.0002108370,0.0000000000,0.0002234138,0.0000000000,0.0000000000,0.0000000000,0.0000000000,0.0000000000,0.0000000000,0.0002223705,0.0004984217,0.0002426595,0.0000000000,0.0002261420,0.0000000000,0.0000000000,0.0000000000,0.0004431642,0.0000000000,0.0004329004,0.0000000000,0.0001962709,0.0000000000,0.0000000000,0.0002090738,0.0006122449,0.0010135820,0.0002103934,0.0004121162,0.0000000000,0.0000000000,0.0000000000,0.0000000000,0.0000000000,0.0000000000,0.0000000000,0.0000000000,0.0000000000,0.0000000000,0.0002129925,0.0022396417,0.0015354244,0.0008519702,0.0004373497,0.0002203128,0.0000000000,0.0002052124,0.0000000000,0.0000000000,0.0000000000,0.0000000000,0.0000000000,0.0000000000,0.0000000000,0.0002185315,0.0002073398,0.0000000000,0.0004386927,0.0002195390,0.0002207993,0.0004514673,0.0000000000,0.0001775884,0.0000000000,0.0002084202,0.0002240645,0.0001976675,0.0002072539,0.0000000000,0.0001897533,0.0000000000
0.0000000000,0.0000000000,0.0000000000,0.0000000000,0.0000000000,0.0000000000,0.0000000000,0.0000000000,0.0000000000,0.0000000000,0.0000000000,0.0000000000,0.0000000000,0.0000000000,0.0000000000,0.0000000000,0.0000000000,0.0000000000,0.0000000000,0.0000000000,0.0000000000,1.0000000000,0.0468204053,0.0177692143,0.0089628681,0.0062688646,0.0033959249,0.0024178924,0.0010928962,0.0006525995,0.0006412997,0.0002409639,0.0002162162,0.0002593361,0.0001978631,0.0001832173,0.0000000000,0.0000000000,0.0000000000,0.0002235636,0.0000000000,0.0000000000,0.0000000000,0.0004570384,0.0008831972,0.0000000000,0.0000000000,0.0000000000,0.0004247186,0.0002057190,0.0004036327,0.0006003602,0.0002102165,0.0000000000,0.0000000000,0.0005875441,0.0000000000,0.0000000000,0.0000000000,0.0001996406,0.0000000000,0.0001955799,0.0003916960,0.0000000000,0.0000000000,0.0000000000,0.0002086811,0.0000000000,0.0002232143,0.0002053388,0.0002206045,0.0002212389,0.0004428698,0.0002172968,0.0002114165,0.0002194426,0.0000000000,0.0000000000,0.0000000000,0.0000000000,0.0002203128,0.0002113271,0.0004326195,0.0002111486,0.0002137666,0.0000000000,0.0000000000,0.0002176752,0.0000000000,0.0002103492,0.0002733361,0.0002228661,0.0000000000,0.0002274278,0.0000000000,0.0002075550,0.0002226676,0.0000000000,0.0002218279,0.0000000000,0.0000000000,0.0002143623,0.0000000000,0.0000000000,0.0000000000,0.0000000000,0.0000000000,0.0000000000,0.0004318722,0.0000000000,0.0003917728,0.0000000000,0.0000000000,0.0004172752,0.0000000000,0.0002021019,0.0000000000,0.0000000000,0.0002252760,0.0000000000,0.0004348771,0.0006558811,0.0000000000,0.0002254791,0.0006779661,0.0006520322,0.0004238186,0.0001958480,0.0006377551,0.0006691947,0.0006558811,0.0002123593,0.0006545931,0.0000000000,0.0000000000,0.0002047502,0.0000000000,0.0000000000,0.0000000000,0.0000000000,0.0002614379,0.0000000000,0.0000000000,0.0004361099,0.0002068680,0.0002236636,0.0004376368,0.0002190101,0.0002202643,0.0000000000,0.0004398505,0.0000000000,0.0000000000,0.0000000000,0.0000000000,0.0000000000,0.0002067825,0.0002152389,0.0001893581,0.0000000000
0.0000000000,0.0000000000,0.0000000000,0.0000000000,0.0000000000,0.0000000000,0.0000000000,0.0000000000,0.0000000000,0.0000000000,0.0000000000,0.0000000000,0.0000000000,0.0000000000,0.0000000000,0.0000000000,0.0000000000,0.0000000000,0.0000000000,0.0000000000,0.0000000000,0.0000000000,1.0000000000,0.0422659881,0.0160520607,0.0086997414,0.0036283007,0.0028472646,0.0019880716,0.0010986596,0.0010794473,0.0007309942,0.0004366812,0.0005247966,0.0001996008,0.0000000000,0.0000000000,0.0002039984,0.0000000000,0.0001123217,0.0000000000,0.0002184360,0.0002524296,0.0002307870,0.0004457321,0.0000000000,0.0005894489,0.0002315351,0.0002143163,0.0000000000,0.0000000000,0.0004037142,0.0002121791,0.0000000000,0.0000000000,0.0001974724,0.0000000000,0.0000000000,0.0002403846,0.0000000000,0.0001996805,0.0001972776,0.0000000000,0.0002095118,0.0000000000,0.0000000000,0.0000000000,0.0000000000,0.0000000000,0.0000000000,0.0002227668,0.0002234138,0.0002235636,0.0002193945,0.0002134016,0.0004432624,0.0000000000,0.0000000000,0.0000000000,0.0000000000,0.0000000000,0.0000000000,0.0004367766,0.0000000000,0.0000000000,0.0000000000,0.0000000000,0.0004396571,0.0001980590,0.0002123142,0.0001374759,0.0000000000,0.0000000000,0.0000000000,0.0002500000,0.0002094680,0.0000000000,0.0002319109,0.0000000000,0.0000000000,0.0002446184,0.0002164034,0.0000000000,0.0000000000,0.0002177700,0.0005242464,0.0002231645,0.0002143163,0.0000000000,0.0000000000,0.0000000000,0.0000000000,0.0000000000,0.0004211413,0.0000000000,0.0000000000,0.0002118644,0.0000000000,0.0004551661,0.0000000000,0.0002194908,0.0000000000,0.0002321263,0.0000000000,0.0000000000,0.0000000000,0.0000000000,0.0000000000,0.0002145002,0.0002251745,0.0002206531,0.0000000000,0.0000000000,0.0000000000,0.0000000000,0.0002066116,0.0000000000,0.0002836879,0.0002288853,0.0002192021,0.0000000000,0.0000000000,0.0002470966,0.0004403347,0.0000000000,0.0004518753,0.0004418913,0.0002211411,0.0002224199,0.0002273761,0.0002220249,0.0000000000,0.0002094680,0.0002098636,0.0002257336,0.0000000000,0.0000000000,0.0002172968,0.0000000000,0.0000000000
0.0000000000,0.0000000000,0.0000000000,0.0000000000,0.0000000000,0.0000000000,0.0000000000,0.0000000000,0.0000000000,0.0000000000,0.0000000000,0.0000000000,0.0000000000,0.0000000000,0.0000000000,0.0000000000,0.0000000000,0.0000000000,0.0000000000,0.0000000000,0.0000000000,0.0000000000,0.0000000000,1.0000000000,0.0505737357,0.0165326184,0.0069190851,0.0040618956,0.0020894275,0.0008312552,0.0006129955,0.0006874427,0.0008267879,0.0004912798,0.0001897533,0.0001762425,0.0003732040,0.0000000000,0.0004050223,0.0001091346,0.0003722315,0.0002066970,0.0001221896,0.0000000000,0.0000000000,0.0000000000,0.0002736727,0.0004368720,0.0002030045,0.0003940110,0.0001933488,0.0005754844,0.0000000000,0.0001885370,0.0001964637,0.0001878287,0.0002299379,0.0000000000,0.0000000000,0.0000000000,0.0000000000,0.0001876525,0.0003757986,0.0000000000,0.0001908033,0.0002116402,0.0001996805,0.0000000000,0.0000000000,0.0000000000,0.0002105706,0.0000000000,0.0002112825,0.0002075550,0.0000000000,0.0000000000,0.0000000000,0.0000000000,0.0000000000,0.0000000000,0.0002103049,0.0000000000,0.0000000000,0.0000000000,0.0000000000,0.0000000000,0.0000000000,0.0000000000,0.0001883594,0.0000000000,0.0002654985,0.0000000000,0.0000000000,0.0000000000,0.0007045561,0.0007950706,0.0002124495,0.0000000000,0.0000000000,0.0001600512,0.0000000000,0.0000000000,0.0002151000,0.0000000000,0.0002061006,0.0000000000,0.0000000000,0.0000000000,0.0006190673,0.0002021427,0.0000000000,0.0000000000,0.0001982947,0.0000000000,0.0001949698,0.0000000000,0.0000000000,0.0000000000,0.0000000000,0.0000000000,0.0000000000,0.0002086811,0.0000000000,0.0004301075,0.0004308488,0.0000000000,0.0000000000,0.0001878993,0.0002031694,0.0004255319,0.0002086811,0.0002030457,0.0002082899,0.0000000000,0.0003610108,0.0000000000,0.0002209456,0.0002642008,0.0000000000,0.0002073828,0.0002474635,0.0000000000,0.0000000000,0.0004164931,0.0000000000,0.0002133561,0.0002088991,0.0000000000,0.0000000000,0.0000000000,0.0004199034,0.0001707067,0.0000000000,0.0000000000,0.0000000000,0.0001891790,0.0000000000,0.0004114380,0.0003639010,0.0003497726
0.0000000000,0.0000000000,0.0000000000,0.0000000000,0.0000000000,0.0000000000,0.0000000000,0.0000000000,0.0000000000,0.0000000000,0.0000000000,0.0000000000,0.0000000000,0.0000000000,0.0000000000,0.0000000000,0.0000000000,0.0000000000,0.0000000000,0.0000000000,0.0000000000,0.0000000000,0.0000000000,0.0000000000,1.0000000000,0.0400000000,0.0205559906,0.0091832747,0.0044219836,0.0027213732,0.0022633745,0.0016151361,0.0010392850,0.0004944376,0.0001906941,0.0003541704,0.0005626407,0.0003894839,0.0006108735,0.0004379242,0.0000000000,0.0000000000,0.0002451882,0.0002189621,0.0000000000,0.0000000000,0.0000000000,0.0006591958,0.0006124949,0.0005941771,0.0000000000,0.0000000000,0.0000000000,0.0003790032,0.0000000000,0.0000000000,0.0002313208,0.0000000000,0.0002275831,0.0003847634,0.0001907669,0.0001885725,0.0001887861,0.0001997204,0.0007674597,0.0002128112,0.0000000000,0.0002058037,0.0004283572,0.0005931198,0.0000000000,0.0002123142,0.0000000000,0.0000000000,0.0000000000,0.0002106594,0.0002145923,0.0002078570,0.0000000000,0.0000000000,0.0000000000,0.0000000000,0.0000000000,0.0000000000,0.0002054232,0.0000000000,0.0000000000,0.0006273526,0.0003786445,0.0002022654,0.0003996803,0.0000000000,0.0006174110,0.0000000000,0.0002361833,0.0000000000,0.0002136296,0.0000000000,0.0000000000,0.0001607200,0.0002313744,0.0000000000,0.0002163098,0.0002136752,0.0002072109,0.0002469136,0.0006365372,0.0002040816,0.0000000000,0.0006098801,0.0000000000,0.0002266546,0.0000000000,0.0000000000,0.0001959632,0.0001946283,0.0004037957,0.0001978239,0.0000000000,0.0000000000,0.0000000000,0.0008398068,0.0000000000,0.0000000000,0.0000000000,0.0000000000,0.0000000000,0.0001888218,0.0006129955,0.0002139037,0.0000000000,0.0002041233,0.0000000000,0.0000000000,0.0001813237,0.0001970832,0.0004445432,0.0000000000,0.0000000000,0.0000000000,0.0000000000,0.0000000000,0.0000000000,0.0000000000,0.0001990446,0.0000000000,0.0002100399,0.0004206099,0.0000000000,0.0000000000,0.0000000000,0.0000000000,0.0000000000,0.0000000000,0.0000000000,0.0001901141,0.0001989654,0.0000000000,0.0000000000,0.0000000000
0.0000000000,0.0000000000,0.0000000000,0.0000000000,0.0000000000,0.0000000000,0.0000000000,0.0000000000,0.0000000000,0.0000000000,0.0000000000,0.0000000000,0.0000000000,0.0000000000,0.0000000000,0.0000000000,0.0000000000,0.0000000000,0.0000000000,0.0000000000,0.0000000000,0.0000000000,0.0000000000,0.0000000000,0.0000000000,1.0000000000,0.0314640411,0.0157547371,0.0059770115,0.0043408727,0.0022386389,0.0017766497,0.0015855040,0.0005477951,0.0004124562,0.0001903312,0.0002024291,0.0002108815,0.0004426737,0.0001143772,0.0002018571,0.0000000000,0.0003864983,0.0000000000,0.0000000000,0.0000000000,0.0000000000,0.0004810005,0.0000000000,0.0000000000,0.0002104377,0.0002085506,0.0002196354,0.0006145023,0.0002141328,0.0000000000,0.0002545177,0.0000000000,0.0000000000,0.0000000000,0.0000000000,0.0000000000,0.0000000000,0.0000000000,0.0002074258,0.0002322880,0.0002179599,0.0002239642,0.0000000000,0.0006432247,0.0000000000,0.0004634994,0.0000000000,0.0002273761,0.0000000000,0.0004595588,0.0002344116,0.0002263980,0.0002239642,0.0002297266,0.0004614675,0.0002208481,0.0002262443,0.0002206531,0.0004471272,0.0000000000,0.0000000000,0.0004556847,0.0000000000,0.0000000000,0.0005625088,0.0004670715,0.0000000000,0.0000000000,0.0000000000,0.0002167317,0.0004666356,0.0002408478,0.0000000000,0.0001715854,0.0000000000,0.0000000000,0.0000000000,0.0000000000,0.0004513654,0.0002735230,0.0002314279,0.0000000000,0.0000000000,0.0002208968,0.0002039984,0.0000000000,0.0002163098,0.0002178649,0.0000000000,0.0000000000,0.0002192982,0.0002145462,0.0002361275,0.0000000000,0.0004550626,0.0000000000,0.0004822763,0.0004728132,0.0000000000,0.0002273244,0.0002214349,0.0000000000,0.0002221235,0.0000000000,0.0000000000,0.0000000000,0.0000000000,0.0000000000,0.0001952744,0.0000000000,0.0000000000,0.0000000000,0.0000000000,0.0000000000,0.0000000000,0.0000000000,0.0000000000,0.0000000000,0.0004320588,0.0002343567,0.0004580852,0.0000000000,0.0000000000,0.0002359604,0.0000000000,0.0000000000,0.0000000000,0.0000000000,0.0000000000,0.0002055076,0.0000000000,0.0000000000,0.0003940110,0.0004100041
0.0000000000,0.0000000000,0.0000000000,0.0000000000,0.0000000000,0.0000000000,0.0000000000,0.0000000000,0.0000000000,0.0000000000,0.0000000000,0.0000000000,0.0000000000,0.0000000000,0.0000000000,0.0000000000,0.0000000000,0.0000000000,0.0000000000,0.0000000000,0.0000000000,0.0000000000,0.0000000000,0.0000000000,0.0000000000,0.0000000000,1.0000000000,0.0415871805,0.0113817891,0.0061337554,0.0040816327,0.0038977913,0.0025500196,0.0009220839,0.0009033424,0.0003365870,0.0003553660,0.0005525880,0.0000000000,0.0001060221,0.0000000000,0.0001958097,0.0001183012,0.0000000000,0.0000000000,0.0000000000,0.0000000000,0.0002062706,0.0003850597,0.0000000000,0.0001837897,0.0000000000,0.0001907669,0.0000000000,0.0000000000,0.0001787949,0.0000000000,0.0000000000,0.0002132651,0.0001820167,0.0003612717,0.0001786352,0.0001788269,0.0000000000,0.0005446623,0.0004005608,0.0003790751,0.0003881234,0.0002014099,0.0031841169,0.0000000000,0.0001998002,0.0003999200,0.0001965795,0.0003835827,0.0000000000,0.0000000000,0.0000000000,0.0000000000,0.0003967467,0.0001990446,0.0001916810,0.0001957330,0.0001915342,0.0000000000,0.0000000000,0.0000000000,0.0000000000,0.0000000000,0.0001908761,0.0001281558,0.0000000000,0.0000000000,0.0000000000,0.0002207993,0.0001885725,0.0002009646,0.0002065689,0.0004006410,0.0009213759,0.0006500542,0.0000000000,0.0000000000,0.0000000000,0.0000000000,0.0000000000,0.0000000000,0.0001924928,0.0005865103,0.0001917178,0.0005367687,0.0000000000,0.0001882530,0.0003789314,0.0000000000,0.0001840604,0.0001905125,0.0000000000,0.0000000000,0.0000000000,0.0000000000,0.0000000000,0.0002067397,0.0000000000,0.0004072490,0.0003931590,0.0001921230,0.0003577818,0.0000000000,0.0004024955,0.0003952569,0.0000000000,0.0000000000,0.0001986097,0.0000000000,0.0000000000,0.0000000000,0.0000000000,0.0002041650,0.0000000000,0.0000000000,0.0000000000,0.0000000000,0.0001971609,0.0000000000,0.0000000000,0.0011878836,0.0000000000,0.0000000000,0.0002029633,0.0000000000,0.0001632120,0.0000000000,0.0000000000,0.0002016536,0.0000000000,0.0000000000,0.0001948938,0.0001734305,0.0000000000
0.0000000000,0.0000000000,0.0000000000,0.0000000000,0.0000000000,0.0000000000,0.0000000000,0.0000000000,0.0000000000,0.0000000000,0.0000000000,0.0000000000,0.0000000000,0.0000000000,0.0000000000,0.0000000000,0.0000000000,0.0000000000,0.0000000000,0.0000000000,0.0000000000,0.0000000000,0.0000000000,0.0000000000,0.0000000000,0.0000000000,0.0000000000,1.0000000000,0.0376421923,0.0188106796,0.0116623839,0.0054788516,0.0051618027,0.0032710280,0.0018241518,0.0011886568,0.0010760402,0.0013018412,0.0001937984,0.0003197612,0.0001787310,0.0003954132,0.0003570154,0.0002077275,0.0004025765,0.0002011668,0.0000000000,0.0000000000,0.0000000000,0.0000000000,0.0000000000,0.0001839588,0.0003851338,0.0001809955,0.0005650782,0.0001803427,0.0000000000,0.0000000000,0.0000000000,0.0001836210,0.0001821825,0.0001801802,0.0000000000,0.0001903312,0.0001830831,0.0000000000,0.0003825555,0.0003917728,0.0000000000,0.0003769318,0.0000000000,0.0000000000,0.0002018571,0.0000000000,0.0001935359,0.0002002403,0.0000000000,0.0000000000,0.0001958480,0.0000000000,0.0002009646,0.0001934610,0.0003952569,0.0000000000,0.0000000000,0.0000000000,0.0005980861,0.0001987676,0.0001808318,0.0003853565,0.0002579314,0.0000000000,0.0000000000,0.0000000000,0.0000000000,0.0000000000,0.0000000000,0.0002086376,0.0002022245,0.0004638936,0.0002188663,0.0000000000,0.0004107620,0.0006091371,0.0003943218,0.0002327205,0.0000000000,0.0000000000,0.0000000000,0.0000000000,0.0000000000,0.0002146383,0.0000000000,0.0000000000,0.0007480830,0.0001857010,0.0000000000,0.0005660377,0.0002050861,0.0003975353,0.0005958292,0.0000000000,0.0000000000,0.0002052545,0.0000000000,0.0003969041,0.0005819593,0.0001804077,0.0000000000,0.0002031694,0.0001994813,0.0001943257,0.0001991239,0.0000000000,0.0001735509,0.0000000000,0.0000000000,0.0000000000,0.0004124562,0.0000000000,0.0000000000,0.0000000000,0.0000000000,0.0000000000,0.0000000000,0.0000000000,0.0000000000,0.0000000000,0.0000000000,0.0002049600,0.0000000000,0.0000000000,0.0001902950,0.0003813155,0.0000000000,0.0003632401,0.0001896454,0.0000000000,0.0001748863,0.0000000000
0.0000000000,0.0000000000,0.0000000000,0.0000000000,0.0000000000,0.0000000000,0.0000000000,0.0000000000,0.0000000000,0.0000000000,0.0000000000,0.0000000000,0.0000000000,0.0000000000,0.0000000000,0.0000000000,0.0000000000,0.0000000000,0.0000000000,0.0000000000,0.0000000000,0.0000000000,0.0000000000,0.0000000000,0.0000000000,0.0000000000,0.0000000000,0.0000000000,1.0000000000,0.0396416573,0.0174493753,0.0120685494,0.0058177117,0.0043791860,0.0015720181,0.0012741172,0.0009648784,0.0002004812,0.0000000000,0.0001112471,0.0000000000,0.0000000000,0.0003746254,0.0000000000,0.0002186270,0.0002185315,0.0002873563,0.0002270148,0.0000000000,0.0000000000,0.0000000000,0.0001983733,0.0004168404,0.0001949318,0.0000000000,0.0003884249,0.0000000000,0.0000000000,0.0000000000,0.0000000000,0.0001963094,0.0000000000,0.0001942125,0.0002058037,0.0001973554,0.0000000000,0.0000000000,0.0002122692,0.0000000000,0.0000000000,0.0006560245,0.0004385003,0.0002193463,0.0002153316,0.0000000000,0.0000000000,0.0000000000,0.0002144542,0.0002122692,0.0000000000,0.0000000000,0.0000000000,0.0000000000,0.0000000000,0.0008479966,0.0000000000,0.0000000000,0.0000000000,0.0001947420,0.0002085071,0.0005436999,0.0002207993,0.0002121791,0.0000000000,0.0000000000,0.0002057613,0.0000000000,0.0000000000,0.0000000000,0.0003293265,0.0002395783,0.0000000000,0.0000000000,0.0000000000,0.0006415740,0.0002562788,0.0002189621,0.0004209640,0.0002139495,0.0002095118,0.0001942502,0.0000000000,0.0002053810,0.0000000000,0.0000000000,0.0000000000,0.0000000000,0.0000000000,0.0000000000,0.0002156567,0.0000000000,0.0000000000,0.0000000000,0.0000000000,0.0002237637,0.0006461340,0.0004200798,0.0001942502,0.0002106150,0.0000000000,0.0004331817,0.0004210526,0.0000000000,0.0000000000,0.0001863238,0.0000000000,0.0000000000,0.0000000000,0.0002244669,0.0000000000,0.0002585984,0.0000000000,0.0000000000,0.0000000000,0.0002050861,0.0002215821,0.0000000000,0.0002170139,0.0000000000,0.0000000000,0.0002178649,0.0003519268,0.0002057613,0.0000000000,0.0000000000,0.0000000000,0.0002050021,0.0000000000,0.0000000000,0.0000000000
0.0000000000,0.0000000000,0.0000000000,0.0000000000,0.0000000000,0.0000000000,0.0000000000,0.0000000000,0.0000000000,0.0000000000,0.0000000000,0.0000000000,0.0000000000,0.0000000000,0.0000000000,0.0000000000,0.0000000000,0.0000000000,0.0000000000,0.0000000000,0.0000000000,0.0000000000,0.0000000000,0.0000000000,0.0000000000,0.0000000000,0.0000000000,0.0000000000,0.0000000000,1.0000000000,0.0392199825,0.0173871046,0.0101271278,0.0051295204,0.0027434842,0.0021782538,0.0003842459,0.0000000000,0.0000000000,0.0002220249,0.0000000000,0.0000000000,0.0000000000,0.0000000000,0.0000000000,0.0002175805,0.0000000000,0.0002259887,0.0002095557,0.0000000000,0.0000000000,0.0003952569,0.0006227943,0.0003884249,0.0004052685,0.0000000000,0.0000000000,0.0000000000,0.0002344116,0.0000000000,0.0001955417,0.0000000000,0.0000000000,0.0000000000,0.0000000000,0.0002187705,0.0000000000,0.0002113718,0.0000000000,0.0002027575,0.0002176279,0.0002182453,0.0000000000,0.0000000000,0.0000000000,0.0000000000,0.0002206531,0.0000000000,0.0002113718,0.0002164971,0.0000000000,0.0002085941,0.0000000000,0.0000000000,0.0000000000,0.0000000000,0.0002153780,0.0000000000,0.0003880481,0.0000000000,0.0001355014,0.0002198285,0.0004226543,0.0002242655,0.0002435460,0.0002049180,0.0000000000,0.0000000000,0.0000000000,0.0001640958,0.0000000000,0.0000000000,0.0000000000,0.0002196837,0.0006388416,0.0002549720,0.0000000000,0.0000000000,0.0000000000,0.0006261741,0.0001934985,0.0000000000,0.0000000000,0.0000000000,0.0000000000,0.0001996008,0.0002072109,0.0002029633,0.0004444444,0.0002147305,0.0006437768,0.0002156102,0.0000000000,0.0000000000,0.0004456328,0.0004288165,0.0006276151,0.0003870718,0.0004195511,0.0000000000,0.0000000000,0.0004192872,0.0002151926,0.0000000000,0.0001856321,0.0000000000,0.0000000000,0.0000000000,0.0002234637,0.0000000000,0.0000000000,0.0000000000,0.0000000000,0.0002151000,0.0004085802,0.0000000000,0.0002158429,0.0002160761,0.0002172968,0.0000000000,0.0002169197,0.0001753156,0.0002049180,0.0004106776,0.0000000000,0.0001948558,0.0002041650,0.0002124044,0.0000000000,0.0003696858
0.0000000000,0.0000000000,0.0000000000,0.0000000000,0.0000000000,0.0000000000,0.0000000000,0.0000000000,0.0000000000,0.0000000000,0.0000000000,0.0000000000,0.0000000000,0.0000000000,0.0000000000,0.0000000000,0.0000000000,0.0000000000,0.0000000000,0.0000000000,0.0000000000,0.0000000000,0.0000000000,0.0000000000,0.0000000000,0.0000000000,0.0000000000,0.0000000000,0.0000000000,0.0000000000,1.0000000000,0.0397094431,0.0249301526,0.0103561505,0.0065840434,0.0028643036,0.0013255065,0.0007864727,0.0004110997,0.0002200462,0.0000000000,0.0000000000,0.0002466091,0.0000000000,0.0002139037,0.0000000000,0.0000000000,0.0000000000,0.0000000000,0.0000000000,0.0001961169,0.0000000000,0.0002040816,0.0000000000,0.0000000000,0.0000000000,0.0002338634,0.0000000000,0.0000000000,0.0003882741,0.0001924928,0.0001902588,0.0001904762,0.0004033071,0.0003870718,0.0006451613,0.0000000000,0.0002078138,0.0000000000,0.0001994813,0.0002138580,0.0000000000,0.0000000000,0.0002107482,0.0000000000,0.0000000000,0.0002167787,0.0002099076,0.0006237006,0.0000000000,0.0000000000,0.0002051282,0.0000000000,0.0002049600,0.0002074258,0.0002233140,0.0004234597,0.0000000000,0.0003820439,0.0004084967,0.0001340303,0.0004320588,0.0006234414,0.0002202643,0.0002388345,0.0004032258,0.0000000000,0.0004446421,0.0002150075,0.0001619433,0.0000000000,0.0000000000,0.0000000000,0.0000000000,0.0004185852,0.0002498126,0.0000000000,0.0002060581,0.0000000000,0.0006157635,0.0003810976,0.0002290951,0.0000000000,0.0002025522,0.0000000000,0.0001964251,0.0000000000,0.0000000000,0.0002182453,0.0000000000,0.0002108370,0.0002119093,0.0000000000,0.0000000000,0.0002188184,0.0008433481,0.0010290183,0.0003810976,0.0000000000,0.0004322455,0.0000000000,0.0000000000,0.0002115059,0.0000000000,0.0000000000,0.0000000000,0.0000000000,0.0000000000,0.0002194908,0.0000000000,0.0005041593,0.0000000000,0.0000000000,0.0002114165,0.0000000000,0.0000000000,0.0000000000,0.0000000000,0.0000000000,0.0000000000,0.0002131742,0.0000000000,0.0000000000,0.0000000000,0.0000000000,0.0003837299,0.0000000000,0.0002088119,0.0000000000,0.0000000000
0.0000000000,0.0000000000,0.0000000000,0.0000000000,0.0000000000,0.0000000000,0.0000000000,0.0000000000,0.0000000000,0.0000000000,0.0000000000,0.0000000000,0.0000000000,0.0000000000,0.0000000000,0.0000000000,0.0000000000,0.0000000000,0.0000000000,0.0000000000,0.0000000000,0.0000000000,0.0000000000,0.0000000000,0.0000000000,0.0000000000,0.0000000000,0.0000000000,0.0000000000,0.0000000000,0.0000000000,1.0000000000,0.0529061103,0.0181924883,0.0092972973,0.0061495735,0.0029510961,0.0008779631,0.0002306273,0.0000000000,0.0004192872,0.0004723666,0.0002638522,0.0005013788,0.0002412545,0.0002411382,0.0000000000,0.0002515091,0.0002313208,0.0000000000,0.0000000000,0.0002168257,0.0000000000,0.0002127207,0.0002228661,0.0000000000,0.0000000000,0.0000000000,0.0002619859,0.0002163566,0.0002143623,0.0006350550,0.0000000000,0.0002257336,0.0000000000,0.0007281553,0.0004541326,0.0002335357,0.0000000000,0.0002230649,0.0000000000,0.0000000000,0.0002421308,0.0000000000,0.0000000000,0.0000000000,0.0000000000,0.0002361833,0.0004671806,0.0000000000,0.0000000000,0.0000000000,0.0002360160,0.0000000000,0.0000000000,0.0000000000,0.0000000000,0.0000000000,0.0000000000,0.0000000000,0.0000000000,0.0002439024,0.0000000000,0.0000000000,0.0000000000,0.0000000000,0.0000000000,0.0002519526,0.0000000000,0.0001771479,0.0000000000,0.0002337541,0.0002471577,0.0000000000,0.0000000000,0.0000000000,0.0000000000,0.0002313208,0.0000000000,0.0009214467,0.0004239084,0.0005216484,0.0000000000,0.0000000000,0.0000000000,0.0002192502,0.0000000000,0.0002233140,0.0002467917,0.0000000000,0.0000000000,0.0000000000,0.0002522068,0.0000000000,0.0002475248,0.0004744958,0.0004616805,0.0000000000,0.0000000000,0.0002440215,0.0002387205,0.0000000000,0.0000000000,0.0000000000,0.0004051043,0.0000000000,0.0000000000,0.0000000000,0.0000000000,0.0002370230,0.0000000000,0.0000000000,0.0002699784,0.0000000000,0.0002248707,0.0000000000,0.0002390057,0.0000000000,0.0002407898,0.0000000000,0.0002403268,0.0001902950,0.0002256827,0.0000000000,0.0000000000,0.0000000000,0.0000000000,0.0002347969,0.0000000000,0.0000000000
0.0000000000,0.0000000000,0.0000000000,0.0000000000,0.0000000000,0.0000000000,0.0000000000,0.0000000000,0.0000000000,0.0000000000,0.0000000000,0.0000000000,0.0000000000,0.0000000000,0.0000000000,0.0000000000,0.0000000000,0.0000000000,0.0000000000,0.0000000000,0.0000000000,0.0000000000,0.0000000000,0.0000000000,0.0000000000,0.0000000000,0.0000000000,0.0000000000,0.0000000000,0.0000000000,0.0000000000,0.0000000000,1.0000000000,0.0442032822,0.0228719173,0.0122262774,0.0049932783,0.0019900498,0.0014568158,0.0005536485,0.0001906214,0.0010624734,0.0002482930,0.0002239642,0.0002164502,0.0002163566,0.0000000000,0.0000000000,0.0002084202,0.0002020610,0.0005950020,0.0001965795,0.0002063983,0.0000000000,0.0004031445,0.0003849856,0.0004739336,0.0000000000,0.0002329916,0.0001961938,0.0000000000,0.0003846154,0.0000000000,0.0000000000,0.0001955799,0.0002175332,0.0004099201,0.0000000000,0.0004379242,0.0000000000,0.0002164034,0.0000000000,0.0000000000,0.0000000000,0.0002075550,0.0000000000,0.0000000000,0.0000000000,0.0002102165,0.0000000000,0.0002161228,0.0000000000,0.0000000000,0.0002072968,0.0004197272,0.0004522840,0.0004284490,0.0004272591,0.0001930129,0.0004131378,0.0000000000,0.0004372540,0.0004203447,0.0006691947,0.0000000000,0.0002038320,0.0000000000,0.0000000000,0.0000000000,0.0001633987,0.0000000000,0.0002103934,0.0000000000,0.0002184360,0.0000000000,0.0000000000,0.0002167787,0.0002084202,0.0004238186,0.0004151100,0.0001925298,0.0004641448,0.0008143322,0.0004097521,0.0004000000,0.0001985703,0.0002061006,0.0000000000,0.0000000000,0.0002135383,0.0004267122,0.0002144082,0.0000000000,0.0004422822,0.0004430660,0.0000000000,0.0006242197,0.0003851338,0.0000000000,0.0000000000,0.0002144082,0.0000000000,0.0000000000,0.0002156102,0.0001847404,0.0000000000,0.0002273761,0.0000000000,0.0000000000,0.0002130379,0.0000000000,0.0000000000,0.0000000000,0.0002139037,0.0000000000,0.0002193463,0.0000000000,0.0000000000,0.0000000000,0.0002207506,0.0002157032,0.0003491011,0.0000000000,0.0000000000,0.0002192021,0.0001938736,0.0000000000,0.0000000000,0.0000000000,0.0000000000
0.0000000000,0.0000000000,0.0000000000,0.0000000000,0.0000000000,0.0000000000,0.0000000000,0.0000000000,0.0000000000,0.0000000000,0.0000000000,0.0000000000,0.0000000000,0.0000000000,0.0000000000,0.0000000000,0.0000000000,0.0000000000,0.0000000000,0.0000000000,0.0000000000,0.0000000000,0.0000000000,0.0000000000,0.0000000000,0.0000000000,0.0000000000,0.0000000000,0.0000000000,0.0000000000,0.0000000000,0.0000000000,0.0000000000,1.0000000000,0.0323341987,0.0165957447,0.0058584948,0.0023496241,0.0017343905,0.0007263043,0.0000000000,0.0007616146,0.0005491488,0.0002705628,0.0002596728,0.0002595380,0.0000000000,0.0002715915,0.0000000000,0.0000000000,0.0002339181,0.0000000000,0.0000000000,0.0000000000,0.0002384927,0.0000000000,0.0000000000,0.0000000000,0.0000000000,0.0002310536,0.0004576659,0.0006772009,0.0000000000,0.0000000000,0.0000000000,0.0002612330,0.0000000000,0.0000000000,0.0002632272,0.0000000000,0.0002596054,0.0000000000,0.0002606882,0.0000000000,0.0002469746,0.0000000000,0.0002639219,0.0000000000,0.0002507523,0.0007743934,0.0002592017,0.0000000000,0.0000000000,0.0004933399,0.0002501876,0.0000000000,0.0000000000,0.0000000000,0.0002266546,0.0000000000,0.0000000000,0.0000000000,0.0000000000,0.0002691066,0.0002973536,0.0002417211,0.0000000000,0.0000000000,0.0000000000,0.0000000000,0.0002897711,0.0000000000,0.0000000000,0.0000000000,0.0000000000,0.0003145643,0.0000000000,0.0004965243,0.0005063291,0.0002469136,0.0002259887,0.0000000000,0.0002411963,0.0002431315,0.0002362949,0.0000000000,0.0004899559,0.0000000000,0.0000000000,0.0002554931,0.0002551671,0.0000000000,0.0000000000,0.0000000000,0.0002669514,0.0000000000,0.0000000000,0.0002259887,0.0002484472,0.0000000000,0.0000000000,0.0000000000,0.0002561475,0.0000000000,0.0000000000,0.0000000000,0.0000000000,0.0000000000,0.0000000000,0.0000000000,0.0003180662,0.0000000000,0.0002932551,0.0000000000,0.0002407898,0.0000000000,0.0000000000,0.0000000000,0.0000000000,0.0000000000,0.0000000000,0.0000000000,0.0000000000,0.0000000000,0.0000000000,0.0000000000,0.0002406739,0.0002522068,0.0000000000,0.0005096840
0.0000000000,0.0000000000,0.0000000000,0.0000000000,0.0000000000,0.0000000000,0.0000000000,0.0000000000,0.0000000000,0.0000000000,0.0000000000,0.0000000000,0.0000000000,0.0000000000,0.0000000000,0.0000000000,0.0000000000,0.0000000000,0.0000000000,0.0000000000,0.0000000000,0.0000000000,0.0000000000,0.0000000000,0.0000000000,0.0000000000,0.0000000000,0.0000000000,0.0000000000,0.0000000000,0.0000000000,0.0000000000,0.0000000000,0.0000000000,1.0000000000,0.0420226678,0.0114326545,0.0036737693,0.0028702641,0.0007401142,0.0001762115,0.0003892565,0.0005895531,0.0002043318,0.0000000000,0.0001979806,0.0000000000,0.0002049180,0.0005741627,0.0001859427,0.0001827151,0.0001812908,0.0000000000,0.0001784121,0.0000000000,0.0008895214,0.0000000000,0.0000000000,0.0000000000,0.0003619910,0.0001795655,0.0001776199,0.0000000000,0.0003750234,0.0003609457,0.0001989654,0.0000000000,0.0000000000,0.0002001201,0.0000000000,0.0001980198,0.0001985309,0.0001986492,0.0000000000,0.0001905851,0.0000000000,0.0002005214,0.0000000000,0.0003857281,0.0000000000,0.0003956479,0.0003810976,0.0000000000,0.0001903674,0.0001924928,0.0000000000,0.0000000000,0.0001956564,0.0003565698,0.0001897173,0.0001276324,0.0000000000,0.0001927525,0.0004070832,0.0000000000,0.0001874414,0.0003994408,0.0002052124,0.0000000000,0.0000000000,0.0004302926,0.0003860259,0.0000000000,0.0000000000,0.0000000000,0.0000000000,0.0000000000,0.0000000000,0.0000000000,0.0001905488,0.0000000000,0.0000000000,0.0001871257,0.0003766478,0.0000000000,0.0000000000,0.0001893581,0.0001858045,0.0000000000,0.0003913129,0.0001954270,0.0000000000,0.0000000000,0.0000000000,0.0000000000,0.0000000000,0.0007642339,0.0003557453,0.0001914608,0.0000000000,0.0003927730,0.0001913509,0.0003920800,0.0000000000,0.0001711743,0.0000000000,0.0004144219,0.0002447381,0.0000000000,0.0001951981,0.0000000000,0.0000000000,0.0000000000,0.0000000000,0.0001868810,0.0004010427,0.0007866273,0.0013787670,0.0039698293,0.0006052048,0.0013836727,0.0006497726,0.0003749531,0.0005634861,0.0006013229,0.0001789869,0.0000000000,0.0003874467,0.0000000000,0.0000000000
0.0000000000,0.0000000000,0.0000000000,0.0000000000,0.0000000000,0.0000000000,0.0000000000,0.0000000000,0.0000000000,0.0000000000,0.0000000000,0.0000000000,0.0000000000,0.0000000000,0.0000000000,0.0000000000,0.0000000000,0.0000000000,0.0000000000,0.0000000000,0.0000000000,0.0000000000,0.0000000000,0.0000000000,0.0000000000,0.0000000000,0.0000000000,0.0000000000,0.0000000000,0.0000000000,0.0000000000,0.0000000000,0.0000000000,0.0000000000,0.0000000000,1.0000000000,0.0298811545,0.0101566535,0.0051638177,0.0020306630,0.0004936646,0.0018070112,0.0011261261,0.0005664653,0.0003668379,0.0001833181,0.0002294104,0.0003785728,0.0001775884,0.0000000000,0.0000000000,0.0003378949,0.0000000000,0.0001664170,0.0000000000,0.0003317850,0.0000000000,0.0000000000,0.0003903201,0.0003373250,0.0001674201,0.0001657275,0.0001658925,0.0001742768,0.0000000000,0.0000000000,0.0000000000,0.0001788909,0.0003703704,0.0000000000,0.0001833517,0.0001837897,0.0001838911,0.0001810610,0.0003539823,0.0000000000,0.0001854943,0.0001804403,0.0001788909,0.0001825484,0.0000000000,0.0000000000,0.0000000000,0.0000000000,0.0005360014,0.0003805899,0.0003635703,0.0001813237,0.0006654467,0.0003524850,0.0002427774,0.0001849112,0.0001788269,0.0000000000,0.0000000000,0.0001742464,0.0001847746,0.0003790751,0.0000000000,0.0001438228,0.0000000000,0.0001790190,0.0000000000,0.0003696858,0.0000000000,0.0002091613,0.0001836210,0.0001775884,0.0001800828,0.0001769285,0.0003318951,0.0000000000,0.0005221023,0.0003500175,0.0003428767,0.0001703868,0.0000000000,0.0001728310,0.0001865672,0.0005440696,0.0000000000,0.0001819174,0.0001896454,0.0001867065,0.0000000000,0.0000000000,0.0001772735,0.0003318951,0.0000000000,0.0000000000,0.0001819174,0.0003553029,0.0000000000,0.0000000000,0.0000000000,0.0001722653,0.0003824092,0.0002227171,0.0000000000,0.0003619254,0.0004214963,0.0002916302,0.0005988024,0.0007266122,0.0008694140,0.0007422527,0.0005464481,0.0003645643,0.0038595846,0.0022421525,0.0014646650,0.0009149131,0.0006973501,0.0012229210,0.0007418398,0.0003338898,0.0003474635,0.0001796300,0.0001612383,0.0000000000
0.0000000000,0.0000000000,0.0000000000,0.0000000000,0.0000000000,0.0000000000,0.0000000000,0.0000000000,0.0000000000,0.0000000000,0.0000000000,0.0000000000,0.0000000000,0.0000000000,0.0000000000,0.0000000000,0.0000000000,0.0000000000,0.0000000000,0.0000000000,0.0000000000,0.0000000000,0.0000000000,0.0000000000,0.0000000000,0.0000000000,0.0000000000,0.0000000000,0.0000000000,0.0000000000,0.0000000000,0.0000000000,0.0000000000,0.0000000000,0.0000000000,0.0000000000,1.0000000000,0.0443775856,0.0152351933,0.0051546392,0.0022596906,0.0044171308,0.0008168981,0.0014061872,0.0011686794,0.0003891051,0.0007420233,0.0004024955,0.0001880760,0.0000000000,0.0000000000,0.0000000000,0.0000000000,0.0000000000,0.0000000000,0.0001749781,0.0002109705,0.0003248863,0.0004158004,0.0003561888,0.0003534818,0.0001748252,0.0003500788,0.0003687996,0.0001775568,0.0000000000,0.0000000000,0.0000000000,0.0000000000,0.0001825817,0.0001945525,0.0000000000,0.0001951600,0.0001919754,0.0005623243,0.0000000000,0.0000000000,0.0001912777,0.0000000000,0.0000000000,0.0001943257,0.0000000000,0.0000000000,0.0000000000,0.0003785011,0.0002023472,0.0000000000,0.0000000000,0.0001754386,0.0000000000,0.0003786445,0.0003926959,0.0000000000,0.0001998401,0.0002150075,0.0001843318,0.0000000000,0.0002014910,0.0000000000,0.0001506251,0.0000000000,0.0003794346,0.0000000000,0.0001961938,0.0000000000,0.0000000000,0.0000000000,0.0000000000,0.0000000000,0.0000000000,0.0003501401,0.0000000000,0.0001840265,0.0000000000,0.0001811594,0.0001800180,0.0000000000,0.0005484461,0.0003964321,0.0001922338,0.0001920492,0.0001929385,0.0002016536,0.0001983340,0.0003973773,0.0000000000,0.0000000000,0.0001750394,0.0001882176,0.0001963865,0.0003859514,0.0001881114,0.0003852822,0.0000000000,0.0000000000,0.0005465476,0.0000000000,0.0000000000,0.0000000000,0.0001918281,0.0000000000,0.0000000000,0.0002128565,0.0000000000,0.0001837897,0.0001969279,0.0001931248,0.0003866976,0.0017513135,0.0021829728,0.0011650485,0.0003201024,0.0000000000,0.0001846381,0.0001968117,0.0000000000,0.0003675119,0.0000000000,0.0000000000,0.0000000000
0.0000000000,0.0000000000,0.0000000000,0.0000000000,0.0000000000,0.0000000000,0.0000000000,0.0000000000,0.0000000000,0.0000000000,0.0000000000,0.0000000000,0.0000000000,0.0000000000,0.0000000000,0.0000000000,0.0000000000,0.0000000000,0.0000000000,0.0000000000,0.0000000000,0.0000000000,0.0000000000,0.0000000000,0.0000000000,0.0000000000,0.0000000000,0.0000000000,0.0000000000,0.0000000000,0.0000000000,0.0000000000,0.0000000000,0.0000000000,0.0000000000,0.0000000000,0.0000000000,1.0000000000,0.0373888440,0.0071036487,0.0043290043,0.0047923323,0.0017936147,0.0027230834,0.0022307848,0.0004046945,0.0010405827,0.0004191993,0.0001953507,0.0000000000,0.0000000000,0.0001849112,0.0000000000,0.0003639010,0.0003786445,0.0007254262,0.0002201673,0.0000000000,0.0000000000,0.0001845700,0.0005495512,0.0003622532,0.0001812908,0.0000000000,0.0005522828,0.0000000000,0.0005770340,0.0005910165,0.0002045408,0.0000000000,0.0006072874,0.0002028809,0.0000000000,0.0000000000,0.0001945904,0.0002013693,0.0000000000,0.0000000000,0.0000000000,0.0000000000,0.0002021019,0.0001945147,0.0005963029,0.0000000000,0.0000000000,0.0002107926,0.0000000000,0.0000000000,0.0000000000,0.0000000000,0.0002588662,0.0002042484,0.0000000000,0.0000000000,0.0004492363,0.0007656968,0.0000000000,0.0000000000,0.0002033760,0.0004659109,0.0006609385,0.0003942440,0.0006198347,0.0000000000,0.0000000000,0.0000000000,0.0000000000,0.0001953507,0.0005953562,0.0000000000,0.0003627131,0.0002159361,0.0001909855,0.0001921968,0.0001878993,0.0000000000,0.0003866976,0.0001896094,0.0002062706,0.0005997601,0.0001996406,0.0000000000,0.0000000000,0.0000000000,0.0000000000,0.0000000000,0.0000000000,0.0000000000,0.0000000000,0.0000000000,0.0000000000,0.0005863956,0.0006009615,0.0002016536,0.0000000000,0.0005670006,0.0002119093,0.0002513826,0.0002073828,0.0003988831,0.0000000000,0.0000000000,0.0000000000,0.0000000000,0.0000000000,0.0000000000,0.0000000000,0.0000000000,0.0002020610,0.0024793388,0.0004035513,0.0000000000,0.0003827019,0.0001916443,0.0000000000,0.0000000000,0.0003813883,0.0003957262,0.0000000000,0.0000000000
0.0000000000,0.0000000000,0.0000000000,0.0000000000,0.0000000000,0.0000000000,0.0000000000,0.0000000000,0.0000000000,0.0000000000,0.0000000000,0.0000000000,0.0000000000,0.0000000000,0.0000000000,0.0000000000,0.0000000000,0.0000000000,0.0000000000,0.0000000000,0.0000000000,0.0000000000,0.0000000000,0.0000000000,0.0000000000,0.0000000000,0.0000000000,0.0000000000,0.0000000000,0.0000000000,0.0000000000,0.0000000000,0.0000000000,0.0000000000,0.0000000000,0.0000000000,0.0000000000,0.0000000000,1.0000000000,0.0201027474,0.0105880129,0.0079647873,0.0029516665,0.0055078211,0.0034020838,0.0014849385,0.0013812155,0.0002198285,0.0002042484,0.0000000000,0.0003890294,0.0001928640,0.0004046945,0.0003792907,0.0000000000,0.0000000000,0.0002315351,0.0000000000,0.0002277904,0.0001924928,0.0001909126,0.0005663583,0.0003779289,0.0003998401,0.0003838772,0.0002129925,0.0002008839,0.0000000000,0.0000000000,0.0003956479,0.0000000000,0.0002124947,0.0000000000,0.0000000000,0.0004069176,0.0000000000,0.0000000000,0.0002080300,0.0000000000,0.0000000000,0.0000000000,0.0002033347,0.0002079002,0.0002031694,0.0002055921,0.0000000000,0.0000000000,0.0006278778,0.0001894298,0.0004049403,0.0003998934,0.0006422608,0.0000000000,0.0002181977,0.0000000000,0.0001998401,0.0000000000,0.0002201673,0.0000000000,0.0000000000,0.0000000000,0.0002061431,0.0002164971,0.0000000000,0.0008300477,0.0002471577,0.0000000000,0.0002042484,0.0002075550,0.0002033760,0.0000000000,0.0000000000,0.0000000000,0.0000000000,0.0001961169,0.0003896357,0.0004041220,0.0003960396,0.0004325260,0.0006277464,0.0006270903,0.0004200798,0.0002203614,0.0004329004,0.0002167787,0.0002088119,0.0000000000,0.0000000000,0.0000000000,0.0000000000,0.0000000000,0.0002042901,0.0002095997,0.0000000000,0.0000000000,0.0000000000,0.0000000000,0.0000000000,0.0000000000,0.0004174494,0.0002493144,0.0000000000,0.0000000000,0.0000000000,0.0003984858,0.0000000000,0.0000000000,0.0000000000,0.0002115954,0.0000000000,0.0002112379,0.0000000000,0.0000000000,0.0000000000,0.0000000000,0.0000000000,0.0007969715,0.0000000000,0.0001829157,0.0000000000
0.0000000000,0.0000000000,0.0000000000,0.0000000000,0.0000000000,0.0000000000,0.0000000000,0.0000000000,0.0000000000,0.0000000000,0.0000000000,0.0000000000,0.0000000000,0.0000000000,0.0000000000,0.0000000000,0.0000000000,0.0000000000,0.0000000000,0.0000000000,0.0000000000,0.0000000000,0.0000000000,0.0000000000,0.0000000000,0.0000000000,0.0000000000,0.0000000000,0.0000000000,0.0000000000,0.0000000000,0.0000000000,0.0000000000,0.0000000000,0.0000000000,0.0000000000,0.0000000000,0.0000000000,0.0000000000,1.0000000000,0.0261662198,0.0078098851,0.0054418454,0.0051469747,0.0034784560,0.0015675736,0.0008926294,0.0003420363,0.0008778668,0.0003236595,0.0001067692,0.0002125850,0.0002181977,0.0002105928,0.0002154476,0.0002101503,0.0002341372,0.0000000000,0.0001160901,0.0001061684,0.0003171247,0.0002100399,0.0002101723,0.0002167787,0.0002119992,0.0003364360,0.0002173677,0.0004407228,0.0004500956,0.0002155405,0.0002236636,0.0002239892,0.0001120197,0.0003329634,0.0004377805,0.0002230649,0.0001126126,0.0002214839,0.0002203128,0.0002230649,0.0001117443,0.0005471657,0.0002214104,0.0001093374,0.0001100352,0.0001143511,0.0002224694,0.0004443951,0.0002104820,0.0003274394,0.0000000000,0.0003372681,0.0001101200,0.0003407155,0.0002366024,0.0003251680,0.0005619872,0.0001140771,0.0001121328,0.0001915525,0.0000000000,0.0002204100,0.0006788866,0.0001123596,0.0002211166,0.0002418672,0.0004478280,0.0005484862,0.0002212145,0.0005472256,0.0004204772,0.0002317229,0.0000000000,0.0001086484,0.0000000000,0.0000000000,0.0005452563,0.0001078167,0.0003390980,0.0003332223,0.0001109878,0.0003339270,0.0002282844,0.0003392514,0.0002263468,0.0000000000,0.0000000000,0.0002101944,0.0000000000,0.0006749156,0.0004452855,0.0005485464,0.0001111729,0.0001116071,0.0001027221,0.0006459253,0.0003441156,0.0001253290,0.0002267060,0.0003328156,0.0002428953,0.0000000000,0.0002352941,0.0005559880,0.0002163800,0.0001125999,0.0000000000,0.0000000000,0.0001117318,0.0009044658,0.0003349710,0.0005971932,0.0002167552,0.0000000000,0.0004503997,0.0005276488,0.0001081549,0.0000000000,0.0002063983,0.0000000000
0.0000000000,0.0000000000,0.0000000000,0.0000000000,0.0000000000,0.0000000000,0.0000000000,0.0000000000,0.0000000000,0.0000000000,0.0000000000,0.0000000000,0.0000000000,0.0000000000,0.0000000000,0.0000000000,0.0000000000,0.0000000000,0.0000000000,0.0000000000,0.0000000000,0.0000000000,0.0000000000,0.0000000000,0.0000000000,0.0000000000,0.0000000000,0.0000000000,0.0000000000,0.0000000000,0.0000000000,0.0000000000,0.0000000000,0.0000000000,0.0000000000,0.0000000000,0.0000000000,0.0000000000,0.0000000000,0.0000000000,1.0000000000,0.0206305956,0.0089264740,0.0107157299,0.0056585366,0.0038940810,0.0014800197,0.0008030516,0.0005629574,0.0007300602,0.0005381166,0.0001779359,0.0001859427,0.0005256702,0.0001819836,0.0003491620,0.0000000000,0.0000000000,0.0000000000,0.0000000000,0.0001762736,0.0000000000,0.0001745810,0.0000000000,0.0003542958,0.0001949318,0.0001847404,0.0003781433,0.0001960400,0.0003642987,0.0001940241,0.0001945147,0.0001946283,0.0000000000,0.0000000000,0.0000000000,0.0005895068,0.0003816066,0.0000000000,0.0000000000,0.0000000000,0.0000000000,0.0001906578,0.0000000000,0.0000000000,0.0000000000,0.0000000000,0.0000000000,0.0000000000,0.0000000000,0.0001259604,0.0001957713,0.0000000000,0.0003986446,0.0006433626,0.0003677823,0.0000000000,0.0000000000,0.0000000000,0.0003006615,0.0000000000,0.0000000000,0.0000000000,0.0001956564,0.0000000000,0.0004464286,0.0001943257,0.0000000000,0.0003808073,0.0000000000,0.0003492840,0.0000000000,0.0000000000,0.0005542213,0.0001807011,0.0000000000,0.0003714710,0.0003646308,0.0000000000,0.0001917178,0.0001915342,0.0000000000,0.0002010859,0.0000000000,0.0000000000,0.0000000000,0.0000000000,0.0000000000,0.0001877229,0.0001958480,0.0001924187,0.0003753049,0.0001920861,0.0001933862,0.0000000000,0.0003633721,0.0000000000,0.0004774409,0.0001986492,0.0001913143,0.0000000000,0.0000000000,0.0000000000,0.0005762582,0.0000000000,0.0001963865,0.0001926040,0.0003856537,0.0007754944,0.0009883376,0.0003869969,0.0003193868,0.0000000000,0.0000000000,0.0000000000,0.0001757160,0.0005499542,0.0001898614,0.0001694341,0.0000000000
0.0000000000,0.0000000000,0.0000000000,0.0000000000,0.0000000000,0.0000000000,0.0000000000,0.0000000000,0.0000000000,0.0000000000,0.0000000000,0.0000000000,0.0000000000,0.0000000000,0.0000000000,0.0000000000,0.0000000000,0.0000000000,0.0000000000,0.0000000000,0.0000000000,0.0000000000,0.0000000000,0.0000000000,0.0000000000,0.0000000000,0.0000000000,0.0000000000,0.0000000000,0.0000000000,0.0000000000,0.0000000000,0.0000000000,0.0000000000,0.0000000000,0.0000000000,0.0000000000,0.0000000000,0.0000000000,0.0000000000,0.0000000000,1.0000000000,0.0242909831,0.0180200730,0.0113885239,0.0052219321,0.0011363636,0.0011251125,0.0006259128,0.0004044489,0.0000000000,0.0003934684,0.0000000000,0.0001933114,0.0002016536,0.0001925669,0.0000000000,0.0000000000,0.0002331546,0.0001963094,0.0001946661,0.0003848374,0.0005780347,0.0000000000,0.0000000000,0.0000000000,0.0002050441,0.0004207869,0.0004382121,0.0000000000,0.0002165440,0.0000000000,0.0002172968,0.0002133561,0.0000000000,0.0004309416,0.0002195390,0.0002124947,0.0004207869,0.0002154244,0.0000000000,0.0000000000,0.0000000000,0.0000000000,0.0000000000,0.0000000000,0.0002143163,0.0000000000,0.0000000000,0.0004133940,0.0004053506,0.0002187227,0.0004206099,0.0002231147,0.0000000000,0.0000000000,0.0000000000,0.0000000000,0.0004355401,0.0000000000,0.0000000000,0.0002105263,0.0000000000,0.0002185792,0.0000000000,0.0000000000,0.0000000000,0.0000000000,0.0000000000,0.0000000000,0.0000000000,0.0000000000,0.0004072490,0.0000000000,0.0000000000,0.0003974563,0.0002062281,0.0004041220,0.0000000000,0.0004274418,0.0002134472,0.0000000000,0.0000000000,0.0000000000,0.0004433607,0.0004267122,0.0004163197,0.0005781461,0.0004175365,0.0002188184,0.0002145462,0.0000000000,0.0000000000,0.0000000000,0.0000000000,0.0002012477,0.0002275313,0.0005474952,0.0000000000,0.0002131742,0.0000000000,0.0000000000,0.0000000000,0.0000000000,0.0000000000,0.0000000000,0.0000000000,0.0004301075,0.0000000000,0.0002208968,0.0002158429,0.0000000000,0.0002039568,0.0000000000,0.0000000000,0.0000000000,0.0000000000,0.0004228330,0.0003727866,0.0000000000
0.0000000000,0.0000000000,0.0000000000,0.0000000000,0.0000000000,0.0000000000,0.0000000000,0.0000000000,0.0000000000,0.0000000000,0.0000000000,0.0000000000,0.0000000000,0.0000000000,0.0000000000,0.0000000000,0.0000000000,0.0000000000,0.0000000000,0.0000000000,0.0000000000,0.0000000000,0.0000000000,0.0000000000,0.0000000000,0.0000000000,0.0000000000,0.0000000000,0.0000000000,0.0000000000,0.0000000000,0.0000000000,0.0000000000,0.0000000000,0.0000000000,0.0000000000,0.0000000000,0.0000000000,0.0000000000,0.0000000000,0.0000000000,0.0000000000,1.0000000000,0.0283118251,0.0110448140,0.0055541530,0.0016037323,0.0021856518,0.0009835259,0.0007240256,0.0005964452,0.0003559563,0.0004886988,0.0003522367,0.0004818116,0.0002342469,0.0000000000,0.0000000000,0.0002619859,0.0001184834,0.0001178828,0.0000000000,0.0001171234,0.0002425124,0.0002365464,0.0002519209,0.0003649191,0.0003704618,0.0001264063,0.0002409639,0.0001255650,0.0001257703,0.0001258178,0.0003735525,0.0003676921,0.0002504069,0.0003797949,0.0004969561,0.0002469441,0.0005009393,0.0001254705,0.0001225040,0.0003725320,0.0001224440,0.0003700506,0.0000000000,0.0001248128,0.0002492522,0.0002346592,0.0000000000,0.0001860811,0.0001262945,0.0001234263,0.0002555257,0.0001337793,0.0002424830,0.0002524934,0.0000000000,0.0001259604,0.0004228330,0.0000000000,0.0001235178,0.0001271617,0.0003788357,0.0000000000,0.0000000000,0.0002514142,0.0003685957,0.0001240233,0.0002450680,0.0003514938,0.0003921056,0.0000000000,0.0000000000,0.0001198466,0.0001193460,0.0002440810,0.0002411091,0.0002541619,0.0003738784,0.0001245175,0.0002498126,0.0000000000,0.0002542912,0.0000000000,0.0000000000,0.0002453988,0.0000000000,0.0001228954,0.0000000000,0.0001248907,0.0003686409,0.0002495321,0.0001252976,0.0001142074,0.0004812320,0.0003876470,0.0001428571,0.0001274860,0.0002488800,0.0002756720,0.0000000000,0.0001329434,0.0002494699,0.0000000000,0.0000000000,0.0001249688,0.0001250469,0.0006275888,0.0012716175,0.0011290930,0.0003307243,0.0006064281,0.0002427479,0.0002530364,0.0003529827,0.0002419550,0.0002476474,0.0002295948,0.0001646362
0.0000000000,0.0000000000,0.0000000000,0.0000000000,0.0000000000,0.0000000000,0.0000000000,0.0000000000,0.0000000000,0.0000000000,0.0000000000,0.0000000000,0.0000000000,0.0000000000,0.0000000000,0.0000000000,0.0000000000,0.0000000000,0.0000000000,0.0000000000,0.0000000000,0.0000000000,0.0000000000,0.0000000000,0.0000000000,0.0000000000,0.0000000000,0.0000000000,0.0000000000,0.0000000000,0.0000000000,0.0000000000,0.0000000000,0.0000000000,0.0000000000,0.0000000000,0.0000000000,0.0000000000,0.0000000000,0.0000000000,0.0000000000,0.0000000000,0.0000000000,1.0000000000,0.0481783317,0.0224351484,0.0073732719,0.0064639694,0.0030857395,0.0021312873,0.0012523482,0.0010341262,0.0002175332,0.0002029221,0.0004243582,0.0000000000,0.0000000000,0.0000000000,0.0002472799,0.0000000000,0.0002044154,0.0006059382,0.0002021427,0.0004295533,0.0002055498,0.0000000000,0.0000000000,0.0004436557,0.0000000000,0.0000000000,0.0002286760,0.0002293578,0.0000000000,0.0000000000,0.0000000000,0.0000000000,0.0000000000,0.0002241650,0.0000000000,0.0002274278,0.0000000000,0.0002187227,0.0002240143,0.0000000000,0.0002213369,0.0000000000,0.0002261932,0.0002255300,0.0000000000,0.0000000000,0.0001397038,0.0004623209,0.0000000000,0.0000000000,0.0000000000,0.0000000000,0.0000000000,0.0000000000,0.0000000000,0.0000000000,0.0000000000,0.0000000000,0.0002340276,0.0002309469,0.0002234138,0.0002702703,0.0002290951,0.0004396571,0.0000000000,0.0004376368,0.0000000000,0.0000000000,0.0002142704,0.0000000000,0.0000000000,0.0002088555,0.0000000000,0.0002125399,0.0000000000,0.0000000000,0.0000000000,0.0000000000,0.0002385496,0.0004679457,0.0002343567,0.0000000000,0.0002192982,0.0000000000,0.0002199736,0.0000000000,0.0002264493,0.0000000000,0.0000000000,0.0004556847,0.0001936108,0.0002116850,0.0000000000,0.0002933412,0.0000000000,0.0004499438,0.0000000000,0.0000000000,0.0000000000,0.0002258866,0.0002139495,0.0002319647,0.0000000000,0.0000000000,0.0004567253,0.0000000000,0.0002278943,0.0001824152,0.0002146844,0.0000000000,0.0000000000,0.0000000000,0.0000000000,0.0002229157,0.0000000000,0.0000000000
0.0000000000,0.0000000000,0.0000000000,0.0000000000,0.0000000000,0.0000000000,0.0000000000,0.0000000000,0.0000000000,0.0000000000,0.0000000000,0.0000000000,0.0000000000,0.0000000000,0.0000000000,0.0000000000,0.0000000000,0.0000000000,0.0000000000,0.0000000000,0.0000000000,0.0000000000,0.0000000000,0.0000000000,0.0000000000,0.0000000000,0.0000000000,0.0000000000,0.0000000000,0.0000000000,0.0000000000,0.0000000000,0.0000000000,0.0000000000,0.0000000000,0.0000000000,0.0000000000,0.0000000000,0.0000000000,0.0000000000,0.0000000000,0.0000000000,0.0000000000,0.0000000000,1.0000000000,0.0404225999,0.0141760189,0.0123084069,0.0059854639,0.0030978934,0.0018207566,0.0010020040,0.0008422826,0.0001967342,0.0006163961,0.0003920031,0.0000000000,0.0000000000,0.0002381519,0.0000000000,0.0000000000,0.0007835455,0.0000000000,0.0002078138,0.0000000000,0.0008886914,0.0002088991,0.0004289084,0.0002234637,0.0002055498,0.0002208481,0.0002214839,0.0000000000,0.0002175332,0.0002116402,0.0000000000,0.0000000000,0.0002166378,0.0004289084,0.0002196837,0.0002205558,0.0006349206,0.0004330879,0.0002113718,0.0000000000,0.0002309469,0.0002185315,0.0000000000,0.0000000000,0.0000000000,0.0000000000,0.0000000000,0.0004287245,0.0000000000,0.0002475860,0.0002077706,0.0000000000,0.0002298322,0.0000000000,0.0001659200,0.0000000000,0.0002145923,0.0000000000,0.0000000000,0.0000000000,0.0000000000,0.0000000000,0.0000000000,0.0000000000,0.0000000000,0.0000000000,0.0000000000,0.0002073828,0.0000000000,0.0002037490,0.0000000000,0.0000000000,0.0000000000,0.0000000000,0.0000000000,0.0000000000,0.0000000000,0.0004601933,0.0002257336,0.0000000000,0.0000000000,0.0002120891,0.0001960400,0.0002127207,0.0000000000,0.0002187705,0.0000000000,0.0000000000,0.0002200220,0.0000000000,0.0002049600,0.0002322880,0.0002805836,0.0000000000,0.0002173441,0.0000000000,0.0003995206,0.0000000000,0.0000000000,0.0002070822,0.0000000000,0.0002190101,0.0008775779,0.0006618134,0.0002253775,0.0002201189,0.0001773993,0.0004156276,0.0002081599,0.0002237637,0.0003949447,0.0000000000,0.0000000000,0.0001895375,0.0000000000
0.0000000000,0.0000000000,0.0000000000,0.0000000000,0.0000000000,0.0000000000,0.0000000000,0.0000000000,0.0000000000,0.0000000000,0.0000000000,0.0000000000,0.0000000000,0.0000000000,0.0000000000,0.0000000000,0.0000000000,0.0000000000,0.0000000000,0.0000000000,0.0000000000,0.0000000000,0.0000000000,0.0000000000,0.0000000000,0.0000000000,0.0000000000,0.0000000000,0.0000000000,0.0000000000,0.0000000000,0.0000000000,0.0000000000,0.0000000000,0.0000000000,0.0000000000,0.0000000000,0.0000000000,0.0000000000,0.0000000000,0.0000000000,0.0000000000,0.0000000000,0.0000000000,0.0000000000,1.0000000000,0.0340054168,0.0194015895,0.0103004292,0.0051717005,0.0026310463,0.0016035278,0.0012634239,0.0005902026,0.0008216927,0.0005878895,0.0004843788,0.0000000000,0.0002380386,0.0000000000,0.0000000000,0.0001956947,0.0000000000,0.0004155412,0.0001991239,0.0000000000,0.0002088119,0.0000000000,0.0000000000,0.0004110152,0.0000000000,0.0000000000,0.0000000000,0.0000000000,0.0002115507,0.0000000000,0.0000000000,0.0000000000,0.0004287245,0.0000000000,0.0000000000,0.0002114612,0.0002164034,0.0000000000,0.0000000000,0.0002308403,0.0000000000,0.0000000000,0.0001964637,0.0000000000,0.0001367054,0.0002230152,0.0004285408,0.0000000000,0.0002474635,0.0000000000,0.0000000000,0.0002297266,0.0000000000,0.0001658650,0.0004844961,0.0002145002,0.0000000000,0.0000000000,0.0002158429,0.0007782101,0.0006637168,0.0002124495,0.0000000000,0.0002115059,0.0001959632,0.0000000000,0.0000000000,0.0002087247,0.0002036660,0.0000000000,0.0002100399,0.0006172840,0.0000000000,0.0002177700,0.0004351610,0.0000000000,0.0004599816,0.0000000000,0.0009047727,0.0002173913,0.0000000000,0.0001959632,0.0006381621,0.0000000000,0.0002186748,0.0000000000,0.0002182453,0.0002199252,0.0000000000,0.0000000000,0.0000000000,0.0000000000,0.0002267574,0.0000000000,0.0002616431,0.0000000000,0.0000000000,0.0000000000,0.0000000000,0.0000000000,0.0002189142,0.0000000000,0.0000000000,0.0000000000,0.0000000000,0.0003547357,0.0002076843,0.0002080732,0.0002236636,0.0000000000,0.0002069108,0.0004308488,0.0003790032,0.0000000000
0.0000000000,0.0000000000,0.0000000000,0.0000000000,0.0000000000,0.0000000000,0.0000000000,0.0000000000,0.0000000000,0.0000000000,0.0000000000,0.0000000000,0.0000000000,0.0000000000,0.0000000000,0.0000000000,0.0000000000,0.0000000000,0.0000000000,0.0000000000,0.0000000000,0.0000000000,0.0000000000,0.0000000000,0.0000000000,0.0000000000,0.0000000000,0.0000000000,0.0000000000,0.0000000000,0.0000000000,0.0000000000,0.0000000000,0.0000000000,0.0000000000,0.0000000000,0.0000000000,0.0000000000,0.0000000000,0.0000000000,0.0000000000,0.0000000000,0.0000000000,0.0000000000,0.0000000000,0.0000000000,1.0000000000,0.0421321417,0.0177514793,0.0096592434,0.0049492055,0.0020549705,0.0008205689,0.0005015045,0.0005299417,0.0002494388,0.0006594131,0.0000000000,0.0006443299,0.0000000000,0.0000000000,0.0000000000,0.0000000000,0.0000000000,0.0000000000,0.0000000000,0.0000000000,0.0000000000,0.0000000000,0.0000000000,0.0000000000,0.0000000000,0.0000000000,0.0000000000,0.0000000000,0.0000000000,0.0000000000,0.0000000000,0.0000000000,0.0000000000,0.0000000000,0.0000000000,0.0000000000,0.0000000000,0.0000000000,0.0000000000,0.0000000000,0.0000000000,0.0000000000,0.0000000000,0.0001607976,0.0002951594,0.0002799552,0.0000000000,0.0000000000,0.0000000000,0.0000000000,0.0000000000,0.0000000000,0.0000000000,0.0003297066,0.0000000000,0.0000000000,0.0000000000,0.0002827255,0.0003621876,0.0002918856,0.0000000000,0.0000000000,0.0000000000,0.0004992511,0.0000000000,0.0000000000,0.0000000000,0.0000000000,0.0000000000,0.0000000000,0.0000000000,0.0002994012,0.0002860412,0.0000000000,0.0000000000,0.0000000000,0.0000000000,0.0003004808,0.0002853881,0.0000000000,0.0000000000,0.0000000000,0.0000000000,0.0000000000,0.0000000000,0.0000000000,0.0002897711,0.0000000000,0.0002642008,0.0000000000,0.0004048583,0.0000000000,0.0002851440,0.0000000000,0.0000000000,0.0000000000,0.0002866972,0.0000000000,0.0000000000,0.0002880184,0.0002884338,0.0000000000,0.0000000000,0.0000000000,0.0000000000,0.0002688895,0.0000000000,0.0002962963,0.0000000000,0.0000000000,0.0000000000,0.0002391200,0.0000000000
0.0000000000,0.0000000000,0.0000000000,0.0000000000,0.0000000000,0.0000000000,0.0000000000,0.0000000000,0.0000000000,0.0000000000,0.0000000000,0.0000000000,0.0000000000,0.0000000000,0.0000000000,0.0000000000,0.0000000000,0.0000000000,0.0000000000,0.0000000000,0.0000000000,0.0000000000,0.0000000000,0.0000000000,0.0000000000,0.0000000000,0.0000000000,0.0000000000,0.0000000000,0.0000000000,0.0000000000,0.0000000000,0.0000000000,0.0000000000,0.0000000000,0.0000000000,0.0000000000,0.0000000000,0.0000000000,0.0000000000,0.0000000000,0.0000000000,0.0000000000,0.0000000000,0.0000000000,0.0000000000,0.0000000000,1.0000000000,0.0519360074,0.0202393906,0.0127037900,0.0070951586,0.0039421813,0.0016303240,0.0008516074,0.0008111945,0.0007581501,0.0000000000,0.0002481390,0.0002068252,0.0002050021,0.0004050223,0.0002027164,0.0002153780,0.0002061431,0.0006923610,0.0000000000,0.0002224694,0.0000000000,0.0000000000,0.0000000000,0.0000000000,0.0000000000,0.0002258356,0.0002194908,0.0002281542,0.0002327747,0.0002248707,0.0000000000,0.0000000000,0.0000000000,0.0002193945,0.0000000000,0.0000000000,0.0000000000,0.0000000000,0.0000000000,0.0000000000,0.0000000000,0.0004367766,0.0001399776,0.0002318572,0.0002223705,0.0002367985,0.0000000000,0.0002153316,0.0000000000,0.0000000000,0.0002307337,0.0005122951,0.0000000000,0.0002226676,0.0000000000,0.0000000000,0.0000000000,0.0000000000,0.0000000000,0.0000000000,0.0004487323,0.0002194426,0.0002027575,0.0004941932,0.0004299226,0.0000000000,0.0002110150,0.0004190237,0.0002178649,0.0006397953,0.0004690432,0.0002261932,0.0004519774,0.0002271695,0.0002393490,0.0002346867,0.0004703669,0.0000000000,0.0000000000,0.0000000000,0.0000000000,0.0000000000,0.0000000000,0.0002205072,0.0004535147,0.0002285192,0.0003883495,0.0002123142,0.0000000000,0.0000000000,0.0000000000,0.0002256318,0.0002738976,0.0000000000,0.0000000000,0.0004533092,0.0000000000,0.0000000000,0.0002274278,0.0002276867,0.0002290426,0.0002343018,0.0002286237,0.0001828822,0.0000000000,0.0000000000,0.0000000000,0.0004085802,0.0000000000,0.0000000000,0.0000000000,0.0000000000
0.0000000000,0.0000000000,0.0000000000,0.0000000000,0.0000000000,0.0000000000,0.0000000000,0.0000000000,0.0000000000,0.0000000000,0.0000000000,0.0000000000,0.0000000000,0.0000000000,0.0000000000,0.0000000000,0.0000000000,0.0000000000,0.0000000000,0.0000000000,0.0000000000,0.0000000000,0.0000000000,0.0000000000,0.0000000000,0.0000000000,0.0000000000,0.0000000000,0.0000000000,0.0000000000,0.0000000000,0.0000000000,0.0000000000,0.0000000000,0.0000000000,0.0000000000,0.0000000000,0.0000000000,0.0000000000,0.0000000000,0.0000000000,0.0000000000,0.0000000000,0.0000000000,0.0000000000,0.0000000000,0.0000000000,0.0000000000,1.0000000000,0.0509288249,0.0247702757,0.0127251370,0.0077661966,0.0034324943,0.0023828435,0.0015168752,0.0011622501,0.0003782148,0.0002284670,0.0001929757,0.0003828484,0.0000000000,0.0001893939,0.0000000000,0.0000000000,0.0002135839,0.0000000000,0.0000000000,0.0000000000,0.0001982947,0.0002124947,0.0004262575,0.0000000000,0.0004189359,0.0000000000,0.0002114165,0.0000000000,0.0002085941,0.0000000000,0.0000000000,0.0000000000,0.0000000000,0.0006256517,0.0004074980,0.0004123711,0.0006657790,0.0004207869,0.0002097755,0.0001898975,0.0002029633,0.0000000000,0.0002145923,0.0000000000,0.0000000000,0.0002371354,0.0004008016,0.0006435006,0.0002207993,0.0002136296,0.0000000000,0.0000000000,0.0000000000,0.0002171081,0.0000000000,0.0002079434,0.0002479544,0.0000000000,0.0002047921,0.0002081165,0.0000000000,0.0000000000,0.0004551661,0.0004000800,0.0006042296,0.0000000000,0.0001952744,0.0002025522,0.0007944389,0.0002168257,0.0002097315,0.0004191115,0.0002105706,0.0002209945,0.0002170139,0.0004348771,0.0004188482,0.0000000000,0.0001894298,0.0000000000,0.0000000000,0.0002105706,0.0000000000,0.0002101723,0.0000000000,0.0000000000,0.0001977457,0.0000000000,0.0000000000,0.0000000000,0.0002092488,0.0002501251,0.0000000000,0.0000000000,0.0002100840,0.0000000000,0.0000000000,0.0000000000,0.0000000000,0.0004244482,0.0000000000,0.0002118195,0.0003439972,0.0000000000,0.0000000000,0.0004304778,0.0001907305,0.0001996406,0.0002075119,0.0001833517,0.0000000000
0.0000000000,0.0000000000,0.0000000000,0.0000000000,0.0000000000,0.0000000000,0.0000000000,0.0000000000,0.0000000000,0.0000000000,0.0000000000,0.0000000000,0.0000000000,0.0000000000,0.0000000000,0.0000000000,0.0000000000,0.0000000000,0.0000000000,0.0000000000,0.0000000000,0.0000000000,0.0000000000,0.0000000000,0.0000000000,0.0000000000,0.0000000000,0.0000000000,0.0000000000,0.0000000000,0.0000000000,0.0000000000,0.0000000000,0.0000000000,0.0000000000,0.0000000000,0.0000000000,0.0000000000,0.0000000000,0.0000000000,0.0000000000,0.0000000000,0.0000000000,0.0000000000,0.0000000000,0.0000000000,0.0000000000,0.0000000000,0.0000000000,1.0000000000,0.0538814608,0.0216848973,0.0107398568,0.0059468500,0.0040556199,0.0025835025,0.0006734007,0.0007158196,0.0002208481,0.0003750938,0.0005582434,0.0003679176,0.0005525880,0.0000000000,0.0001869508,0.0002069108,0.0001954652,0.0004006410,0.0000000000,0.0003851338,0.0002058884,0.0000000000,0.0000000000,0.0000000000,0.0000000000,0.0004098361,0.0002085941,0.0002022245,0.0004006410,0.0004098361,0.0002056344,0.0001977848,0.0004042854,0.0001976285,0.0003999200,0.0004293688,0.0002038736,0.0002033347,0.0000000000,0.0001969279,0.0001308558,0.0000000000,0.0000000000,0.0006357279,0.0000000000,0.0005836576,0.0000000000,0.0000000000,0.0002069536,0.0001573317,0.0000000000,0.0000000000,0.0000000000,0.0006234414,0.0002016129,0.0000000000,0.0002062281,0.0000000000,0.0002017756,0.0003957262,0.0001841621,0.0004400440,0.0001941371,0.0001953888,0.0000000000,0.0001896813,0.0001965409,0.0001927154,0.0004199916,0.0002032934,0.0000000000,0.0002040816,0.0000000000,0.0000000000,0.0000000000,0.0002029633,0.0000000000,0.0001841621,0.0001988072,0.0000000000,0.0000000000,0.0001986887,0.0002037075,0.0000000000,0.0001770225,0.0000000000,0.0000000000,0.0002568713,0.0002111041,0.0002028398,0.0000000000,0.0000000000,0.0002265006,0.0002036245,0.0000000000,0.0000000000,0.0002042901,0.0000000000,0.0000000000,0.0000000000,0.0000000000,0.0005030181,0.0000000000,0.0000000000,0.0000000000,0.0005563798,0.0001937984,0.0000000000,0.0001784121,0.0000000000
0.0000000000,0.0000000000,0.0000000000,0.0000000000,0.0000000000,0.0000000000,0.0000000000,0.0000000000,0.0000000000,0.0000000000,0.0000000000,0.0000000000,0.0000000000,0.0000000000,0.0000000000,0.0000000000,0.0000000000,0.0000000000,0.0000000000,0.0000000000,0.0000000000,0.0000000000,0.0000000000,0.0000000000,0.0000000000,0.0000000000,0.0000000000,0.0000000000,0.0000000000,0.0000000000,0.0000000000,0.0000000000,0.0000000000,0.0000000000,0.0000000000,0.0000000000,0.0000000000,0.0000000000,0.0000000000,0.0000000000,0.0000000000,0.0000000000,0.0000000000,0.0000000000,0.0000000000,0.0000000000,0.0000000000,0.0000000000,0.0000000000,0.0000000000,1.0000000000,0.0555122711,0.0237294839,0.0123139129,0.0072298326,0.0043604651,0.0017601760,0.0006922811,0.0008658009,0.0011063987,0.0007315289,0.0005424955,0.0001809627,0.0001909855,0.0003674444,0.0002029221,0.0003838772,0.0003931590,0.0000000000,0.0001890717,0.0000000000,0.0002024701,0.0000000000,0.0001991635,0.0001942125,0.0000000000,0.0000000000,0.0000000000,0.0003931590,0.0000000000,0.0004034698,0.0003883495,0.0001982947,0.0000000000,0.0000000000,0.0000000000,0.0000000000,0.0001994813,0.0000000000,0.0003866976,0.0001292491,0.0002038320,0.0001964637,0.0004153686,0.0000000000,0.0000000000,0.0000000000,0.0000000000,0.0000000000,0.0003100775,0.0000000000,0.0000000000,0.0000000000,0.0006113715,0.0003957262,0.0000000000,0.0004046126,0.0001949698,0.0003960396,0.0001941748,0.0005431831,0.0006466911,0.0001906214,0.0001918281,0.0003751641,0.0003727171,0.0001929385,0.0003785728,0.0006177924,0.0001994416,0.0007974482,0.0002002002,0.0008389262,0.0004121162,0.0002063558,0.0000000000,0.0000000000,0.0003620565,0.0000000000,0.0002039152,0.0002002002,0.0001950078,0.0001998401,0.0002012477,0.0000000000,0.0003772161,0.0000000000,0.0005016303,0.0002069536,0.0000000000,0.0000000000,0.0000000000,0.0006654836,0.0001997603,0.0000000000,0.0000000000,0.0000000000,0.0004012841,0.0000000000,0.0000000000,0.0002013288,0.0003300330,0.0000000000,0.0003826287,0.0000000000,0.0001821825,0.0000000000,0.0000000000,0.0000000000,0.0000000000
0.0000000000,0.0000000000,0.0000000000,0.0000000000,0.0000000000,0.0000000000,0.0000000000,0.0000000000,0.0000000000,0.0000000000,0.0000000000,0.0000000000,0.0000000000,0.0000000000,0.0000000000,0.0000000000,0.0000000000,0.0000000000,0.0000000000,0.0000000000,0.0000000000,0.0000000000,0.0000000000,0.0000000000,0.0000000000,0.0000000000,0.0000000000,0.0000000000,0.0000000000,0.0000000000,0.0000000000,0.0000000000,0.0000000000,0.0000000000,0.0000000000,0.0000000000,0.0000000000,0.0000000000,0.0000000000,0.0000000000,0.0000000000,0.0000000000,0.0000000000,0.0000000000,0.0000000000,0.0000000000,0.0000000000,0.0000000000,0.0000000000,0.0000000000,0.0000000000,1.0000000000,0.0505131817,0.0241697417,0.0115617892,0.0083257919,0.0028365699,0.0006821282,0.0017171067,0.0012808783,0.0009074410,0.0008975049,0.0003591954,0.0001894298,0.0003645643,0.0002011668,0.0003807348,0.0005849093,0.0004047764,0.0000000000,0.0000000000,0.0000000000,0.0002008435,0.0001974724,0.0001926040,0.0001992429,0.0002027575,0.0000000000,0.0003898635,0.0000000000,0.0000000000,0.0000000000,0.0003933137,0.0001923817,0.0001945525,0.0002084636,0.0000000000,0.0001977848,0.0005402485,0.0000000000,0.0000000000,0.0000000000,0.0000000000,0.0002058037,0.0000000000,0.0003788596,0.0002018978,0.0000000000,0.0000000000,0.0003080240,0.0000000000,0.0001950458,0.0002042901,0.0000000000,0.0000000000,0.0000000000,0.0006018054,0.0000000000,0.0003926959,0.0001925669,0.0001795977,0.0006407518,0.0001890717,0.0000000000,0.0000000000,0.0003697541,0.0003827751,0.0005633803,0.0006123699,0.0003955696,0.0007906701,0.0001984915,0.0004155412,0.0002042067,0.0006138735,0.0000000000,0.0001929757,0.0001795977,0.0000000000,0.0004043672,0.0001984915,0.0001933862,0.0001981375,0.0005988024,0.0003456619,0.0003741815,0.0000000000,0.0002480774,0.0000000000,0.0001973165,0.0002332634,0.0000000000,0.0004393673,0.0000000000,0.0001888218,0.0000000000,0.0001986887,0.0005968961,0.0000000000,0.0000000000,0.0001996008,0.0003277077,0.0000000000,0.0001897173,0.0000000000,0.0000000000,0.0001887505,0.0001957713,0.0001741250,0.0000000000
0.0000000000,0.0000000000,0.0000000000,0.0000000000,0.0000000000,0.0000000000,0.0000000000,0.0000000000,0.0000000000,0.0000000000,0.0000000000,0.0000000000,0.0000000000,0.0000000000,0.0000000000,0.0000000000,0.0000000000,0.0000000000,0.0000000000,0.0000000000,0.0000000000,0.0000000000,0.0000000000,0.0000000000,0.0000000000,0.0000000000,0.0000000000,0.0000000000,0.0000000000,0.0000000000,0.0000000000,0.0000000000,0.0000000000,0.0000000000,0.0000000000,0.0000000000,0.0000000000,0.0000000000,0.0000000000,0.0000000000,0.0000000000,0.0000000000,0.0000000000,0.0000000000,0.0000000000,0.0000000000,0.0000000000,0.0000000000,0.0000000000,0.0000000000,0.0000000000,0.0000000000,1.0000000000,0.0487949427,0.0198158527,0.0111954459,0.0067052023,0.0007434944,0.0020380435,0.0015319801,0.0015194682,0.0007504690,0.0003755163,0.0000000000,0.0001906578,0.0002114612,0.0001995211,0.0004091653,0.0002127660,0.0000000000,0.0002103934,0.0002109705,0.0000000000,0.0004148517,0.0002020202,0.0002093364,0.0004265302,0.0000000000,0.0004091653,0.0000000000,0.0004203447,0.0002019386,0.0000000000,0.0000000000,0.0000000000,0.0000000000,0.0000000000,0.0002077275,0.0003765060,0.0002010454,0.0001326612,0.0000000000,0.0002044572,0.0004332756,0.0000000000,0.0000000000,0.0000000000,0.0002185315,0.0002115059,0.0003199488,0.0000000000,0.0002047083,0.0000000000,0.0002123142,0.0000000000,0.0002450980,0.0000000000,0.0000000000,0.0000000000,0.0002019794,0.0001877582,0.0000000000,0.0000000000,0.0000000000,0.0001948178,0.0003870718,0.0002006421,0.0001966568,0.0002146383,0.0000000000,0.0002074689,0.0000000000,0.0000000000,0.0002148228,0.0000000000,0.0002073398,0.0000000000,0.0000000000,0.0006092608,0.0000000000,0.0000000000,0.0004058442,0.0002081165,0.0002096436,0.0000000000,0.0003919263,0.0000000000,0.0005279831,0.0006478082,0.0000000000,0.0002472188,0.0000000000,0.0002319647,0.0000000000,0.0003958045,0.0000000000,0.0004175365,0.0002089427,0.0002100840,0.0006437768,0.0004195511,0.0005119454,0.0001984915,0.0001988467,0.0002130379,0.0001890359,0.0001977848,0.0000000000,0.0003636364,0.0000000000
0.0000000000,0.0000000000,0.0000000000,0.0000000000,0.0000000000,0.0000000000,0.0000000000,0.0000000000,0.0000000000,0.0000000000,0.0000000000,0.0000000000,0.0000000000,0.0000000000,0.0000000000,0.0000000000,0.0000000000,0.0000000000,0.0000000000,0.0000000000,0.0000000000,0.0000000000,0.0000000000,0.0000000000,0.0000000000,0.0000000000,0.0000000000,0.0000000000,0.0000000000,0.0000000000,0.0000000000,0.0000000000,0.0000000000,0.0000000000,0.0000000000,0.0000000000,0.0000000000,0.0000000000,0.0000000000,0.0000000000,0.0000000000,0.0000000000,0.0000000000,0.0000000000,0.0000000000,0.0000000000,0.0000000000,0.0000000000,0.0000000000,0.0000000000,0.0000000000,0.0000000000,0.0000000000,1.0000000000,0.0495164410,0.0214762678,0.0116605485,0.0016567263,0.0048594971,0.0039718361,0.0037614186,0.0026548673,0.0010613833,0.0005590757,0.0003587444,0.0003953350,0.0001871608,0.0003832152,0.0000000000,0.0001844678,0.0003934684,0.0001971998,0.0000000000,0.0000000000,0.0001893581,0.0001957713,0.0003984064,0.0000000000,0.0001915709,0.0001957713,0.0005896226,0.0003786445,0.0001932367,0.0000000000,0.0000000000,0.0000000000,0.0001948558,0.0003888025,0.0005317263,0.0001885014,0.0000000000,0.0000000000,0.0003830684,0.0004042854,0.0000000000,0.0000000000,0.0001983340,0.0000000000,0.0000000000,0.0001519064,0.0006408887,0.0001917178,0.0002006421,0.0003968254,0.0003856537,0.0000000000,0.0003940887,0.0001900779,0.0001929385,0.0000000000,0.0005305040,0.0002095118,0.0001859427,0.0001870907,0.0003660992,0.0000000000,0.0000000000,0.0001846381,0.0002004008,0.0000000000,0.0001941371,0.0000000000,0.0002039568,0.0002005616,0.0002008839,0.0001940241,0.0003795066,0.0000000000,0.0000000000,0.0001985703,0.0001950458,0.0005705591,0.0001947040,0.0001960400,0.0001701838,0.0001839926,0.0000000000,0.0000000000,0.0000000000,0.0000000000,0.0002285192,0.0000000000,0.0000000000,0.0001946283,0.0000000000,0.0001991239,0.0003905487,0.0003909304,0.0000000000,0.0002002804,0.0003923107,0.0001614726,0.0003725782,0.0000000000,0.0000000000,0.0000000000,0.0001856321,0.0000000000,0.0003429943,0.0000000000
0.0000000000,0.0000000000,0.0000000000,0.0000000000,0.0000000000,0.0000000000,0.0000000000,0.0000000000,0.0000000000,0.0000000000,0.0000000000,0.0000000000,0.0000000000,0.0000000000,0.0000000000,0.0000000000,0.0000000000,0.0000000000,0.0000000000,0.0000000000,0.0000000000,0.0000000000,0.0000000000,0.0000000000,0.0000000000,0.0000000000,0.0000000000,0.0000000000,0.0000000000,0.0000000000,0.0000000000,0.0000000000,0.0000000000,0.0000000000,0.0000000000,0.0000000000,0.0000000000,0.0000000000,0.0000000000,0.0000000000,0.0000000000,0.0000000000,0.0000000000,0.0000000000,0.0000000000,0.0000000000,0.0000000000,0.0000000000,0.0000000000,0.0000000000,0.0000000000,0.0000000000,0.0000000000,0.0000000000,1.0000000000,0.0454981762,0.0212425765,0.0053686471,0.0111308994,0.0060206961,0.0052219321,0.0042372881,0.0018399264,0.0007765482,0.0005597015,0.0002063558,0.0003900156,0.0003996004,0.0000000000,0.0003841721,0.0002053388,0.0000000000,0.0000000000,0.0002024701,0.0001973554,0.0000000000,0.0002080300,0.0002016942,0.0001997603,0.0008178287,0.0006155109,0.0003946330,0.0006049607,0.0003943218,0.0003988831,0.0002140411,0.0004067521,0.0000000000,0.0003683920,0.0000000000,0.0002613013,0.0002072968,0.0000000000,0.0000000000,0.0000000000,0.0003880481,0.0000000000,0.0000000000,0.0002063983,0.0000000000,0.0000000000,0.0000000000,0.0000000000,0.0002071680,0.0002010859,0.0002382654,0.0002056767,0.0001981375,0.0006039863,0.0003947109,0.0003675119,0.0000000000,0.0000000000,0.0000000000,0.0000000000,0.0000000000,0.0000000000,0.0003845414,0.0002093802,0.0004055972,0.0004051864,0.0000000000,0.0002132651,0.0000000000,0.0000000000,0.0000000000,0.0000000000,0.0000000000,0.0005951200,0.0000000000,0.0000000000,0.0005947661,0.0004064215,0.0000000000,0.0001766160,0.0001915342,0.0000000000,0.0002560164,0.0000000000,0.0000000000,0.0000000000,0.0000000000,0.0002258356,0.0000000000,0.0000000000,0.0000000000,0.0002037490,0.0000000000,0.0002050441,0.0002092488,0.0000000000,0.0001672520,0.0003880481,0.0000000000,0.0000000000,0.0000000000,0.0000000000,0.0000000000,0.0001779993,0.0000000000
0.0000000000,0.0000000000,0.0000000000,0.0000000000,0.0000000000,0.0000000000,0.0000000000,0.0000000000,0.0000000000,0.0000000000,0.0000000000,0.0000000000,0.0000000000,0.0000000000,0.0000000000,0.0000000000,0.0000000000,0.0000000000,0.0000000000,0.0000000000,0.0000000000,0.0000000000,0.0000000000,0.0000000000,0.0000000000,0.0000000000,0.0000000000,0.0000000000,0.0000000000,0.0000000000,0.0000000000,0.0000000000,0.0000000000,0.0000000000,0.0000000000,0.0000000000,0.0000000000,0.0000000000,0.0000000000,0.0000000000,0.0000000000,0.0000000000,0.0000000000,0.0000000000,0.0000000000,0.0000000000,0.0000000000,0.0000000000,0.0000000000,0.0000000000,0.0000000000,0.0000000000,0.0000000000,0.0000000000,0.0000000000,1.0000000000,0.0457879529,0.0049537649,0.0187713311,0.0097702189,0.0057224607,0.0044169611,0.0019407198,0.0016728625,0.0005362889,0.0005907838,0.0003729952,0.0003817522,0.0000000000,0.0000000000,0.0001959248,0.0001964251,0.0001965409,0.0001933114,0.0000000000,0.0001950078,0.0001983733,0.0000000000,0.0000000000,0.0001950078,0.0005873140,0.0001885725,0.0003850597,0.0000000000,0.0000000000,0.0002038320,0.0001940994,0.0000000000,0.0001765537,0.0005635920,0.0001267588,0.0001977066,0.0000000000,0.0000000000,0.0000000000,0.0003711952,0.0000000000,0.0004060089,0.0001968892,0.0000000000,0.0002126302,0.0000000000,0.0000000000,0.0000000000,0.0001920492,0.0000000000,0.0000000000,0.0001893581,0.0001921968,0.0000000000,0.0001761494,0.0002086376,0.0003705762,0.0000000000,0.0000000000,0.0000000000,0.0001874414,0.0003679853,0.0001996008,0.0001935734,0.0001933862,0.0001942879,0.0004063389,0.0003996004,0.0002000800,0.0000000000,0.0001890002,0.0001761494,0.0003790751,0.0001977848,0.0001942879,0.0001893939,0.0001939488,0.0000000000,0.0001696065,0.0000000000,0.0002048760,0.0002415459,0.0004013646,0.0001931621,0.0004550626,0.0000000000,0.0000000000,0.0000000000,0.0003700962,0.0001983340,0.0001944769,0.0000000000,0.0001956564,0.0001994813,0.0000000000,0.0000000000,0.0000000000,0.0000000000,0.0000000000,0.0000000000,0.0001849454,0.0001916810,0.0001708817,0.0000000000
0.0000000000,0.0000000000,0.0000000000,0.0000000000,0.0000000000,0.0000000000,0.0000000000,0.0000000000,0.0000000000,0.0000000000,0.0000000000,0.0000000000,0.0000000000,0.0000000000,0.0000000000,0.0000000000,0.0000000000,0.0000000000,0.0000000000,0.0000000000,0.0000000000,0.0000000000,0.0000000000,0.0000000000,0.0000000000,0.0000000000,0.0000000000,0.0000000000,0.0000000000,0.0000000000,0.0000000000,0.0000000000,0.0000000000,0.0000000000,0.0000000000,0.0000000000,0.0000000000,0.0000000000,0.0000000000,0.0000000000,0.0000000000,0.0000000000,0.0000000000,0.0000000000,0.0000000000,0.0000000000,0.0000000000,0.0000000000,0.0000000000,0.0000000000,0.0000000000,0.0000000000,0.0000000000,0.0000000000,0.0000000000,0.0000000000,1.0000000000,0.0092728160,0.0264650284,0.0165526374,0.0091165618,0.0072711719,0.0025575448,0.0015883821,0.0008661758,0.0000000000,0.0004558924,0.0007037298,0.0004907975,0.0000000000,0.0000000000,0.0002429543,0.0002431315,0.0000000000,0.0000000000,0.0002407898,0.0002459420,0.0007117438,0.0004690432,0.0000000000,0.0000000000,0.0000000000,0.0002369668,0.0000000000,0.0000000000,0.0002543882,0.0000000000,0.0002386635,0.0002132651,0.0000000000,0.0002893100,0.0002449180,0.0000000000,0.0000000000,0.0005496015,0.0002265519,0.0000000000,0.0000000000,0.0000000000,0.0000000000,0.0002682403,0.0000000000,0.0000000000,0.0000000000,0.0000000000,0.0000000000,0.0000000000,0.0009295840,0.0000000000,0.0002311070,0.0002126755,0.0000000000,0.0000000000,0.0004556847,0.0000000000,0.0002200704,0.0000000000,0.0002241650,0.0002478315,0.0000000000,0.0002383222,0.0000000000,0.0000000000,0.0000000000,0.0000000000,0.0000000000,0.0004634994,0.0002126755,0.0002324500,0.0000000000,0.0002396932,0.0002322880,0.0004784689,0.0000000000,0.0002032107,0.0006699419,0.0000000000,0.0000000000,0.0000000000,0.0004760771,0.0000000000,0.0000000000,0.0000000000,0.0000000000,0.0000000000,0.0000000000,0.0000000000,0.0000000000,0.0000000000,0.0002476474,0.0000000000,0.0000000000,0.0000000000,0.0000000000,0.0002457002,0.0000000000,0.0002256318,0.0002357379,0.0000000000,0.0000000000
0.0000000000,0.0000000000,0.0000000000,0.0000000000,0.0000000000,0.0000000000,0.0000000000,0.0000000000,0.0000000000,0.0000000000,0.0000000000,0.0000000000,0.0000000000,0.0000000000,0.0000000000,0.0000000000,0.0000000000,0.0000000000,0.0000000000,0.0000000000,0.0000000000,0.0000000000,0.0000000000,0.0000000000,0.0000000000,0.0000000000,0.0000000000,0.0000000000,0.0000000000,0.0000000000,0.0000000000,0.0000000000,0.0000000000,0.0000000000,0.0000000000,0.0000000000,0.0000000000,0.0000000000,0.0000000000,0.0000000000,0.0000000000,0.0000000000,0.0000000000,0.0000000000,0.0000000000,0.0000000000,0.0000000000,0.0000000000,0.0000000000,0.0000000000,0.0000000000,0.0000000000,0.0000000000,0.0000000000,0.0000000000,0.0000000000,0.0000000000,1.0000000000,0.0127840909,0.0037504262,0.0023489933,0.0023018744,0.0009871668,0.0003635042,0.0000000000,0.0000000000,0.0000000000,0.0000000000,0.0000000000,0.0000000000,0.0000000000,0.0000000000,0.0000000000,0.0000000000,0.0000000000,0.0000000000,0.0000000000,0.0000000000,0.0000000000,0.0000000000,0.0000000000,0.0000000000,0.0000000000,0.0000000000,0.0000000000,0.0000000000,0.0000000000,0.0000000000,0.0000000000,0.0000000000,0.0000000000,0.0000000000,0.0000000000,0.0000000000,0.0000000000,0.0000000000,0.0000000000,0.0000000000,0.0000000000,0.0000000000,0.0000000000,0.0000000000,0.0000000000,0.0000000000,0.0000000000,0.0000000000,0.0000000000,0.0000000000,0.0003897116,0.0003752345,0.0000000000,0.0000000000,0.0003621876,0.0000000000,0.0000000000,0.0000000000,0.0000000000,0.0000000000,0.0000000000,0.0000000000,0.0000000000,0.0000000000,0.0000000000,0.0000000000,0.0000000000,0.0000000000,0.0000000000,0.0003289474,0.0003787879,0.0000000000,0.0000000000,0.0000000000,0.0000000000,0.0000000000,0.0000000000,0.0000000000,0.0000000000,0.0000000000,0.0000000000,0.0000000000,0.0000000000,0.0000000000,0.0000000000,0.0000000000,0.0000000000,0.0000000000,0.0000000000,0.0000000000,0.0000000000,0.0000000000,0.0000000000,0.0002796421,0.0000000000,0.0000000000,0.0000000000,0.0000000000,0.0003610108,0.0000000000,0.0003110420,0.0000000000
0.0000000000,0.0000000000,0.0000000000,0.0000000000,0.0000000000,0.0000000000,0.0000000000,0.0000000000,0.0000000000,0.0000000000,0.0000000000,0.0000000000,0.0000000000,0.0000000000,0.0000000000,0.0000000000,0.0000000000,0.0000000000,0.0000000000,0.0000000000,0.0000000000,0.0000000000,0.0000000000,0.0000000000,0.0000000000,0.0000000000,0.0000000000,0.0000000000,0.0000000000,0.0000000000,0.0000000000,0.0000000000,0.0000000000,0.0000000000,0.0000000000,0.0000000000,0.0000000000,0.0000000000,0.0000000000,0.0000000000,0.0000000000,0.0000000000,0.0000000000,0.0000000000,0.0000000000,0.0000000000,0.0000000000,0.0000000000,0.0000000000,0.0000000000,0.0000000000,0.0000000000,0.0000000000,0.0000000000,0.0000000000,0.0000000000,0.0000000000,0.0000000000,1.0000000000,0.0493605564,0.0220874838,0.0118518519,0.0071714828,0.0042543663,0.0021353833,0.0007187350,0.0004486317,0.0004613610,0.0002411382,0.0004409171,0.0000000000,0.0000000000,0.0000000000,0.0000000000,0.0002274278,0.0000000000,0.0004835590,0.0000000000,0.0000000000,0.0000000000,0.0000000000,0.0000000000,0.0000000000,0.0002271179,0.0004604052,0.0000000000,0.0000000000,0.0000000000,0.0000000000,0.0000000000,0.0004296148,0.0002407318,0.0000000000,0.0002460630,0.0002694691,0.0000000000,0.0000000000,0.0000000000,0.0000000000,0.0001754694,0.0000000000,0.0002308403,0.0000000000,0.0002405581,0.0002323960,0.0000000000,0.0007159905,0.0004570384,0.0000000000,0.0004548556,0.0002095118,0.0000000000,0.0000000000,0.0002241650,0.0002183406,0.0000000000,0.0000000000,0.0002206531,0.0000000000,0.0000000000,0.0002343567,0.0002356823,0.0000000000,0.0004876859,0.0000000000,0.0000000000,0.0004559964,0.0000000000,0.0002286760,0.0000000000,0.0002356823,0.0002285192,0.0002351834,0.0002371354,0.0002003205,0.0000000000,0.0000000000,0.0000000000,0.0000000000,0.0000000000,0.0002863688,0.0000000000,0.0000000000,0.0000000000,0.0002221729,0.0002416626,0.0000000000,0.0000000000,0.0000000000,0.0000000000,0.0000000000,0.0000000000,0.0000000000,0.0002234138,0.0002414876,0.0002111041,0.0002220742,0.0002318572,0.0000000000,0.0000000000
0.0000000000,0.0000000000,0.0000000000,0.0000000000,0.0000000000,0.0000000000,0.0000000000,0.0000000000,0.0000000000,0.0000000000,0.0000000000,0.0000000000,0.0000000000,0.0000000000,0.0000000000,0.0000000000,0.0000000000,0.0000000000,0.0000000000,0.0000000000,0.0000000000,0.0000000000,0.0000000000,0.0000000000,0.0000000000,0.0000000000,0.0000000000,0.0000000000,0.0000000000,0.0000000000,0.0000000000,0.0000000000,0.0000000000,0.0000000000,0.0000000000,0.0000000000,0.0000000000,0.0000000000,0.0000000000,0.0000000000,0.0000000000,0.0000000000,0.0000000000,0.0000000000,0.0000000000,0.0000000000,0.0000000000,0.0000000000,0.0000000000,0.0000000000,0.0000000000,0.0000000000,0.0000000000,0.0000000000,0.0000000000,0.0000000000,0.0000000000,0.0000000000,0.0000000000,1.0000000000,0.0497814934,0.0225151016,0.0141766630,0.0058946568,0.0032846715,0.0016083635,0.0007603117,0.0001945147,0.0000000000,0.0001871958,0.0000000000,0.0000000000,0.0002004410,0.0003942440,0.0001922338,0.0007958615,0.0002023472,0.0001963479,0.0001945147,0.0000000000,0.0000000000,0.0000000000,0.0001962323,0.0000000000,0.0000000000,0.0002080300,0.0001979022,0.0005924171,0.0000000000,0.0003827751,0.0002567724,0.0002016536,0.0003889537,0.0004108463,0.0000000000,0.0001890359,0.0002014910,0.0000000000,0.0002008032,0.0000000000,0.0002172024,0.0000000000,0.0000000000,0.0002015316,0.0003916193,0.0000000000,0.0000000000,0.0001929757,0.0001959248,0.0005768122,0.0001792757,0.0002130379,0.0001887149,0.0000000000,0.0001857010,0.0000000000,0.0000000000,0.0001873712,0.0000000000,0.0000000000,0.0001971609,0.0005945303,0.0000000000,0.0004076641,0.0004083299,0.0000000000,0.0000000000,0.0000000000,0.0001931248,0.0002017349,0.0000000000,0.0003861004,0.0003955696,0.0000000000,0.0001725030,0.0003734827,0.0002091175,0.0000000000,0.0002047083,0.0000000000,0.0002327205,0.0000000000,0.0000000000,0.0000000000,0.0001884659,0.0000000000,0.0000000000,0.0005957109,0.0001995211,0.0002035002,0.0003984858,0.0004908377,0.0001890359,0.0001893581,0.0002021836,0.0001804403,0.0005653977,0.0001953888,0.0000000000,0.0000000000
0.0000000000,0.0000000000,0.0000000000,0.0000000000,0.0000000000,0.0000000000,0.0000000000,0.0000000000,0.0000000000,0.0000000000,0.0000000000,0.0000000000,0.0000000000,0.0000000000,0.0000000000,0.0000000000,0.0000000000,0.0000000000,0.0000000000,0.0000000000,0.0000000000,0.0000000000,0.0000000000,0.0000000000,0.0000000000,0.0000000000,0.0000000000,0.0000000000,0.0000000000,0.0000000000,0.0000000000,0.0000000000,0.0000000000,0.0000000000,0.0000000000,0.0000000000,0.0000000000,0.0000000000,0.0000000000,0.0000000000,0.0000000000,0.0000000000,0.0000000000,0.0000000000,0.0000000000,0.0000000000,0.0000000000,0.0000000000,0.0000000000,0.0000000000,0.0000000000,0.0000000000,0.0000000000,0.0000000000,0.0000000000,0.0000000000,0.0000000000,0.0000000000,0.0000000000,0.0000000000,1.0000000000,0.0519529060,0.0245991254,0.0094643195,0.0063567018,0.0039960040,0.0022658610,0.0005789271,0.0004004806,0.0003714710,0.0005945303,0.0003972984,0.0000000000,0.0000000000,0.0001906578,0.0001971609,0.0004012841,0.0001947040,0.0003858769,0.0001971609,0.0000000000,0.0000000000,0.0000000000,0.0000000000,0.0000000000,0.0000000000,0.0000000000,0.0000000000,0.0005351409,0.0005695842,0.0002553626,0.0001999200,0.0001928268,0.0002035831,0.0002193463,0.0001875117,0.0003996004,0.0000000000,0.0001990842,0.0001527417,0.0002151926,0.0000000000,0.0002021019,0.0000000000,0.0001941371,0.0002285714,0.0000000000,0.0003828484,0.0000000000,0.0001906214,0.0000000000,0.0000000000,0.0003744617,0.0000000000,0.0000000000,0.0001830496,0.0005685048,0.0003718163,0.0002018571,0.0001956947,0.0001955034,0.0001964251,0.0000000000,0.0000000000,0.0000000000,0.0000000000,0.0000000000,0.0000000000,0.0003831418,0.0002000000,0.0000000000,0.0001914242,0.0001960784,0.0001974334,0.0000000000,0.0001852195,0.0000000000,0.0000000000,0.0002029221,0.0003906250,0.0000000000,0.0000000000,0.0004343105,0.0003920800,0.0001869508,0.0000000000,0.0000000000,0.0003937008,0.0000000000,0.0000000000,0.0003951008,0.0006499838,0.0000000000,0.0003757280,0.0000000000,0.0001790510,0.0000000000,0.0000000000,0.0000000000,0.0000000000
0.0000000000,0.0000000000,0.0000000000,0.0000000000,0.0000000000,0.0000000000,0.0000000000,0.0000000000,0.0000000000,0.0000000000,0.0000000000,0.0000000000,0.0000000000,0.0000000000,0.0000000000,0.0000000000,0.0000000000,0.0000000000,0.0000000000,0.0000000000,0.0000000000,0.0000000000,0.0000000000,0.0000000000,0.0000000000,0.0000000000,0.0000000000,0.0000000000,0.0000000000,0.0000000000,0.0000000000,0.0000000000,0.0000000000,0.0000000000,0.0000000000,0.0000000000,0.0000000000,0.0000000000,0.0000000000,0.0000000000,0.0000000000,0.0000000000,0.0000000000,0.0000000000,0.0000000000,0.0000000000,0.0000000000,0.0000000000,0.0000000000,0.0000000000,0.0000000000,0.0000000000,0.0000000000,0.0000000000,0.0000000000,0.0000000000,0.0000000000,0.0000000000,0.0000000000,0.0000000000,0.0000000000,1.0000000000,0.0525925926,0.0179279109,0.0119219653,0.0061325420,0.0022400597,0.0015273005,0.0003956479,0.0007348888,0.0005874290,0.0000000000,0.0000000000,0.0001931248,0.0000000000,0.0001948178,0.0003964321,0.0001924187,0.0003813883,0.0001948178,0.0000000000,0.0001883949,0.0000000000,0.0001882530,0.0001903312,0.0000000000,0.0000000000,0.0001934236,0.0001763980,0.0007508917,0.0001266785,0.0001975114,0.0005719733,0.0002010859,0.0002164502,0.0003708511,0.0000000000,0.0000000000,0.0000000000,0.0001513317,0.0000000000,0.0001908033,0.0005991612,0.0001973944,0.0003838035,0.0000000000,0.0000000000,0.0000000000,0.0000000000,0.0001884304,0.0001759944,0.0000000000,0.0001850824,0.0000000000,0.0000000000,0.0000000000,0.0001872659,0.0001837897,0.0005984440,0.0005803831,0.0001931994,0.0001940994,0.0000000000,0.0000000000,0.0000000000,0.0001930875,0.0000000000,0.0001759944,0.0001893222,0.0001975894,0.0000000000,0.0003785011,0.0003875969,0.0001950839,0.0001694628,0.0000000000,0.0002046664,0.0000000000,0.0004009623,0.0001929757,0.0004545455,0.0000000000,0.0002142704,0.0003874467,0.0003697541,0.0001981375,0.0003886514,0.0001944769,0.0000000000,0.0000000000,0.0000000000,0.0003216986,0.0000000000,0.0001857010,0.0000000000,0.0001771165,0.0000000000,0.0000000000,0.0001707359,0.0000000000
0.0000000000,0.0000000000,0.0000000000,0.0000000000,0.0000000000,0.0000000000,0.0000000000,0.0000000000,0.0000000000,0.0000000000,0.0000000000,0.0000000000,0.0000000000,0.0000000000,0.0000000000,0.0000000000,0.0000000000,0.0000000000,0.0000000000,0.0000000000,0.0000000000,0.0000000000,0.0000000000,0.0000000000,0.0000000000,0.0000000000,0.0000000000,0.0000000000,0.0000000000,0.0000000000,0.0000000000,0.0000000000,0.0000000000,0.0000000000,0.0000000000,0.0000000000,0.0000000000,0.0000000000,0.0000000000,0.0000000000,0.0000000000,0.0000000000,0.0000000000,0.0000000000,0.0000000000,0.0000000000,0.0000000000,0.0000000000,0.0000000000,0.0000000000,0.0000000000,0.0000000000,0.0000000000,0.0000000000,0.0000000000,0.0000000000,0.0000000000,0.0000000000,0.0000000000,0.0000000000,0.0000000000,0.0000000000,1.0000000000,0.0478413069,0.0211678832,0.0113478001,0.0077038707,0.0021036527,0.0017850060,0.0014724830,0.0011769321,0.0003930045,0.0001965795,0.0009674923,0.0005662514,0.0000000000,0.0000000000,0.0000000000,0.0000000000,0.0001950458,0.0000000000,0.0000000000,0.0000000000,0.0001884659,0.0003811702,0.0000000000,0.0000000000,0.0001936483,0.0001765848,0.0000000000,0.0001267748,0.0001977457,0.0000000000,0.0000000000,0.0002167317,0.0000000000,0.0001975894,0.0000000000,0.0000000000,0.0001514693,0.0002126755,0.0001910220,0.0001998801,0.0000000000,0.0000000000,0.0000000000,0.0001962709,0.0000000000,0.0001922338,0.0003773585,0.0001761804,0.0000000000,0.0001852881,0.0000000000,0.0000000000,0.0001812251,0.0001874766,0.0005521811,0.0001996406,0.0005810575,0.0001934236,0.0001943257,0.0000000000,0.0000000000,0.0000000000,0.0003866976,0.0000000000,0.0000000000,0.0000000000,0.0000000000,0.0001943257,0.0005685048,0.0001939864,0.0000000000,0.0003393281,0.0000000000,0.0004099201,0.0000000000,0.0004014452,0.0001931994,0.0002275313,0.0000000000,0.0002145462,0.0000000000,0.0000000000,0.0000000000,0.0000000000,0.0000000000,0.0000000000,0.0003991219,0.0003908540,0.0000000000,0.0000000000,0.0000000000,0.0000000000,0.0001773050,0.0000000000,0.0000000000,0.0000000000,0.0000000000
0.0000000000,0.0000000000,0.0000000000,0.0000000000,0.0000000000,0.0000000000,0.0000000000,0.0000000000,0.0000000000,0.0000000000,0.0000000000,0.0000000000,0.0000000000,0.0000000000,0.0000000000,0.0000000000,0.0000000000,0.0000000000,0.0000000000,0.0000000000,0.0000000000,0.0000000000,0.0000000000,0.0000000000,0.0000000000,0.0000000000,0.0000000000,0.0000000000,0.0000000000,0.0000000000,0.0000000000,0.0000000000,0.0000000000,0.0000000000,0.0000000000,0.0000000000,0.0000000000,0.0000000000,0.0000000000,0.0000000000,0.0000000000,0.0000000000,0.0000000000,0.0000000000,0.0000000000,0.0000000000,0.0000000000,0.0000000000,0.0000000000,0.0000000000,0.0000000000,0.0000000000,0.0000000000,0.0000000000,0.0000000000,0.0000000000,0.0000000000,0.0000000000,0.0000000000,0.0000000000,0.0000000000,0.0000000000,0.0000000000,1.0000000000,0.0461356467,0.0187154402,0.0109605420,0.0058931112,0.0031605563,0.0019451469,0.0008316008,0.0004167535,0.0008343763,0.0002048341,0.0000000000,0.0000000000,0.0002105263,0.0000000000,0.0002020610,0.0004135649,0.0000000000,0.0000000000,0.0002039152,0.0001993620,0.0000000000,0.0000000000,0.0002057190,0.0004104248,0.0000000000,0.0000000000,0.0003949447,0.0000000000,0.0004040404,0.0000000000,0.0002312673,0.0001961554,0.0004192872,0.0000000000,0.0000000000,0.0004754358,0.0002266546,0.0002022245,0.0002121791,0.0002096436,0.0000000000,0.0000000000,0.0000000000,0.0000000000,0.0000000000,0.0000000000,0.0001856665,0.0000000000,0.0000000000,0.0001970832,0.0000000000,0.0001912777,0.0000000000,0.0000000000,0.0000000000,0.0002051282,0.0002049180,0.0000000000,0.0002158895,0.0002120891,0.0000000000,0.0002047921,0.0000000000,0.0000000000,0.0000000000,0.0000000000,0.0000000000,0.0004009623,0.0004111842,0.0002070393,0.0001784121,0.0000000000,0.0004358248,0.0000000000,0.0000000000,0.0002046664,0.0000000000,0.0000000000,0.0002287806,0.0000000000,0.0000000000,0.0000000000,0.0002061431,0.0004127967,0.0002074689,0.0000000000,0.0002071251,0.0000000000,0.0003923877,0.0000000000,0.0000000000,0.0000000000,0.0000000000,0.0000000000,0.0000000000,0.0000000000
0.0000000000,0.0000000000,0.0000000000,0.0000000000,0.0000000000,0.0000000000,0.0000000000,0.0000000000,0.0000000000,0.0000000000,0.0000000000,0.0000000000,0.0000000000,0.0000000000,0.0000000000,0.0000000000,0.0000000000,0.0000000000,0.0000000000,0.0000000000,0.0000000000,0.0000000000,0.0000000000,0.0000000000,0.0000000000,0.0000000000,0.0000000000,0.0000000000,0.0000000000,0.0000000000,0.0000000000,0.0000000000,0.0000000000,0.0000000000,0.0000000000,0.0000000000,0.0000000000,0.0000000000,0.0000000000,0.0000000000,0.0000000000,0.0000000000,0.0000000000,0.0000000000,0.0000000000,0.0000000000,0.0000000000,0.0000000000,0.0000000000,0.0000000000,0.0000000000,0.0000000000,0.0000000000,0.0000000000,0.0000000000,0.0000000000,0.0000000000,0.0000000000,0.0000000000,0.0000000000,0.0000000000,0.0000000000,0.0000000000,0.0000000000,1.0000000000,0.0434237996,0.0216676340,0.0109760878,0.0068895643,0.0043103448,0.0021951706,0.0013994402,0.0005996402,0.0011799410,0.0003833621,0.0000000000,0.0000000000,0.0000000000,0.0000000000,0.0000000000,0.0000000000,0.0000000000,0.0000000000,0.0000000000,0.0001935734,0.0000000000,0.0003946330,0.0003936233,0.0001791794,0.0001907669,0.0005126233,0.0000000000,0.0000000000,0.0000000000,0.0004414037,0.0000000000,0.0002008435,0.0004129672,0.0002001601,0.0000000000,0.0004329942,0.0000000000,0.0000000000,0.0000000000,0.0000000000,0.0000000000,0.0001994813,0.0000000000,0.0001953125,0.0001916076,0.0001787630,0.0002123142,0.0001881468,0.0000000000,0.0001851509,0.0003679853,0.0001904037,0.0000000000,0.0004060089,0.0000000000,0.0000000000,0.0001974724,0.0002066116,0.0002031282,0.0004070004,0.0001964251,0.0001920123,0.0000000000,0.0001925298,0.0000000000,0.0000000000,0.0003849115,0.0003943218,0.0001984915,0.0000000000,0.0000000000,0.0002084202,0.0000000000,0.0004081633,0.0001963094,0.0000000000,0.0000000000,0.0000000000,0.0000000000,0.0000000000,0.0000000000,0.0000000000,0.0000000000,0.0001988862,0.0004057618,0.0001985703,0.0000000000,0.0000000000,0.0005665722,0.0002015316,0.0001799208,0.0003757280,0.0000000000,0.0003467406,0.0000000000
0.0000000000,0.0000000000,0.0000000000,0.0000000000,0.0000000000,0.0000000000,0.0000000000,0.0000000000,0.0000000000,0.0000000000,0.0000000000,0.0000000000,0.0000000000,0.0000000000,0.0000000000,0.0000000000,0.0000000000,0.0000000000,0.0000000000,0.0000000000,0.0000000000,0.0000000000,0.0000000000,0.0000000000,0.0000000000,0.0000000000,0.0000000000,0.0000000000,0.0000000000,0.0000000000,0.0000000000,0.0000000000,0.0000000000,0.0000000000,0.0000000000,0.0000000000,0.0000000000,0.0000000000,0.0000000000,0.0000000000,0.0000000000,0.0000000000,0.0000000000,0.0000000000,0.0000000000,0.0000000000,0.0000000000,0.0000000000,0.0000000000,0.0000000000,0.0000000000,0.0000000000,0.0000000000,0.0000000000,0.0000000000,0.0000000000,0.0000000000,0.0000000000,0.0000000000,0.0000000000,0.0000000000,0.0000000000,0.0000000000,0.0000000000,0.0000000000,1.0000000000,0.0415300546,0.0177592633,0.0090641287,0.0072795341,0.0037870350,0.0011140820,0.0008916630,0.0008750820,0.0002126755,0.0000000000,0.0000000000,0.0002177226,0.0000000000,0.0000000000,0.0000000000,0.0000000000,0.0004352557,0.0000000000,0.0000000000,0.0000000000,0.0000000000,0.0002190101,0.0001974334,0.0002115954,0.0006862476,0.0000000000,0.0002153780,0.0000000000,0.0002490040,0.0000000000,0.0000000000,0.0000000000,0.0004465282,0.0001665556,0.0000000000,0.0000000000,0.0004541326,0.0006726457,0.0002170139,0.0000000000,0.0004448399,0.0000000000,0.0004344992,0.0000000000,0.0000000000,0.0002384359,0.0002083767,0.0000000000,0.0002047083,0.0000000000,0.0006337136,0.0002067397,0.0000000000,0.0002189621,0.0000000000,0.0000000000,0.0002312673,0.0002269117,0.0002273244,0.0000000000,0.0002131287,0.0001969279,0.0000000000,0.0002243662,0.0000000000,0.0002136296,0.0000000000,0.0002211411,0.0000000000,0.0002059308,0.0004671806,0.0000000000,0.0000000000,0.0000000000,0.0000000000,0.0000000000,0.0004923683,0.0000000000,0.0000000000,0.0000000000,0.0004403347,0.0004408199,0.0002216312,0.0000000000,0.0000000000,0.0000000000,0.0000000000,0.0002091613,0.0000000000,0.0000000000,0.0006242197,0.0004331817,0.0000000000,0.0000000000
0.0000000000,0.0000000000,0.0000000000,0.0000000000,0.0000000000,0.0000000000,0.0000000000,0.0000000000,0.0000000000,0.0000000000,0.0000000000,0.0000000000,0.0000000000,0.0000000000,0.0000000000,0.0000000000,0.0000000000,0.0000000000,0.0000000000,0.0000000000,0.0000000000,0.0000000000,0.0000000000,0.0000000000,0.0000000000,0.0000000000,0.0000000000,0.0000000000,0.0000000000,0.0000000000,0.0000000000,0.0000000000,0.0000000000,0.0000000000,0.0000000000,0.0000000000,0.0000000000,0.0000000000,0.0000000000,0.0000000000,0.0000000000,0.0000000000,0.0000000000,0.0000000000,0.0000000000,0.0000000000,0.0000000000,0.0000000000,0.0000000000,0.0000000000,0.0000000000,0.0000000000,0.0000000000,0.0000000000,0.0000000000,0.0000000000,0.0000000000,0.0000000000,0.0000000000,0.0000000000,0.0000000000,0.0000000000,0.0000000000,0.0000000000,0.0000000000,0.0000000000,1.0000000000,0.0418870319,0.0204697264,0.0126432240,0.0077861953,0.0031505986,0.0027310924,0.0010302905,0.0010038145,0.0006237006,0.0004233700,0.0002050861,0.0000000000,0.0000000000,0.0002085941,0.0000000000,0.0004100041,0.0000000000,0.0000000000,0.0000000000,0.0002067825,0.0002062281,0.0001869858,0.0001996406,0.0003962488,0.0002108815,0.0002030045,0.0002149613,0.0000000000,0.0003943218,0.0004214963,0.0002168727,0.0002099517,0.0004773270,0.0002279462,0.0000000000,0.0000000000,0.0002107482,0.0002044572,0.0000000000,0.0010469012,0.0002014099,0.0004093328,0.0002005616,0.0003731343,0.0000000000,0.0001967729,0.0000000000,0.0000000000,0.0001921968,0.0001992429,0.0001953125,0.0002130379,0.0000000000,0.0004120313,0.0002069965,0.0004342162,0.0002132196,0.0000000000,0.0000000000,0.0006032576,0.0000000000,0.0002015723,0.0000000000,0.0000000000,0.0002014504,0.0000000000,0.0000000000,0.0001792115,0.0001945904,0.0004382121,0.0005231494,0.0000000000,0.0002057190,0.0004903163,0.0000000000,0.0002300966,0.0000000000,0.0000000000,0.0002115954,0.0000000000,0.0002074258,0.0000000000,0.0000000000,0.0000000000,0.0001695778,0.0003943218,0.0001974724,0.0000000000,0.0001877934,0.0005895068,0.0000000000,0.0001806358,0.0000000000
0.0000000000,0.0000000000,0.0000000000,0.0000000000,0.0000000000,0.0000000000,0.0000000000,0.0000000000,0.0000000000,0.0000000000,0.0000000000,0.0000000000,0.0000000000,0.0000000000,0.0000000000,0.0000000000,0.0000000000,0.0000000000,0.0000000000,0.0000000000,0.0000000000,0.0000000000,0.0000000000,0.0000000000,0.0000000000,0.0000000000,0.0000000000,0.0000000000,0.0000000000,0.0000000000,0.0000000000,0.0000000000,0.0000000000,0.0000000000,0.0000000000,0.0000000000,0.0000000000,0.0000000000,0.0000000000,0.0000000000,0.0000000000,0.0000000000,0.0000000000,0.0000000000,0.0000000000,0.0000000000,0.0000000000,0.0000000000,0.0000000000,0.0000000000,0.0000000000,0.0000000000,0.0000000000,0.0000000000,0.0000000000,0.0000000000,0.0000000000,0.0000000000,0.0000000000,0.0000000000,0.0000000000,0.0000000000,0.0000000000,0.0000000000,0.0000000000,0.0000000000,0.0000000000,1.0000000000,0.0493630573,0.0256252563,0.0145683844,0.0062716263,0.0043196544,0.0033905488,0.0016477858,0.0014947683,0.0008697543,0.0004208754,0.0002082899,0.0004266212,0.0002140869,0.0002055921,0.0002102607,0.0000000000,0.0000000000,0.0000000000,0.0000000000,0.0000000000,0.0000000000,0.0004094166,0.0000000000,0.0002164971,0.0000000000,0.0000000000,0.0002394636,0.0000000000,0.0000000000,0.0000000000,0.0000000000,0.0004868549,0.0000000000,0.0002084636,0.0000000000,0.0000000000,0.0004195511,0.0000000000,0.0000000000,0.0000000000,0.0000000000,0.0000000000,0.0001909126,0.0000000000,0.0002016536,0.0006092608,0.0000000000,0.0000000000,0.0004085802,0.0002001201,0.0004376368,0.0002115507,0.0000000000,0.0002124044,0.0002230152,0.0000000000,0.0002193463,0.0002111932,0.0002061006,0.0001909126,0.0002066970,0.0002165909,0.0004248991,0.0002065689,0.0004240882,0.0000000000,0.0003665689,0.0000000000,0.0004503490,0.0000000000,0.0000000000,0.0002110595,0.0005055612,0.0000000000,0.0002367985,0.0002119093,0.0000000000,0.0000000000,0.0002126302,0.0002128565,0.0000000000,0.0000000000,0.0000000000,0.0000000000,0.0000000000,0.0002023882,0.0002171081,0.0000000000,0.0002012882,0.0000000000,0.0000000000,0.0000000000
0.0000000000,0.0000000000,0.0000000000,0.0000000000,0.0000000000,0.0000000000,0.0000000000,0.0000000000,0.0000000000,0.0000000000,0.0000000000,0.0000000000,0.0000000000,0.0000000000,0.0000000000,0.0000000000,0.0000000000,0.0000000000,0.0000000000,0.0000000000,0.0000000000,0.0000000000,0.0000000000,0.0000000000,0.0000000000,0.0000000000,0.0000000000,0.0000000000,0.0000000000,0.0000000000,0.0000000000,0.0000000000,0.0000000000,0.0000000000,0.0000000000,0.0000000000,0.0000000000,0.0000000000,0.0000000000,0.0000000000,0.0000000000,0.0000000000,0.0000000000,0.0000000000,0.0000000000,0.0000000000,0.0000000000,0.0000000000,0.0000000000,0.0000000000,0.0000000000,0.0000000000,0.0000000000,0.0000000000,0.0000000000,0.0000000000,0.0000000000,0.0000000000,0.0000000000,0.0000000000,0.0000000000,0.0000000000,0.0000000000,0.0000000000,0.0000000000,0.0000000000,0.0000000000,0.0000000000,1.0000000000,0.0499454744,0.0242507435,0.0117860381,0.0069977427,0.0048629531,0.0019292605,0.0017805475,0.0013611615,0.0013160781,0.0004337454,0.0006669631,0.0008930565,0.0006419859,0.0004380201,0.0002137209,0.0002164034,0.0000000000,0.0000000000,0.0002204100,0.0000000000,0.0004258944,0.0000000000,0.0002257336,0.0000000000,0.0000000000,0.0000000000,0.0000000000,0.0000000000,0.0004653327,0.0000000000,0.0001673640,0.0000000000,0.0000000000,0.0000000000,0.0000000000,0.0004368720,0.0000000000,0.0002238138,0.0000000000,0.0002185792,0.0000000000,0.0007927071,0.0000000000,0.0004193751,0.0000000000,0.0002059308,0.0004089980,0.0002124495,0.0002079867,0.0000000000,0.0006613757,0.0000000000,0.0000000000,0.0000000000,0.0002284148,0.0004577707,0.0002199736,0.0002144542,0.0001980590,0.0000000000,0.0000000000,0.0000000000,0.0000000000,0.0000000000,0.0000000000,0.0000000000,0.0000000000,0.0000000000,0.0000000000,0.0000000000,0.0000000000,0.0005309265,0.0000000000,0.0002478929,0.0002207506,0.0000000000,0.0000000000,0.0000000000,0.0004436557,0.0000000000,0.0002280502,0.0000000000,0.0001790510,0.0000000000,0.0002104377,0.0006795017,0.0003990423,0.0000000000,0.0002179124,0.0000000000,0.0000000000
0.0000000000,0.0000000000,0.0000000000,0.0000000000,0.0000000000,0.0000000000,0.0000000000,0.0000000000,0.0000000000,0.0000000000,0.0000000000,0.0000000000,0.0000000000,0.0000000000,0.0000000000,0.0000000000,0.0000000000,0.0000000000,0.0000000000,0.0000000000,0.0000000000,0.0000000000,0.0000000000,0.0000000000,0.0000000000,0.0000000000,0.0000000000,0.0000000000,0.0000000000,0.0000000000,0.0000000000,0.0000000000,0.0000000000,0.0000000000,0.0000000000,0.0000000000,0.0000000000,0.0000000000,0.0000000000,0.0000000000,0.0000000000,0.0000000000,0.0000000000,0.0000000000,0.0000000000,0.0000000000,0.0000000000,0.0000000000,0.0000000000,0.0000000000,0.0000000000,0.0000000000,0.0000000000,0.0000000000,0.0000000000,0.0000000000,0.0000000000,0.0000000000,0.0000000000,0.0000000000,0.0000000000,0.0000000000,0.0000000000,0.0000000000,0.0000000000,0.0000000000,0.0000000000,0.0000000000,0.0000000000,1.0000000000,0.0559774355,0.0225405519,0.0133695425,0.0096134179,0.0057596822,0.0034878950,0.0027134210,0.0014147130,0.0010004002,0.0006137480,0.0012327923,0.0009879470,0.0002017349,0.0000000000,0.0000000000,0.0002142245,0.0000000000,0.0000000000,0.0005530973,0.0003932363,0.0002614379,0.0002074689,0.0000000000,0.0004229224,0.0000000000,0.0000000000,0.0000000000,0.0000000000,0.0000000000,0.0003142678,0.0000000000,0.0002000800,0.0000000000,0.0004147657,0.0000000000,0.0002384927,0.0000000000,0.0001982947,0.0000000000,0.0003950227,0.0001838573,0.0002195390,0.0000000000,0.0000000000,0.0001906214,0.0001893581,0.0000000000,0.0000000000,0.0002095557,0.0004059265,0.0000000000,0.0002037075,0.0002134472,0.0000000000,0.0002100840,0.0004052685,0.0000000000,0.0001838573,0.0001984521,0.0002075550,0.0000000000,0.0000000000,0.0000000000,0.0000000000,0.0001767409,0.0000000000,0.0000000000,0.0002562788,0.0000000000,0.0000000000,0.0000000000,0.0000000000,0.0002260398,0.0002032520,0.0001935359,0.0000000000,0.0002039152,0.0004083299,0.0000000000,0.0000000000,0.0000000000,0.0000000000,0.0001941371,0.0001944769,0.0000000000,0.0001850824,0.0001934610,0.0002008435,0.0000000000,0.0000000000
0.0000000000,0.0000000000,0.0000000000,0.0000000000,0.0000000000,0.0000000000,0.0000000000,0.0000000000,0.0000000000,0.0000000000,0.0000000000,0.0000000000,0.0000000000,0.0000000000,0.0000000000,0.0000000000,0.0000000000,0.0000000000,0.0000000000,0.0000000000,0.0000000000,0.0000000000,0.0000000000,0.0000000000,0.0000000000,0.0000000000,0.0000000000,0.0000000000,0.0000000000,0.0000000000,0.0000000000,0.0000000000,0.0000000000,0.0000000000,0.0000000000,0.0000000000,0.0000000000,0.0000000000,0.0000000000,0.0000000000,0.0000000000,0.0000000000,0.0000000000,0.0000000000,0.0000000000,0.0000000000,0.0000000000,0.0000000000,0.0000000000,0.0000000000,0.0000000000,0.0000000000,0.0000000000,0.0000000000,0.0000000000,0.0000000000,0.0000000000,0.0000000000,0.0000000000,0.0000000000,0.0000000000,0.0000000000,0.0000000000,0.0000000000,0.0000000000,0.0000000000,0.0000000000,0.0000000000,0.0000000000,0.0000000000,1.0000000000,0.0477847367,0.0201129944,0.0143361270,0.0078891258,0.0050761421,0.0042715827,0.0019527012,0.0010727312,0.0008791209,0.0017667845,0.0008465608,0.0002164502,0.0000000000,0.0002139495,0.0002308936,0.0000000000,0.0002178649,0.0000000000,0.0000000000,0.0004102845,0.0000000000,0.0002142704,0.0000000000,0.0000000000,0.0002077275,0.0002228661,0.0000000000,0.0000000000,0.0001658925,0.0000000000,0.0002145462,0.0000000000,0.0002229157,0.0002158895,0.0002593361,0.0002211900,0.0002124947,0.0000000000,0.0000000000,0.0001960016,0.0000000000,0.0000000000,0.0000000000,0.0000000000,0.0002022654,0.0002100840,0.0002057190,0.0000000000,0.0004357298,0.0000000000,0.0000000000,0.0004600874,0.0000000000,0.0002260909,0.0000000000,0.0004241782,0.0001960016,0.0002126755,0.0002231645,0.0000000000,0.0000000000,0.0004366812,0.0000000000,0.0001879346,0.0000000000,0.0002322341,0.0005611672,0.0000000000,0.0000000000,0.0000000000,0.0000000000,0.0000000000,0.0000000000,0.0002070393,0.0000000000,0.0004380201,0.0004385003,0.0000000000,0.0000000000,0.0000000000,0.0001773679,0.0002077275,0.0000000000,0.0002237136,0.0001973944,0.0004139930,0.0002154244,0.0000000000,0.0000000000
0.0000000000,0.0000000000,0.0000000000,0.0000000000,0.0000000000,0.0000000000,0.0000000000,0.0000000000,0.0000000000,0.0000000000,0.0000000000,0.0000000000,0.0000000000,0.0000000000,0.0000000000,0.0000000000,0.0000000000,0.0000000000,0.0000000000,0.0000000000,0.0000000000,0.0000000000,0.0000000000,0.0000000000,0.0000000000,0.0000000000,0.0000000000,0.0000000000,0.0000000000,0.0000000000,0.0000000000,0.0000000000,0.0000000000,0.0000000000,0.0000000000,0.0000000000,0.0000000000,0.0000000000,0.0000000000,0.0000000000,0.0000000000,0.0000000000,0.0000000000,0.0000000000,0.0000000000,0.0000000000,0.0000000000,0.0000000000,0.0000000000,0.0000000000,0.0000000000,0.0000000000,0.0000000000,0.0000000000,0.0000000000,0.0000000000,0.0000000000,0.0000000000,0.0000000000,0.0000000000,0.0000000000,0.0000000000,0.0000000000,0.0000000000,0.0000000000,0.0000000000,0.0000000000,0.0000000000,0.0000000000,0.0000000000,0.0000000000,1.0000000000,0.0402126184,0.0206988649,0.0094218415,0.0057585825,0.0031531532,0.0019582245,0.0021537799,0.0015438906,0.0013283153,0.0008488964,0.0006514658,0.0000000000,0.0002145462,0.0002315887,0.0000000000,0.0000000000,0.0003940887,0.0000000000,0.0006852131,0.0000000000,0.0002148689,0.0000000000,0.0000000000,0.0004166667,0.0000000000,0.0000000000,0.0000000000,0.0000000000,0.0002430134,0.0000000000,0.0000000000,0.0002235636,0.0000000000,0.0000000000,0.0002218279,0.0000000000,0.0002166847,0.0002121341,0.0000000000,0.0004757374,0.0000000000,0.0000000000,0.0000000000,0.0000000000,0.0004214075,0.0004126264,0.0000000000,0.0000000000,0.0000000000,0.0002193463,0.0004614675,0.0000000000,0.0004536176,0.0004362050,0.0000000000,0.0000000000,0.0000000000,0.0002238138,0.0000000000,0.0002131287,0.0000000000,0.0002206045,0.0003768607,0.0000000000,0.0000000000,0.0000000000,0.0000000000,0.0000000000,0.0000000000,0.0000000000,0.0002454590,0.0000000000,0.0000000000,0.0002245173,0.0000000000,0.0000000000,0.0000000000,0.0000000000,0.0000000000,0.0000000000,0.0000000000,0.0002086811,0.0000000000,0.0001979022,0.0000000000,0.0000000000,0.0000000000,0.0003808073
0.0000000000,0.0000000000,0.0000000000,0.0000000000,0.0000000000,0.0000000000,0.0000000000,0.0000000000,0.0000000000,0.0000000000,0.0000000000,0.0000000000,0.0000000000,0.0000000000,0.0000000000,0.0000000000,0.0000000000,0.0000000000,0.0000000000,0.0000000000,0.0000000000,0.0000000000,0.0000000000,0.0000000000,0.0000000000,0.0000000000,0.0000000000,0.0000000000,0.0000000000,0.0000000000,0.0000000000,0.0000000000,0.0000000000,0.0000000000,0.0000000000,0.0000000000,0.0000000000,0.0000000000,0.0000000000,0.0000000000,0.0000000000,0.0000000000,0.0000000000,0.0000000000,0.0000000000,0.0000000000,0.0000000000,0.0000000000,0.0000000000,0.0000000000,0.0000000000,0.0000000000,0.0000000000,0.0000000000,0.0000000000,0.0000000000,0.0000000000,0.0000000000,0.0000000000,0.0000000000,0.0000000000,0.0000000000,0.0000000000,0.0000000000,0.0000000000,0.0000000000,0.0000000000,0.0000000000,0.0000000000,0.0000000000,0.0000000000,0.0000000000,1.0000000000,0.0411176738,0.0239078461,0.0122685702,0.0056484410,0.0032701112,0.0021551724,0.0013239188,0.0015510747,0.0010620221,0.0006518905,0.0000000000,0.0002146844,0.0002317497,0.0002192502,0.0000000000,0.0000000000,0.0000000000,0.0002740852,0.0002238639,0.0000000000,0.0000000000,0.0000000000,0.0000000000,0.0000000000,0.0000000000,0.0002228164,0.0000000000,0.0000000000,0.0002152853,0.0000000000,0.0000000000,0.0002166378,0.0005209690,0.0000000000,0.0000000000,0.0004337454,0.0002122692,0.0001966182,0.0002379819,0.0000000000,0.0000000000,0.0006133715,0.0002029221,0.0000000000,0.0000000000,0.0000000000,0.0000000000,0.0004367766,0.0004390779,0.0002308403,0.0002265006,0.0002269117,0.0000000000,0.0000000000,0.0000000000,0.0000000000,0.0000000000,0.0002194908,0.0000000000,0.0000000000,0.0000000000,0.0003770739,0.0004112688,0.0002331002,0.0000000000,0.0002276349,0.0002180549,0.0000000000,0.0000000000,0.0000000000,0.0002189621,0.0000000000,0.0002246686,0.0000000000,0.0002199736,0.0002212389,0.0000000000,0.0000000000,0.0003558086,0.0000000000,0.0002088119,0.0000000000,0.0001980198,0.0000000000,0.0000000000,0.0000000000,0.0000000000
0.0000000000,0.0000000000,0.0000000000,0.0000000000,0.0000000000,0.0000000000,0.0000000000,0.0000000000,0.0000000000,0.0000000000,0.0000000000,0.0000000000,0.0000000000,0.0000000000,0.0000000000,0.0000000000,0.0000000000,0.0000000000,0.0000000000,0.0000000000,0.0000000000,0.0000000000,0.0000000000,0.0000000000,0.0000000000,0.0000000000,0.0000000000,0.0000000000,0.0000000000,0.0000000000,0.0000000000,0.0000000000,0.0000000000,0.0000000000,0.0000000000,0.0000000000,0.0000000000,0.0000000000,0.0000000000,0.0000000000,0.0000000000,0.0000000000,0.0000000000,0.0000000000,0.0000000000,0.0000000000,0.0000000000,0.0000000000,0.0000000000,0.0000000000,0.0000000000,0.0000000000,0.0000000000,0.0000000000,0.0000000000,0.0000000000,0.0000000000,0.0000000000,0.0000000000,0.0000000000,0.0000000000,0.0000000000,0.0000000000,0.0000000000,0.0000000000,0.0000000000,0.0000000000,0.0000000000,0.0000000000,0.0000000000,0.0000000000,0.0000000000,0.0000000000,1.0000000000,0.0506024096,0.0212060968,0.0113712375,0.0066580756,0.0040288380,0.0034729759,0.0021762786,0.0008343763,0.0002132651,0.0006251302,0.0000000000,0.0004546488,0.0000000000,0.0000000000,0.0000000000,0.0000000000,0.0005420054,0.0000000000,0.0002111486,0.0000000000,0.0000000000,0.0002047921,0.0004390779,0.0000000000,0.0000000000,0.0001640151,0.0000000000,0.0000000000,0.0000000000,0.0000000000,0.0000000000,0.0007647209,0.0000000000,0.0002094241,0.0000000000,0.0002085071,0.0000000000,0.0002332634,0.0002044154,0.0004116921,0.0002008839,0.0000000000,0.0000000000,0.0002028398,0.0000000000,0.0002145923,0.0002143623,0.0002154708,0.0006795017,0.0000000000,0.0002226180,0.0000000000,0.0002089864,0.0001933862,0.0000000000,0.0000000000,0.0000000000,0.0002094680,0.0000000000,0.0000000000,0.0001855288,0.0000000000,0.0000000000,0.0000000000,0.0000000000,0.0002140869,0.0000000000,0.0000000000,0.0000000000,0.0000000000,0.0000000000,0.0002204586,0.0000000000,0.0004319654,0.0000000000,0.0000000000,0.0000000000,0.0001752234,0.0002047921,0.0000000000,0.0002203128,0.0003895598,0.0004081633,0.0000000000,0.0001870557,0.0000000000
0.0000000000,0.0000000000,0.0000000000,0.0000000000,0.0000000000,0.0000000000,0.0000000000,0.0000000000,0.0000000000,0.0000000000,0.0000000000,0.0000000000,0.0000000000,0.0000000000,0.0000000000,0.0000000000,0.0000000000,0.0000000000,0.0000000000,0.0000000000,0.0000000000,0.0000000000,0.0000000000,0.0000000000,0.0000000000,0.0000000000,0.0000000000,0.0000000000,0.0000000000,0.0000000000,0.0000000000,0.0000000000,0.0000000000,0.0000000000,0.0000000000,0.0000000000,0.0000000000,0.0000000000,0.0000000000,0.0000000000,0.0000000000,0.0000000000,0.0000000000,0.0000000000,0.0000000000,0.0000000000,0.0000000000,0.0000000000,0.0000000000,0.0000000000,0.0000000000,0.0000000000,0.0000000000,0.0000000000,0.0000000000,0.0000000000,0.0000000000,0.0000000000,0.0000000000,0.0000000000,0.0000000000,0.0000000000,0.0000000000,0.0000000000,0.0000000000,0.0000000000,0.0000000000,0.0000000000,0.0000000000,0.0000000000,0.0000000000,0.0000000000,0.0000000000,0.0000000000,1.0000000000,0.0453245325,0.0210157618,0.0124053827,0.0064155629,0.0042274361,0.0033919864,0.0014230535,0.0010388531,0.0006088898,0.0002052967,0.0002208481,0.0002094680,0.0000000000,0.0000000000,0.0000000000,0.0002663116,0.0000000000,0.0004112688,0.0000000000,0.0000000000,0.0000000000,0.0004270767,0.0000000000,0.0000000000,0.0003213368,0.0002312139,0.0000000000,0.0002161695,0.0000000000,0.0002070822,0.0000000000,0.0000000000,0.0002039568,0.0002072539,0.0006095083,0.0001887149,0.0002265006,0.0005978477,0.0000000000,0.0000000000,0.0000000000,0.0000000000,0.0000000000,0.0000000000,0.0000000000,0.0004173623,0.0002096876,0.0002200220,0.0000000000,0.0002164502,0.0000000000,0.0002035416,0.0000000000,0.0000000000,0.0000000000,0.0000000000,0.0002039984,0.0000000000,0.0002108370,0.0000000000,0.0001969667,0.0000000000,0.0000000000,0.0002171081,0.0002083767,0.0002488800,0.0000000000,0.0002334267,0.0000000000,0.0007961783,0.0002144082,0.0004199034,0.0006306496,0.0000000000,0.0002157497,0.0000000000,0.0001713796,0.0000000000,0.0000000000,0.0002142704,0.0000000000,0.0001988467,0.0000000000,0.0001826818,0.0000000000
0.0000000000,0.0000000000,0.0000000000,0.0000000000,0.0000000000,0.0000000000,0.0000000000,0.0000000000,0.0000000000,0.0000000000,0.0000000000,0.0000000000,0.0000000000,0.0000000000,0.0000000000,0.0000000000,0.0000000000,0.0000000000,0.0000000000,0.0000000000,0.0000000000,0.0000000000,0.0000000000,0.0000000000,0.0000000000,0.0000000000,0.0000000000,0.0000000000,0.0000000000,0.0000000000,0.0000000000,0.0000000000,0.0000000000,0.0000000000,0.0000000000,0.0000000000,0.0000000000,0.0000000000,0.0000000000,0.0000000000,0.0000000000,0.0000000000,0.0000000000,0.0000000000,0.0000000000,0.0000000000,0.0000000000,0.0000000000,0.0000000000,0.0000000000,0.0000000000,0.0000000000,0.0000000000,0.0000000000,0.0000000000,0.0000000000,0.0000000000,0.0000000000,0.0000000000,0.0000000000,0.0000000000,0.0000000000,0.0000000000,0.0000000000,0.0000000000,0.0000000000,0.0000000000,0.0000000000,0.0000000000,0.0000000000,0.0000000000,0.0000000000,0.0000000000,0.0000000000,0.0000000000,1.0000000000,0.0480746791,0.0188762072,0.0090361446,0.0063750275,0.0041841004,0.0025311116,0.0010775862,0.0008415737,0.0006388416,0.0006891799,0.0004347826,0.0000000000,0.0000000000,0.0002094680,0.0004089422,0.0002218771,0.0000000000,0.0002263980,0.0000000000,0.0004134794,0.0006653360,0.0000000000,0.0000000000,0.0001652346,0.0000000000,0.0002134472,0.0000000000,0.0000000000,0.0002147766,0.0000000000,0.0000000000,0.0000000000,0.0002149613,0.0000000000,0.0000000000,0.0004715869,0.0002063132,0.0000000000,0.0000000000,0.0000000000,0.0000000000,0.0004095004,0.0000000000,0.0000000000,0.0002164502,0.0000000000,0.0004575612,0.0000000000,0.0006749156,0.0006492101,0.0002109705,0.0005854801,0.0002115954,0.0000000000,0.0000000000,0.0000000000,0.0000000000,0.0000000000,0.0001870907,0.0004079135,0.0000000000,0.0000000000,0.0000000000,0.0000000000,0.0002600780,0.0000000000,0.0004866180,0.0002170610,0.0004121162,0.0000000000,0.0000000000,0.0000000000,0.0000000000,0.0000000000,0.0000000000,0.0003532945,0.0000000000,0.0000000000,0.0000000000,0.0001964637,0.0000000000,0.0000000000,0.0000000000,0.0000000000
0.0000000000,0.0000000000,0.0000000000,0.0000000000,0.0000000000,0.0000000000,0.0000000000,0.0000000000,0.0000000000,0.0000000000,0.0000000000,0.0000000000,0.0000000000,0.0000000000,0.0000000000,0.0000000000,0.0000000000,0.0000000000,0.0000000000,0.0000000000,0.0000000000,0.0000000000,0.0000000000,0.0000000000,0.0000000000,0.0000000000,0.0000000000,0.0000000000,0.0000000000,0.0000000000,0.0000000000,0.0000000000,0.0000000000,0.0000000000,0.0000000000,0.0000000000,0.0000000000,0.0000000000,0.0000000000,0.0000000000,0.0000000000,0.0000000000,0.0000000000,0.0000000000,0.0000000000,0.0000000000,0.0000000000,0.0000000000,0.0000000000,0.0000000000,0.0000000000,0.0000000000,0.0000000000,0.0000000000,0.0000000000,0.0000000000,0.0000000000,0.0000000000,0.0000000000,0.0000000000,0.0000000000,0.0000000000,0.0000000000,0.0000000000,0.0000000000,0.0000000000,0.0000000000,0.0000000000,0.0000000000,0.0000000000,0.0000000000,0.0000000000,0.0000000000,0.0000000000,0.0000000000,0.0000000000,1.0000000000,0.0452042221,0.0179124281,0.0119423164,0.0051685393,0.0038726334,0.0017582418,0.0015011795,0.0010853050,0.0009378664,0.0004431642,0.0000000000,0.0001989654,0.0006403415,0.0001379120,0.0000000000,0.0000000000,0.0002309469,0.0000000000,0.0000000000,0.0002260398,0.0000000000,0.0000000000,0.0000000000,0.0000000000,0.0004350663,0.0000000000,0.0002260909,0.0000000000,0.0000000000,0.0000000000,0.0002153780,0.0002190581,0.0002144082,0.0000000000,0.0000000000,0.0002100840,0.0002115507,0.0002063558,0.0002048760,0.0002129019,0.0000000000,0.0000000000,0.0000000000,0.0002206045,0.0006656312,0.0004668534,0.0000000000,0.0004588208,0.0002204586,0.0000000000,0.0003969829,0.0002155637,0.0000000000,0.0000000000,0.0000000000,0.0000000000,0.0000000000,0.0001901864,0.0000000000,0.0002356823,0.0000000000,0.0002300966,0.0002203128,0.0000000000,0.0000000000,0.0002485089,0.0002212389,0.0002097755,0.0000000000,0.0000000000,0.0000000000,0.0000000000,0.0000000000,0.0000000000,0.0003588088,0.0000000000,0.0000000000,0.0000000000,0.0000000000,0.0000000000,0.0002183883,0.0001917913,0.0000000000
0.0000000000,0.0000000000,0.0000000000,0.0000000000,0.0000000000,0.0000000000,0.0000000000,0.0000000000,0.0000000000,0.0000000000,0.0000000000,0.0000000000,0.0000000000,0.0000000000,0.0000000000,0.0000000000,0.0000000000,0.0000000000,0.0000000000,0.0000000000,0.0000000000,0.0000000000,0.0000000000,0.0000000000,0.0000000000,0.0000000000,0.0000000000,0.0000000000,0.0000000000,0.0000000000,0.0000000000,0.0000000000,0.0000000000,0.0000000000,0.0000000000,0.0000000000,0.0000000000,0.0000000000,0.0000000000,0.0000000000,0.0000000000,0.0000000000,0.0000000000,0.0000000000,0.0000000000,0.0000000000,0.0000000000,0.0000000000,0.0000000000,0.0000000000,0.0000000000,0.0000000000,0.0000000000,0.0000000000,0.0000000000,0.0000000000,0.0000000000,0.0000000000,0.0000000000,0.0000000000,0.0000000000,0.0000000000,0.0000000000,0.0000000000,0.0000000000,0.0000000000,0.0000000000,0.0000000000,0.0000000000,0.0000000000,0.0000000000,0.0000000000,0.0000000000,0.0000000000,0.0000000000,0.0000000000,0.0000000000,1.0000000000,0.0482910695,0.0186526223,0.0111524164,0.0047976637,0.0025548222,0.0012461059,0.0012612991,0.0006791940,0.0004288165,0.0000000000,0.0001931621,0.0002066970,0.0000000000,0.0000000000,0.0002103049,0.0002231645,0.0002422481,0.0000000000,0.0000000000,0.0000000000,0.0000000000,0.0001635056,0.0000000000,0.0002105706,0.0002213859,0.0002186270,0.0004238186,0.0000000000,0.0000000000,0.0000000000,0.0000000000,0.0002076843,0.0000000000,0.0000000000,0.0000000000,0.0000000000,0.0000000000,0.0000000000,0.0002062706,0.0004042037,0.0002210922,0.0002137209,0.0006407518,0.0006440532,0.0006765900,0.0002212879,0.0006653360,0.0006403415,0.0000000000,0.0003854307,0.0000000000,0.0000000000,0.0000000000,0.0000000000,0.0000000000,0.0002157963,0.0005548363,0.0000000000,0.0000000000,0.0000000000,0.0002223705,0.0002132196,0.0000000000,0.0000000000,0.0000000000,0.0002140869,0.0002033347,0.0000000000,0.0000000000,0.0002150538,0.0002162630,0.0000000000,0.0000000000,0.0003493450,0.0000000000,0.0002043736,0.0000000000,0.0000000000,0.0002032520,0.0002114165,0.0001863933,0.0000000000
0.0000000000,0.0000000000,0.0000000000,0.0000000000,0.0000000000,0.0000000000,0.0000000000,0.0000000000,0.0000000000,0.0000000000,0.0000000000,0.0000000000,0.0000000000,0.0000000000,0.0000000000,0.0000000000,0.0000000000,0.0000000000,0.0000000000,0.0000000000,0.0000000000,0.0000000000,0.0000000000,0.0000000000,0.0000000000,0.0000000000,0.0000000000,0.0000000000,0.0000000000,0.0000000000,0.0000000000,0.0000000000,0.0000000000,0.0000000000,0.0000000000,0.0000000000,0.0000000000,0.0000000000,0.0000000000,0.0000000000,0.0000000000,0.0000000000,0.0000000000,0.0000000000,0.0000000000,0.0000000000,0.0000000000,0.0000000000,0.0000000000,0.0000000000,0.0000000000,0.0000000000,0.0000000000,0.0000000000,0.0000000000,0.0000000000,0.0000000000,0.0000000000,0.0000000000,0.0000000000,0.0000000000,0.0000000000,0.0000000000,0.0000000000,0.0000000000,0.0000000000,0.0000000000,0.0000000000,0.0000000000,0.0000000000,0.0000000000,0.0000000000,0.0000000000,0.0000000000,0.0000000000,0.0000000000,0.0000000000,0.0000000000,1.0000000000,0.0478105451,0.0200873362,0.0112242777,0.0059209135,0.0039175258,0.0027094623,0.0017937220,0.0004244482,0.0008469193,0.0009576709,0.0004094166,0.0004027927,0.0002164971,0.0006248698,0.0002207993,0.0000000000,0.0004041220,0.0004327131,0.0002228164,0.0000000000,0.0000000000,0.0004691532,0.0002084636,0.0002190581,0.0000000000,0.0000000000,0.0000000000,0.0002147305,0.0000000000,0.0000000000,0.0004113534,0.0005729565,0.0002296739,0.0004033885,0.0000000000,0.0001982161,0.0001968504,0.0002042484,0.0002001201,0.0000000000,0.0002115507,0.0004227436,0.0002124044,0.0002230152,0.0000000000,0.0000000000,0.0002111932,0.0004122861,0.0003818980,0.0000000000,0.0002165909,0.0004248991,0.0004132231,0.0004240882,0.0006410256,0.0005499542,0.0001993620,0.0000000000,0.0000000000,0.0004401408,0.0002110595,0.0002527167,0.0000000000,0.0002367985,0.0002119093,0.0000000000,0.0000000000,0.0000000000,0.0000000000,0.0000000000,0.0000000000,0.0000000000,0.0000000000,0.0000000000,0.0002023882,0.0004343105,0.0000000000,0.0002012882,0.0002092926,0.0003695492,0.0000000000
0.0000000000,0.0000000000,0.0000000000,0.0000000000,0.0000000000,0.0000000000,0.0000000000,0.0000000000,0.0000000000,0.0000000000,0.0000000000,0.0000000000,0.0000000000,0.0000000000,0.0000000000,0.0000000000,0.0000000000,0.0000000000,0.0000000000,0.0000000000,0.0000000000,0.0000000000,0.0000000000,0.0000000000,0.0000000000,0.0000000000,0.0000000000,0.0000000000,0.0000000000,0.0000000000,0.0000000000,0.0000000000,0.0000000000,0.0000000000,0.0000000000,0.0000000000,0.0000000000,0.0000000000,0.0000000000,0.0000000000,0.0000000000,0.0000000000,0.0000000000,0.0000000000,0.0000000000,0.0000000000,0.0000000000,0.0000000000,0.0000000000,0.0000000000,0.0000000000,0.0000000000,0.0000000000,0.0000000000,0.0000000000,0.0000000000,0.0000000000,0.0000000000,0.0000000000,0.0000000000,0.0000000000,0.0000000000,0.0000000000,0.0000000000,0.0000000000,0.0000000000,0.0000000000,0.0000000000,0.0000000000,0.0000000000,0.0000000000,0.0000000000,0.0000000000,0.0000000000,0.0000000000,0.0000000000,0.0000000000,0.0000000000,0.0000000000,1.0000000000,0.0389610390,0.0188638800,0.0115418118,0.0052831784,0.0034166133,0.0016095654,0.0010876659,0.0000000000,0.0001955799,0.0004190237,0.0002725910,0.0002218771,0.0000000000,0.0000000000,0.0000000000,0.0002066970,0.0000000000,0.0002285192,0.0000000000,0.0001652346,0.0000000000,0.0002134472,0.0000000000,0.0000000000,0.0000000000,0.0000000000,0.0000000000,0.0000000000,0.0004300151,0.0004210526,0.0003902439,0.0000000000,0.0000000000,0.0002077275,0.0002027164,0.0002012882,0.0002090301,0.0000000000,0.0000000000,0.0000000000,0.0002164502,0.0002175805,0.0002287283,0.0002244669,0.0000000000,0.0000000000,0.0004220300,0.0003902439,0.0002115954,0.0002219756,0.0000000000,0.0000000000,0.0000000000,0.0000000000,0.0005614823,0.0000000000,0.0000000000,0.0000000000,0.0000000000,0.0000000000,0.0000000000,0.0000000000,0.0004866180,0.0002170610,0.0004121162,0.0000000000,0.0000000000,0.0000000000,0.0000000000,0.0000000000,0.0000000000,0.0001766160,0.0002066970,0.0002070822,0.0002225189,0.0003930045,0.0000000000,0.0000000000,0.0001886437,0.0000000000
0.0000000000,0.0000000000,0.0000000000,0.0000000000,0.0000000000,0.0000000000,0.0000000000,0.0000000000,0.0000000000,0.0000000000,0.0000000000,0.0000000000,0.0000000000,0.0000000000,0.0000000000,0.0000000000,0.0000000000,0.0000000000,0.0000000000,0.0000000000,0.0000000000,0.0000000000,0.0000000000,0.0000000000,0.0000000000,0.0000000000,0.0000000000,0.0000000000,0.0000000000,0.0000000000,0.0000000000,0.0000000000,0.0000000000,0.0000000000,0.0000000000,0.0000000000,0.0000000000,0.0000000000,0.0000000000,0.0000000000,0.0000000000,0.0000000000,0.0000000000,0.0000000000,0.0000000000,0.0000000000,0.0000000000,0.0000000000,0.0000000000,0.0000000000,0.0000000000,0.0000000000,0.0000000000,0.0000000000,0.0000000000,0.0000000000,0.0000000000,0.0000000000,0.0000000000,0.0000000000,0.0000000000,0.0000000000,0.0000000000,0.0000000000,0.0000000000,0.0000000000,0.0000000000,0.0000000000,0.0000000000,0.0000000000,0.0000000000,0.0000000000,0.0000000000,0.0000000000,0.0000000000,0.0000000000,0.0000000000,0.0000000000,0.0000000000,0.0000000000,1.0000000000,0.0475663717,0.0173702726,0.0085124495,0.0051535323,0.0034698126,0.0026246719,0.0013069048,0.0003926188,0.0002102607,0.0001366120,0.0000000000,0.0000000000,0.0000000000,0.0000000000,0.0000000000,0.0004452360,0.0000000000,0.0000000000,0.0001657275,0.0000000000,0.0002142704,0.0000000000,0.0000000000,0.0000000000,0.0002589332,0.0000000000,0.0000000000,0.0002157963,0.0004226543,0.0003916193,0.0002367424,0.0000000000,0.0000000000,0.0002034588,0.0000000000,0.0000000000,0.0002054654,0.0000000000,0.0002175332,0.0000000000,0.0000000000,0.0000000000,0.0000000000,0.0000000000,0.0000000000,0.0002117747,0.0003916193,0.0000000000,0.0000000000,0.0004369674,0.0002122692,0.0000000000,0.0002196837,0.0000000000,0.0004094166,0.0002319109,0.0002800336,0.0000000000,0.0000000000,0.0002613013,0.0000000000,0.0000000000,0.0002179124,0.0000000000,0.0002235636,0.0002186748,0.0002189142,0.0002201673,0.0000000000,0.0000000000,0.0001771793,0.0004150239,0.0002078570,0.0002234138,0.0003943995,0.0002066970,0.0002151463,0.0000000000,0.0000000000
0.0000000000,0.0000000000,0.0000000000,0.0000000000,0.0000000000,0.0000000000,0.0000000000,0.0000000000,0.0000000000,0.0000000000,0.0000000000,0.0000000000,0.0000000000,0.0000000000,0.0000000000,0.0000000000,0.0000000000,0.0000000000,0.0000000000,0.0000000000,0.0000000000,0.0000000000,0.0000000000,0.0000000000,0.0000000000,0.0000000000,0.0000000000,0.0000000000,0.0000000000,0.0000000000,0.0000000000,0.0000000000,0.0000000000,0.0000000000,0.0000000000,0.0000000000,0.0000000000,0.0000000000,0.0000000000,0.0000000000,0.0000000000,0.0000000000,0.0000000000,0.0000000000,0.0000000000,0.0000000000,0.0000000000,0.0000000000,0.0000000000,0.0000000000,0.0000000000,0.0000000000,0.0000000000,0.0000000000,0.0000000000,0.0000000000,0.0000000000,0.0000000000,0.0000000000,0.0000000000,0.0000000000,0.0000000000,0.0000000000,0.0000000000,0.0000000000,0.0000000000,0.0000000000,0.0000000000,0.0000000000,0.0000000000,0.0000000000,0.0000000000,0.0000000000,0.0000000000,0.0000000000,0.0000000000,0.0000000000,0.0000000000,0.0000000000,0.0000000000,0.0000000000,1.0000000000,0.0430642718,0.0196402729,0.0103648425,0.0057713651,0.0037823072,0.0020920502,0.0015148646,0.0008087343,0.0002662407,0.0004272591,0.0004110997,0.0000000000,0.0000000000,0.0003990423,0.0002134016,0.0002197319,0.0002126302,0.0001605910,0.0000000000,0.0002057613,0.0004322455,0.0002134472,0.0002069965,0.0004933399,0.0002118644,0.0002038736,0.0000000000,0.0004060914,0.0001886437,0.0000000000,0.0001991239,0.0004009623,0.0001957713,0.0000000000,0.0000000000,0.0001976285,0.0002157963,0.0000000000,0.0002085506,0.0004192872,0.0002199252,0.0002159827,0.0000000000,0.0000000000,0.0000000000,0.0000000000,0.0002040400,0.0000000000,0.0002095997,0.0000000000,0.0000000000,0.0000000000,0.0003623845,0.0000000000,0.0002219756,0.0002656748,0.0002170139,0.0002082899,0.0000000000,0.0000000000,0.0000000000,0.0002091175,0.0001988467,0.0004287245,0.0002098196,0.0000000000,0.0004224757,0.0004314064,0.0000000000,0.0001713209,0.0005986829,0.0001998401,0.0000000000,0.0001899335,0.0000000000,0.0000000000,0.0000000000,0.0000000000
0.0000000000,0.0000000000,0.0000000000,0.0000000000,0.0000000000,0.0000000000,0.0000000000,0.0000000000,0.0000000000,0.0000000000,0.0000000000,0.0000000000,0.0000000000,0.0000000000,0.0000000000,0.0000000000,0.0000000000,0.0000000000,0.0000000000,0.0000000000,0.0000000000,0.0000000000,0.0000000000,0.0000000000,0.0000000000,0.0000000000,0.0000000000,0.0000000000,0.0000000000,0.0000000000,0.0000000000,0.0000000000,0.0000000000,0.0000000000,0.0000000000,0.0000000000,0.0000000000,0.0000000000,0.0000000000,0.0000000000,0.0000000000,0.0000000000,0.0000000000,0.0000000000,0.0000000000,0.0000000000,0.0000000000,0.0000000000,0.0000000000,0.0000000000,0.0000000000,0.0000000000,0.0000000000,0.0000000000,0.0000000000,0.0000000000,0.0000000000,0.0000000000,0.0000000000,0.0000000000,0.0000000000,0.0000000000,0.0000000000,0.0000000000,0.0000000000,0.0000000000,0.0000000000,0.0000000000,0.0000000000,0.0000000000,0.0000000000,0.0000000000,0.0000000000,0.0000000000,0.0000000000,0.0000000000,0.0000000000,0.0000000000,0.0000000000,0.0000000000,0.0000000000,0.0000000000,1.0000000000,0.0464208243,0.0201198630,0.0107404022,0.0069010136,0.0025695931,0.0019338619,0.0010336986,0.0002701243,0.0004373497,0.0008412198,0.0000000000,0.0000000000,0.0004078303,0.0004369674,0.0000000000,0.0002176279,0.0001634254,0.0002370230,0.0004209640,0.0002212389,0.0004370629,0.0002117298,0.0007604563,0.0002168257,0.0006256517,0.0000000000,0.0000000000,0.0000000000,0.0000000000,0.0000000000,0.0002048760,0.0000000000,0.0000000000,0.0000000000,0.0000000000,0.0000000000,0.0000000000,0.0002133561,0.0004290004,0.0004506534,0.0008851516,0.0002215330,0.0002132196,0.0002080300,0.0000000000,0.0002086376,0.0000000000,0.0002144542,0.0000000000,0.0000000000,0.0002156567,0.0001847746,0.0002011668,0.0002274278,0.0000000000,0.0004445432,0.0002130833,0.0000000000,0.0000000000,0.0000000000,0.0000000000,0.0000000000,0.0000000000,0.0002146844,0.0002149151,0.0000000000,0.0002207993,0.0000000000,0.0001745505,0.0000000000,0.0004085802,0.0000000000,0.0003878976,0.0000000000,0.0000000000,0.0000000000,0.0000000000
0.0000000000,0.0000000000,0.0000000000,0.0000000000,0.0000000000,0.0000000000,0.0000000000,0.0000000000,0.0000000000,0.0000000000,0.0000000000,0.0000000000,0.0000000000,0.0000000000,0.0000000000,0.0000000000,0.0000000000,0.0000000000,0.0000000000,0.0000000000,0.0000000000,0.0000000000,0.0000000000,0.0000000000,0.0000000000,0.0000000000,0.0000000000,0.0000000000,0.0000000000,0.0000000000,0.0000000000,0.0000000000,0.0000000000,0.0000000000,0.0000000000,0.0000000000,0.0000000000,0.0000000000,0.0000000000,0.0000000000,0.0000000000,0.0000000000,0.0000000000,0.0000000000,0.0000000000,0.0000000000,0.0000000000,0.0000000000,0.0000000000,0.0000000000,0.0000000000,0.0000000000,0.0000000000,0.0000000000,0.0000000000,0.0000000000,0.0000000000,0.0000000000,0.0000000000,0.0000000000,0.0000000000,0.0000000000,0.0000000000,0.0000000000,0.0000000000,0.0000000000,0.0000000000,0.0000000000,0.0000000000,0.0000000000,0.0000000000,0.0000000000,0.0000000000,0.0000000000,0.0000000000,0.0000000000,0.0000000000,0.0000000000,0.0000000000,0.0000000000,0.0000000000,0.0000000000,0.0000000000,1.0000000000,0.0485812554,0.0200179937,0.0118518519,0.0056639396,0.0037929073,0.0024281667,0.0005323396,0.0010679197,0.0004107620,0.0006530257,0.0000000000,0.0007977663,0.0004265302,0.0002195390,0.0004249894,0.0001604879,0.0004618938,0.0004112688,0.0002158895,0.0006400683,0.0004137360,0.0007394627,0.0002116850,0.0004074980,0.0004140787,0.0004057618,0.0005657175,0.0000000000,0.0000000000,0.0000000000,0.0001956182,0.0000000000,0.0000000000,0.0001974724,0.0000000000,0.0000000000,0.0000000000,0.0004189359,0.0002197319,0.0002157963,0.0000000000,0.0002082466,0.0000000000,0.0000000000,0.0002038736,0.0000000000,0.0002094241,0.0000000000,0.0000000000,0.0000000000,0.0001810282,0.0000000000,0.0000000000,0.0002653928,0.0000000000,0.0002081165,0.0000000000,0.0000000000,0.0000000000,0.0002089427,0.0001986887,0.0000000000,0.0000000000,0.0000000000,0.0000000000,0.0002154708,0.0002106594,0.0000000000,0.0000000000,0.0000000000,0.0000000000,0.0001897893,0.0000000000,0.0002063983,0.0000000000,0.0000000000
0.0000000000,0.0000000000,0.0000000000,0.0000000000,0.0000000000,0.0000000000,0.0000000000,0.0000000000,0.0000000000,0.0000000000,0.0000000000,0.0000000000,0.0000000000,0.0000000000,0.0000000000,0.0000000000,0.0000000000,0.0000000000,0.0000000000,0.0000000000,0.0000000000,0.0000000000,0.0000000000,0.0000000000,0.0000000000,0.0000000000,0.0000000000,0.0000000000,0.0000000000,0.0000000000,0.0000000000,0.0000000000,0.0000000000,0.0000000000,0.0000000000,0.0000000000,0.0000000000,0.0000000000,0.0000000000,0.0000000000,0.0000000000,0.0000000000,0.0000000000,0.0000000000,0.0000000000,0.0000000000,0.0000000000,0.0000000000,0.0000000000,0.0000000000,0.0000000000,0.0000000000,0.0000000000,0.0000000000,0.0000000000,0.0000000000,0.0000000000,0.0000000000,0.0000000000,0.0000000000,0.0000000000,0.0000000000,0.0000000000,0.0000000000,0.0000000000,0.0000000000,0.0000000000,0.0000000000,0.0000000000,0.0000000000,0.0000000000,0.0000000000,0.0000000000,0.0000000000,0.0000000000,0.0000000000,0.0000000000,0.0000000000,0.0000000000,0.0000000000,0.0000000000,0.0000000000,0.0000000000,0.0000000000,1.0000000000,0.0499530957,0.0181073507,0.0123984609,0.0063437140,0.0038958376,0.0009392191,0.0015144959,0.0010399334,0.0004408199,0.0000000000,0.0004033885,0.0000000000,0.0002223705,0.0002151000,0.0001619958,0.0000000000,0.0000000000,0.0000000000,0.0004319654,0.0002093364,0.0000000000,0.0002143163,0.0002061431,0.0000000000,0.0002052545,0.0000000000,0.0002292001,0.0000000000,0.0000000000,0.0001978631,0.0000000000,0.0000000000,0.0000000000,0.0000000000,0.0002111486,0.0000000000,0.0000000000,0.0004452360,0.0000000000,0.0000000000,0.0002107926,0.0000000000,0.0000000000,0.0000000000,0.0000000000,0.0002119992,0.0000000000,0.0004232804,0.0000000000,0.0000000000,0.0001990050,0.0000000000,0.0002695418,0.0004392708,0.0002106594,0.0005044136,0.0000000000,0.0000000000,0.0000000000,0.0002010050,0.0000000000,0.0002122241,0.0000000000,0.0000000000,0.0000000000,0.0000000000,0.0005189414,0.0004033885,0.0002020202,0.0000000000,0.0001919017,0.0000000000,0.0000000000,0.0000000000,0.0000000000
0.0000000000,0.0000000000,0.0000000000,0.0000000000,0.0000000000,0.0000000000,0.0000000000,0.0000000000,0.0000000000,0.0000000000,0.0000000000,0.0000000000,0.0000000000,0.0000000000,0.0000000000,0.0000000000,0.0000000000,0.0000000000,0.0000000000,0.0000000000,0.0000000000,0.0000000000,0.0000000000,0.0000000000,0.0000000000,0.0000000000,0.0000000000,0.0000000000,0.0000000000,0.0000000000,0.0000000000,0.0000000000,0.0000000000,0.0000000000,0.0000000000,0.0000000000,0.0000000000,0.0000000000,0.0000000000,0.0000000000,0.0000000000,0.0000000000,0.0000000000,0.0000000000,0.0000000000,0.0000000000,0.0000000000,0.0000000000,0.0000000000,0.0000000000,0.0000000000,0.0000000000,0.0000000000,0.0000000000,0.0000000000,0.0000000000,0.0000000000,0.0000000000,0.0000000000,0.0000000000,0.0000000000,0.0000000000,0.0000000000,0.0000000000,0.0000000000,0.0000000000,0.0000000000,0.0000000000,0.0000000000,0.0000000000,0.0000000000,0.0000000000,0.0000000000,0.0000000000,0.0000000000,0.0000000000,0.0000000000,0.0000000000,0.0000000000,0.0000000000,0.0000000000,0.0000000000,0.0000000000,0.0000000000,0.0000000000,1.0000000000,0.0386530709,0.0143154006,0.0076210093,0.0046337158,0.0011253341,0.0023386342,0.0004476276,0.0007154782,0.0010419380,0.0002166378,0.0000000000,0.0002407318,0.0000000000,0.0000000000,0.0002544529,0.0000000000,0.0002363507,0.0004665267,0.0002255300,0.0000000000,0.0000000000,0.0000000000,0.0000000000,0.0002207993,0.0004079135,0.0007466401,0.0002162162,0.0000000000,0.0000000000,0.0000000000,0.0002192021,0.0000000000,0.0000000000,0.0000000000,0.0000000000,0.0000000000,0.0002409639,0.0000000000,0.0002366864,0.0002272211,0.0000000000,0.0000000000,0.0000000000,0.0004670715,0.0004573519,0.0002218771,0.0000000000,0.0002299908,0.0000000000,0.0002135839,0.0000000000,0.0000000000,0.0000000000,0.0000000000,0.0000000000,0.0000000000,0.0000000000,0.0000000000,0.0002158895,0.0000000000,0.0002288853,0.0000000000,0.0000000000,0.0000000000,0.0000000000,0.0001838235,0.0002166378,0.0002170610,0.0000000000,0.0000000000,0.0000000000,0.0002250225,0.0000000000,0.0000000000
0.0000000000,0.0000000000,0.0000000000,0.0000000000,0.0000000000,0.0000000000,0.0000000000,0.0000000000,0.0000000000,0.0000000000,0.0000000000,0.0000000000,0.0000000000,0.0000000000,0.0000000000,0.0000000000,0.0000000000,0.0000000000,0.0000000000,0.0000000000,0.0000000000,0.0000000000,0.0000000000,0.0000000000,0.0000000000,0.0000000000,0.0000000000,0.0000000000,0.0000000000,0.0000000000,0.0000000000,0.0000000000,0.0000000000,0.0000000000,0.0000000000,0.0000000000,0.0000000000,0.0000000000,0.0000000000,0.0000000000,0.0000000000,0.0000000000,0.0000000000,0.0000000000,0.0000000000,0.0000000000,0.0000000000,0.0000000000,0.0000000000,0.0000000000,0.0000000000,0.0000000000,0.0000000000,0.0000000000,0.0000000000,0.0000000000,0.0000000000,0.0000000000,0.0000000000,0.0000000000,0.0000000000,0.0000000000,0.0000000000,0.0000000000,0.0000000000,0.0000000000,0.0000000000,0.0000000000,0.0000000000,0.0000000000,0.0000000000,0.0000000000,0.0000000000,0.0000000000,0.0000000000,0.0000000000,0.0000000000,0.0000000000,0.0000000000,0.0000000000,0.0000000000,0.0000000000,0.0000000000,0.0000000000,0.0000000000,0.0000000000,1.0000000000,0.0415356982,0.0178288431,0.0105285323,0.0016324310,0.0017683466,0.0019120459,0.0006758279,0.0012242899,0.0010292301,0.0000000000,0.0002272727,0.0004394639,0.0003292181,0.0002394636,0.0000000000,0.0000000000,0.0002205558,0.0000000000,0.0000000000,0.0000000000,0.0000000000,0.0000000000,0.0000000000,0.0003884249,0.0000000000,0.0000000000,0.0002066970,0.0000000000,0.0000000000,0.0004160599,0.0002037075,0.0002230649,0.0000000000,0.0004307560,0.0000000000,0.0000000000,0.0004466280,0.0002236636,0.0002151926,0.0000000000,0.0001941748,0.0002105263,0.0002207993,0.0002164502,0.0002103934,0.0000000000,0.0002176752,0.0001862544,0.0000000000,0.0002296739,0.0000000000,0.0000000000,0.0000000000,0.0000000000,0.0000000000,0.0000000000,0.0000000000,0.0002050021,0.0000000000,0.0006503360,0.0000000000,0.0000000000,0.0004459309,0.0002177700,0.0000000000,0.0004114380,0.0000000000,0.0000000000,0.0000000000,0.0000000000,0.0002132196,0.0000000000,0.0000000000
0.0000000000,0.0000000000,0.0000000000,0.0000000000,0.0000000000,0.0000000000,0.0000000000,0.0000000000,0.0000000000,0.0000000000,0.0000000000,0.0000000000,0.0000000000,0.0000000000,0.0000000000,0.0000000000,0.0000000000,0.0000000000,0.0000000000,0.0000000000,0.0000000000,0.0000000000,0.0000000000,0.0000000000,0.0000000000,0.0000000000,0.0000000000,0.0000000000,0.0000000000,0.0000000000,0.0000000000,0.0000000000,0.0000000000,0.0000000000,0.0000000000,0.0000000000,0.0000000000,0.0000000000,0.0000000000,0.0000000000,0.0000000000,0.0000000000,0.0000000000,0.0000000000,0.0000000000,0.0000000000,0.0000000000,0.0000000000,0.0000000000,0.0000000000,0.0000000000,0.0000000000,0.0000000000,0.0000000000,0.0000000000,0.0000000000,0.0000000000,0.0000000000,0.0000000000,0.0000000000,0.0000000000,0.0000000000,0.0000000000,0.0000000000,0.0000000000,0.0000000000,0.0000000000,0.0000000000,0.0000000000,0.0000000000,0.0000000000,0.0000000000,0.0000000000,0.0000000000,0.0000000000,0.0000000000,0.0000000000,0.0000000000,0.0000000000,0.0000000000,0.0000000000,0.0000000000,0.0000000000,0.0000000000,0.0000000000,0.0000000000,0.0000000000,1.0000000000,0.0374622356,0.0175512793,0.0023100965,0.0061988045,0.0040339703,0.0022497188,0.0014648438,0.0012320329,0.0000000000,0.0009070295,0.0004382121,0.0004928536,0.0002387205,0.0000000000,0.0002227171,0.0000000000,0.0002130833,0.0000000000,0.0000000000,0.0002097755,0.0000000000,0.0000000000,0.0001936858,0.0000000000,0.0000000000,0.0002061431,0.0002012072,0.0005996402,0.0004149378,0.0000000000,0.0002224199,0.0000000000,0.0000000000,0.0000000000,0.0000000000,0.0000000000,0.0002230152,0.0004292767,0.0002093364,0.0000000000,0.0002099517,0.0000000000,0.0000000000,0.0004197272,0.0000000000,0.0000000000,0.0001858045,0.0000000000,0.0002289902,0.0000000000,0.0002237136,0.0000000000,0.0000000000,0.0000000000,0.0002410800,0.0004307560,0.0000000000,0.0000000000,0.0000000000,0.0000000000,0.0000000000,0.0002222716,0.0006517489,0.0005265929,0.0000000000,0.0006167763,0.0000000000,0.0003901678,0.0002043736,0.0004253509,0.0005622189,0.0000000000
0.0000000000,0.0000000000,0.0000000000,0.0000000000,0.0000000000,0.0000000000,0.0000000000,0.0000000000,0.0000000000,0.0000000000,0.0000000000,0.0000000000,0.0000000000,0.0000000000,0.0000000000,0.0000000000,0.0000000000,0.0000000000,0.0000000000,0.0000000000,0.0000000000,0.0000000000,0.0000000000,0.0000000000,0.0000000000,0.0000000000,0.0000000000,0.0000000000,0.0000000000,0.0000000000,0.0000000000,0.0000000000,0.0000000000,0.0000000000,0.0000000000,0.0000000000,0.0000000000,0.0000000000,0.0000000000,0.0000000000,0.0000000000,0.0000000000,0.0000000000,0.0000000000,0.0000000000,0.0000000000,0.0000000000,0.0000000000,0.0000000000,0.0000000000,0.0000000000,0.0000000000,0.0000000000,0.0000000000,0.0000000000,0.0000000000,0.0000000000,0.0000000000,0.0000000000,0.0000000000,0.0000000000,0.0000000000,0.0000000000,0.0000000000,0.0000000000,0.0000000000,0.0000000000,0.0000000000,0.0000000000,0.0000000000,0.0000000000,0.0000000000,0.0000000000,0.0000000000,0.0000000000,0.0000000000,0.0000000000,0.0000000000,0.0000000000,0.0000000000,0.0000000000,0.0000000000,0.0000000000,0.0000000000,0.0000000000,0.0000000000,0.0000000000,0.0000000000,1.0000000000,0.0389280125,0.0063897764,0.0132583367,0.0061585835,0.0036466775,0.0010879025,0.0018639329,0.0011900040,0.0004072490,0.0005926511,0.0001517911,0.0004267122,0.0000000000,0.0000000000,0.0000000000,0.0001926040,0.0000000000,0.0000000000,0.0000000000,0.0000000000,0.0001891432,0.0000000000,0.0000000000,0.0001857700,0.0000000000,0.0000000000,0.0001816860,0.0011288805,0.0003690037,0.0002002002,0.0001941371,0.0000000000,0.0000000000,0.0000000000,0.0000000000,0.0000000000,0.0005817336,0.0005688282,0.0005300353,0.0000000000,0.0000000000,0.0003897876,0.0005700171,0.0000000000,0.0003917728,0.0003401361,0.0000000000,0.0000000000,0.0000000000,0.0000000000,0.0000000000,0.0000000000,0.0000000000,0.0004304778,0.0000000000,0.0001855288,0.0000000000,0.0000000000,0.0003905487,0.0001962323,0.0000000000,0.0005880047,0.0003227368,0.0001860811,0.0000000000,0.0000000000,0.0000000000,0.0000000000,0.0001922338,0.0003427005,0.0000000000
0.0000000000,0.0000000000,0.0000000000,0.0000000000,0.0000000000,0.0000000000,0.0000000000,0.0000000000,0.0000000000,0.0000000000,0.0000000000,0.0000000000,0.0000000000,0.0000000000,0.0000000000,0.0000000000,0.0000000000,0.0000000000,0.0000000000,0.0000000000,0.0000000000,0.0000000000,0.0000000000,0.0000000000,0.0000000000,0.0000000000,0.0000000000,0.0000000000,0.0000000000,0.0000000000,0.0000000000,0.0000000000,0.0000000000,0.0000000000,0.0000000000,0.0000000000,0.0000000000,0.0000000000,0.0000000000,0.0000000000,0.0000000000,0.0000000000,0.0000000000,0.0000000000,0.0000000000,0.0000000000,0.0000000000,0.0000000000,0.0000000000,0.0000000000,0.0000000000,0.0000000000,0.0000000000,0.0000000000,0.0000000000,0.0000000000,0.0000000000,0.0000000000,0.0000000000,0.0000000000,0.0000000000,0.0000000000,0.0000000000,0.0000000000,0.0000000000,0.0000000000,0.0000000000,0.0000000000,0.0000000000,0.0000000000,0.0000000000,0.0000000000,0.0000000000,0.0000000000,0.0000000000,0.0000000000,0.0000000000,0.0000000000,0.0000000000,0.0000000000,0.0000000000,0.0000000000,0.0000000000,0.0000000000,0.0000000000,0.0000000000,0.0000000000,0.0000000000,0.0000000000,1.0000000000,0.0176907495,0.0297658131,0.0134742952,0.0074219603,0.0040047114,0.0031872510,0.0008501594,0.0010943314,0.0008470987,0.0000000000,0.0002299379,0.0000000000,0.0000000000,0.0006376196,0.0002060581,0.0000000000,0.0002108815,0.0000000000,0.0000000000,0.0002021019,0.0000000000,0.0000000000,0.0000000000,0.0001995610,0.0003899396,0.0003872967,0.0004016064,0.0001967729,0.0002147766,0.0002078138,0.0000000000,0.0002086376,0.0002188663,0.0000000000,0.0002153316,0.0000000000,0.0000000000,0.0000000000,0.0004063389,0.0004254414,0.0002086376,0.0004060914,0.0002082466,0.0000000000,0.0001804403,0.0000000000,0.0002208968,0.0000000000,0.0000000000,0.0000000000,0.0000000000,0.0000000000,0.0002321263,0.0002081599,0.0001979806,0.0002133106,0.0006268282,0.0002090738,0.0002102165,0.0000000000,0.0006298551,0.0000000000,0.0000000000,0.0000000000,0.0002131742,0.0003783579,0.0001979022,0.0002056344,0.0001818843,0.0000000000
0.0000000000,0.0000000000,0.0000000000,0.0000000000,0.0000000000,0.0000000000,0.0000000000,0.0000000000,0.0000000000,0.0000000000,0.0000000000,0.0000000000,0.0000000000,0.0000000000,0.0000000000,0.0000000000,0.0000000000,0.0000000000,0.0000000000,0.0000000000,0.0000000000,0.0000000000,0.0000000000,0.0000000000,0.0000000000,0.0000000000,0.0000000000,0.0000000000,0.0000000000,0.0000000000,0.0000000000,0.0000000000,0.0000000000,0.0000000000,0.0000000000,0.0000000000,0.0000000000,0.0000000000,0.0000000000,0.0000000000,0.0000000000,0.0000000000,0.0000000000,0.0000000000,0.0000000000,0.0000000000,0.0000000000,0.0000000000,0.0000000000,0.0000000000,0.0000000000,0.0000000000,0.0000000000,0.0000000000,0.0000000000,0.0000000000,0.0000000000,0.0000000000,0.0000000000,0.0000000000,0.0000000000,0.0000000000,0.0000000000,0.0000000000,0.0000000000,0.0000000000,0.0000000000,0.0000000000,0.0000000000,0.0000000000,0.0000000000,0.0000000000,0.0000000000,0.0000000000,0.0000000000,0.0000000000,0.0000000000,0.0000000000,0.0000000000,0.0000000000,0.0000000000,0.0000000000,0.0000000000,0.0000000000,0.0000000000,0.0000000000,0.0000000000,0.0000000000,0.0000000000,0.0000000000,1.0000000000,0.0177821339,0.0052603183,0.0032140861,0.0014671362,0.0015814444,0.0004126547,0.0011220196,0.0006863418,0.0005676013,0.0004340906,0.0000000000,0.0000000000,0.0001375327,0.0004045853,0.0001505797,0.0004107338,0.0004005875,0.0005398111,0.0000000000,0.0001267909,0.0002856327,0.0002629157,0.0003961442,0.0001299714,0.0001293828,0.0002651113,0.0001307873,0.0004156276,0.0004068348,0.0001354830,0.0001359250,0.0002804262,0.0001385809,0.0002775080,0.0001354280,0.0004000533,0.0001267909,0.0002671654,0.0001376273,0.0002718869,0.0004006410,0.0002715547,0.0000000000,0.0003701876,0.0000000000,0.0000000000,0.0001574803,0.0000000000,0.0004062288,0.0000000000,0.0000000000,0.0001455180,0.0001357220,0.0000000000,0.0002758240,0.0002720718,0.0004084411,0.0002732240,0.0000000000,0.0001364443,0.0003562522,0.0001315963,0.0001317523,0.0000000000,0.0003822143,0.0001312853,0.0002693240,0.0003722084,0.0001843658
0.0000000000,0.0000000000,0.0000000000,0.0000000000,0.0000000000,0.0000000000,0.0000000000,0.0000000000,0.0000000000,0.0000000000,0.0000000000,0.0000000000,0.0000000000,0.0000000000,0.0000000000,0.0000000000,0.0000000000,0.0000000000,0.0000000000,0.0000000000,0.0000000000,0.0000000000,0.0000000000,0.0000000000,0.0000000000,0.0000000000,0.0000000000,0.0000000000,0.0000000000,0.0000000000,0.0000000000,0.0000000000,0.0000000000,0.0000000000,0.0000000000,0.0000000000,0.0000000000,0.0000000000,0.0000000000,0.0000000000,0.0000000000,0.0000000000,0.0000000000,0.0000000000,0.0000000000,0.0000000000,0.0000000000,0.0000000000,0.0000000000,0.0000000000,0.0000000000,0.0000000000,0.0000000000,0.0000000000,0.0000000000,0.0000000000,0.0000000000,0.0000000000,0.0000000000,0.0000000000,0.0000000000,0.0000000000,0.0000000000,0.0000000000,0.0000000000,0.0000000000,0.0000000000,0.0000000000,0.0000000000,0.0000000000,0.0000000000,0.0000000000,0.0000000000,0.0000000000,0.0000000000,0.0000000000,0.0000000000,0.0000000000,0.0000000000,0.0000000000,0.0000000000,0.0000000000,0.0000000000,0.0000000000,0.0000000000,0.0000000000,0.0000000000,0.0000000000,0.0000000000,0.0000000000,0.0000000000,1.0000000000,0.0440478880,0.0218566392,0.0088383838,0.0071805702,0.0029351998,0.0020939972,0.0008978676,0.0006690082,0.0007352941,0.0006503360,0.0002281542,0.0000000000,0.0004362050,0.0000000000,0.0000000000,0.0000000000,0.0002182453,0.0000000000,0.0003956479,0.0004795013,0.0000000000,0.0002107926,0.0002056344,0.0002041650,0.0000000000,0.0000000000,0.0002278423,0.0002200220,0.0000000000,0.0000000000,0.0000000000,0.0004562044,0.0002284670,0.0004393673,0.0004283572,0.0000000000,0.0002147766,0.0000000000,0.0000000000,0.0000000000,0.0002205072,0.0002222222,0.0007587253,0.0002068680,0.0000000000,0.0000000000,0.0000000000,0.0002194908,0.0000000000,0.0000000000,0.0000000000,0.0000000000,0.0002090301,0.0002261932,0.0002211900,0.0000000000,0.0000000000,0.0002276867,0.0002223210,0.0000000000,0.0000000000,0.0002101282,0.0002260398,0.0000000000,0.0002089427,0.0002175805,0.0001911680,0.0000000000
0.0000000000,0.0000000000,0.0000000000,0.0000000000,0.0000000000,0.0000000000,0.0000000000,0.0000000000,0.0000000000,0.0000000000,0.0000000000,0.0000000000,0.0000000000,0.0000000000,0.0000000000,0.0000000000,0.0000000000,0.0000000000,0.0000000000,0.0000000000,0.0000000000,0.0000000000,0.0000000000,0.0000000000,0.0000000000,0.0000000000,0.0000000000,0.0000000000,0.0000000000,0.0000000000,0.0000000000,0.0000000000,0.0000000000,0.0000000000,0.0000000000,0.0000000000,0.0000000000,0.0000000000,0.0000000000,0.0000000000,0.0000000000,0.0000000000,0.0000000000,0.0000000000,0.0000000000,0.0000000000,0.0000000000,0.0000000000,0.0000000000,0.0000000000,0.0000000000,0.0000000000,0.0000000000,0.0000000000,0.0000000000,0.0000000000,0.0000000000,0.0000000000,0.0000000000,0.0000000000,0.0000000000,0.0000000000,0.0000000000,0.0000000000,0.0000000000,0.0000000000,0.0000000000,0.0000000000,0.0000000000,0.0000000000,0.0000000000,0.0000000000,0.0000000000,0.0000000000,0.0000000000,0.0000000000,0.0000000000,0.0000000000,0.0000000000,0.0000000000,0.0000000000,0.0000000000,0.0000000000,0.0000000000,0.0000000000,0.0000000000,0.0000000000,0.0000000000,0.0000000000,0.0000000000,0.0000000000,0.0000000000,1.0000000000,0.0490740741,0.0217603912,0.0145432200,0.0065274151,0.0037997318,0.0032411409,0.0006490346,0.0011731581,0.0006253909,0.0002189621,0.0002162630,0.0000000000,0.0002503756,0.0002146383,0.0004129672,0.0000000000,0.0002055498,0.0001908397,0.0000000000,0.0002015723,0.0000000000,0.0001981375,0.0000000000,0.0000000000,0.0002000400,0.0000000000,0.0002114612,0.0000000000,0.0000000000,0.0002229157,0.0000000000,0.0002192502,0.0004222973,0.0004121162,0.0003817522,0.0002066116,0.0002164971,0.0000000000,0.0002064836,0.0000000000,0.0000000000,0.0001831837,0.0000000000,0.0004501463,0.0000000000,0.0002199252,0.0002109705,0.0000000000,0.0000000000,0.0000000000,0.0000000000,0.0002012882,0.0000000000,0.0004251701,0.0000000000,0.0000000000,0.0002185315,0.0000000000,0.0001731302,0.0000000000,0.0002023063,0.0000000000,0.0003843936,0.0000000000,0.0002092050,0.0000000000,0.0000000000
0.0000000000,0.0000000000,0.0000000000,0.0000000000,0.0000000000,0.0000000000,0.0000000000,0.0000000000,0.0000000000,0.0000000000,0.0000000000,0.0000000000,0.0000000000,0.0000000000,0.0000000000,0.0000000000,0.0000000000,0.0000000000,0.0000000000,0.0000000000,0.0000000000,0.0000000000,0.0000000000,0.0000000000,0.0000000000,0.0000000000,0.0000000000,0.0000000000,0.0000000000,0.0000000000,0.0000000000,0.0000000000,0.0000000000,0.0000000000,0.0000000000,0.0000000000,0.0000000000,0.0000000000,0.0000000000,0.0000000000,0.0000000000,0.0000000000,0.0000000000,0.0000000000,0.0000000000,0.0000000000,0.0000000000,0.0000000000,0.0000000000,0.0000000000,0.0000000000,0.0000000000,0.0000000000,0.0000000000,0.0000000000,0.0000000000,0.0000000000,0.0000000000,0.0000000000,0.0000000000,0.0000000000,0.0000000000,0.0000000000,0.0000000000,0.0000000000,0.0000000000,0.0000000000,0.0000000000,0.0000000000,0.0000000000,0.0000000000,0.0000000000,0.0000000000,0.0000000000,0.0000000000,0.0000000000,0.0000000000,0.0000000000,0.0000000000,0.0000000000,0.0000000000,0.0000000000,0.0000000000,0.0000000000,0.0000000000,0.0000000000,0.0000000000,0.0000000000,0.0000000000,0.0000000000,0.0000000000,0.0000000000,0.0000000000,1.0000000000,0.0413333333,0.0225087413,0.0081074820,0.0059637405,0.0029843893,0.0006792325,0.0017561465,0.0013274336,0.0006991377,0.0004598758,0.0000000000,0.0000000000,0.0000000000,0.0004377325,0.0002226180,0.0000000000,0.0000000000,0.0000000000,0.0000000000,0.0002148689,0.0000000000,0.0006242197,0.0004326195,0.0000000000,0.0000000000,0.0004490346,0.0000000000,0.0000000000,0.0002374169,0.0004657662,0.0004666356,0.0002240645,0.0006553080,0.0004028197,0.0004381161,0.0000000000,0.0006765900,0.0000000000,0.0002249719,0.0002267574,0.0000000000,0.0000000000,0.0000000000,0.0000000000,0.0000000000,0.0004479283,0.0002713704,0.0000000000,0.0000000000,0.0002248707,0.0000000000,0.0000000000,0.0000000000,0.0000000000,0.0002272727,0.0000000000,0.0002268603,0.0000000000,0.0002137666,0.0006428112,0.0000000000,0.0004057618,0.0000000000,0.0000000000,0.0001945147,0.0000000000
0.0000000000,0.0000000000,0.0000000000,0.0000000000,0.0000000000,0.0000000000,0.0000000000,0.0000000000,0.0000000000,0.0000000000,0.0000000000,0.0000000000,0.0000000000,0.0000000000,0.0000000000,0.0000000000,0.0000000000,0.0000000000,0.0000000000,0.0000000000,0.0000000000,0.0000000000,0.0000000000,0.0000000000,0.0000000000,0.0000000000,0.0000000000,0.0000000000,0.0000000000,0.0000000000,0.0000000000,0.0000000000,0.0000000000,0.0000000000,0.0000000000,0.0000000000,0.0000000000,0.0000000000,0.0000000000,0.0000000000,0.0000000000,0.0000000000,0.0000000000,0.0000000000,0.0000000000,0.0000000000,0.0000000000,0.0000000000,0.0000000000,0.0000000000,0.0000000000,0.0000000000,0.0000000000,0.0000000000,0.0000000000,0.0000000000,0.0000000000,0.0000000000,0.0000000000,0.0000000000,0.0000000000,0.0000000000,0.0000000000,0.0000000000,0.0000000000,0.0000000000,0.0000000000,0.0000000000,0.0000000000,0.0000000000,0.0000000000,0.0000000000,0.0000000000,0.0000000000,0.0000000000,0.0000000000,0.0000000000,0.0000000000,0.0000000000,0.0000000000,0.0000000000,0.0000000000,0.0000000000,0.0000000000,0.0000000000,0.0000000000,0.0000000000,0.0000000000,0.0000000000,0.0000000000,0.0000000000,0.0000000000,0.0000000000,0.0000000000,1.0000000000,0.0454325761,0.0147170769,0.0086139389,0.0062640942,0.0028964518,0.0038610039,0.0021613833,0.0015247776,0.0005005005,0.0009661836,0.0002970003,0.0000000000,0.0000000000,0.0000000000,0.0000000000,0.0000000000,0.0000000000,0.0000000000,0.0002325041,0.0004525911,0.0002244669,0.0000000000,0.0002287283,0.0000000000,0.0004876859,0.0002434867,0.0000000000,0.0002591345,0.0002536783,0.0002541942,0.0000000000,0.0002365744,0.0002167787,0.0000000000,0.0002505010,0.0002449180,0.0002371917,0.0000000000,0.0002464876,0.0002069536,0.0002277386,0.0000000000,0.0000000000,0.0002551020,0.0002431315,0.0000000000,0.0000000000,0.0000000000,0.0000000000,0.0002303617,0.0000000000,0.0000000000,0.0000000000,0.0002470966,0.0000000000,0.0002466091,0.0000000000,0.0000000000,0.0000000000,0.0000000000,0.0000000000,0.0000000000,0.0000000000,0.0000000000,0.0004651163
0.0000000000,0.0000000000,0.0000000000,0.0000000000,0.0000000000,0.0000000000,0.0000000000,0.0000000000,0.0000000000,0.0000000000,0.0000000000,0.0000000000,0.0000000000,0.0000000000,0.0000000000,0.0000000000,0.0000000000,0.0000000000,0.0000000000,0.0000000000,0.0000000000,0.0000000000,0.0000000000,0.0000000000,0.0000000000,0.0000000000,0.0000000000,0.0000000000,0.0000000000,0.0000000000,0.0000000000,0.0000000000,0.0000000000,0.0000000000,0.0000000000,0.0000000000,0.0000000000,0.0000000000,0.0000000000,0.0000000000,0.0000000000,0.0000000000,0.0000000000,0.0000000000,0.0000000000,0.0000000000,0.0000000000,0.0000000000,0.0000000000,0.0000000000,0.0000000000,0.0000000000,0.0000000000,0.0000000000,0.0000000000,0.0000000000,0.0000000000,0.0000000000,0.0000000000,0.0000000000,0.0000000000,0.0000000000,0.0000000000,0.0000000000,0.0000000000,0.0000000000,0.0000000000,0.0000000000,0.0000000000,0.0000000000,0.0000000000,0.0000000000,0.0000000000,0.0000000000,0.0000000000,0.0000000000,0.0000000000,0.0000000000,0.0000000000,0.0000000000,0.0000000000,0.0000000000,0.0000000000,0.0000000000,0.0000000000,0.0000000000,0.0000000000,0.0000000000,0.0000000000,0.0000000000,0.0000000000,0.0000000000,0.0000000000,0.0000000000,0.0000000000,1.0000000000,0.0428228097,0.0227122381,0.0101223113,0.0038155803,0.0031818182,0.0026347791,0.0023384354,0.0010488777,0.0004068348,0.0002414876,0.0004162331,0.0004008016,0.0002035416,0.0000000000,0.0003713331,0.0000000000,0.0001957713,0.0000000000,0.0001925298,0.0000000000,0.0000000000,0.0001943257,0.0000000000,0.0002050861,0.0000000000,0.0000000000,0.0000000000,0.0000000000,0.0000000000,0.0000000000,0.0000000000,0.0000000000,0.0002005214,0.0000000000,0.0004118616,0.0008020854,0.0000000000,0.0000000000,0.0000000000,0.0001936108,0.0002178175,0.0000000000,0.0000000000,0.0002046245,0.0000000000,0.0000000000,0.0002287283,0.0002054232,0.0001955034,0.0002104377,0.0002061006,0.0000000000,0.0002074258,0.0002117298,0.0002070822,0.0001688334,0.0001961169,0.0000000000,0.0000000000,0.0001868810,0.0001954270,0.0000000000,0.0000000000,0.0000000000
0.0000000000,0.0000000000,0.0000000000,0.0000000000,0.0000000000,0.0000000000,0.0000000000,0.0000000000,0.0000000000,0.0000000000,0.0000000000,0.0000000000,0.0000000000,0.0000000000,0.0000000000,0.0000000000,0.0000000000,0.0000000000,0.0000000000,0.0000000000,0.0000000000,0.0000000000,0.0000000000,0.0000000000,0.0000000000,0.0000000000,0.0000000000,0.0000000000,0.0000000000,0.0000000000,0.0000000000,0.0000000000,0.0000000000,0.0000000000,0.0000000000,0.0000000000,0.0000000000,0.0000000000,0.0000000000,0.0000000000,0.0000000000,0.0000000000,0.0000000000,0.0000000000,0.0000000000,0.0000000000,0.0000000000,0.0000000000,0.0000000000,0.0000000000,0.0000000000,0.0000000000,0.0000000000,0.0000000000,0.0000000000,0.0000000000,0.0000000000,0.0000000000,0.0000000000,0.0000000000,0.0000000000,0.0000000000,0.0000000000,0.0000000000,0.0000000000,0.0000000000,0.0000000000,0.0000000000,0.0000000000,0.0000000000,0.0000000000,0.0000000000,0.0000000000,0.0000000000,0.0000000000,0.0000000000,0.0000000000,0.0000000000,0.0000000000,0.0000000000,0.0000000000,0.0000000000,0.0000000000,0.0000000000,0.0000000000,0.0000000000,0.0000000000,0.0000000000,0.0000000000,0.0000000000,0.0000000000,0.0000000000,0.0000000000,0.0000000000,0.0000000000,0.0000000000,1.0000000000,0.0428156749,0.0147794452,0.0045302013,0.0054120541,0.0041295371,0.0027422303,0.0018030201,0.0013086150,0.0005245214,0.0008936550,0.0002144082,0.0000000000,0.0002134472,0.0001976285,0.0002394636,0.0000000000,0.0000000000,0.0002054654,0.0000000000,0.0000000000,0.0004151100,0.0000000000,0.0000000000,0.0000000000,0.0006625442,0.0000000000,0.0000000000,0.0000000000,0.0000000000,0.0000000000,0.0001976285,0.0000000000,0.0000000000,0.0002207506,0.0002144542,0.0004407228,0.0002220249,0.0000000000,0.0002066970,0.0000000000,0.0000000000,0.0000000000,0.0000000000,0.0000000000,0.0000000000,0.0000000000,0.0000000000,0.0004177982,0.0000000000,0.0002209945,0.0000000000,0.0000000000,0.0002274795,0.0000000000,0.0001786991,0.0000000000,0.0000000000,0.0000000000,0.0000000000,0.0000000000,0.0002173913,0.0000000000,0.0000000000
0.0000000000,0.0000000000,0.0000000000,0.0000000000,0.0000000000,0.0000000000,0.0000000000,0.0000000000,0.0000000000,0.0000000000,0.0000000000,0.0000000000,0.0000000000,0.0000000000,0.0000000000,0.0000000000,0.0000000000,0.0000000000,0.0000000000,0.0000000000,0.0000000000,0.0000000000,0.0000000000,0.0000000000,0.0000000000,0.0000000000,0.0000000000,0.0000000000,0.0000000000,0.0000000000,0.0000000000,0.0000000000,0.0000000000,0.0000000000,0.0000000000,0.0000000000,0.0000000000,0.0000000000,0.0000000000,0.0000000000,0.0000000000,0.0000000000,0.0000000000,0.0000000000,0.0000000000,0.0000000000,0.0000000000,0.0000000000,0.0000000000,0.0000000000,0.0000000000,0.0000000000,0.0000000000,0.0000000000,0.0000000000,0.0000000000,0.0000000000,0.0000000000,0.0000000000,0.0000000000,0.0000000000,0.0000000000,0.0000000000,0.0000000000,0.0000000000,0.0000000000,0.0000000000,0.0000000000,0.0000000000,0.0000000000,0.0000000000,0.0000000000,0.0000000000,0.0000000000,0.0000000000,0.0000000000,0.0000000000,0.0000000000,0.0000000000,0.0000000000,0.0000000000,0.0000000000,0.0000000000,0.0000000000,0.0000000000,0.0000000000,0.0000000000,0.0000000000,0.0000000000,0.0000000000,0.0000000000,0.0000000000,0.0000000000,0.0000000000,0.0000000000,0.0000000000,0.0000000000,1.0000000000,0.0334288443,0.0101847057,0.0102249489,0.0062822526,0.0047247815,0.0027919963,0.0006737031,0.0000000000,0.0006909258,0.0004416961,0.0000000000,0.0002197802,0.0002030457,0.0000000000,0.0000000000,0.0002167787,0.0000000000,0.0002097755,0.0004364906,0.0004270767,0.0000000000,0.0000000000,0.0000000000,0.0000000000,0.0002397507,0.0000000000,0.0000000000,0.0000000000,0.0002203128,0.0002030457,0.0000000000,0.0000000000,0.0000000000,0.0000000000,0.0002270663,0.0002288853,0.0000000000,0.0000000000,0.0000000000,0.0002951594,0.0002362949,0.0000000000,0.0000000000,0.0000000000,0.0002557545,0.0000000000,0.0000000000,0.0000000000,0.0000000000,0.0000000000,0.0000000000,0.0002346867,0.0000000000,0.0003663004,0.0000000000,0.0000000000,0.0002329373,0.0000000000,0.0002148228,0.0004480287,0.0000000000,0.0000000000
0.0000000000,0.0000000000,0.0000000000,0.0000000000,0.0000000000,0.0000000000,0.0000000000,0.0000000000,0.0000000000,0.0000000000,0.0000000000,0.0000000000,0.0000000000,0.0000000000,0.0000000000,0.0000000000,0.0000000000,0.0000000000,0.0000000000,0.0000000000,0.0000000000,0.0000000000,0.0000000000,0.0000000000,0.0000000000,0.0000000000,0.0000000000,0.0000000000,0.0000000000,0.0000000000,0.0000000000,0.0000000000,0.0000000000,0.0000000000,0.0000000000,0.0000000000,0.0000000000,0.0000000000,0.0000000000,0.0000000000,0.0000000000,0.0000000000,0.0000000000,0.0000000000,0.0000000000,0.0000000000,0.0000000000,0.0000000000,0.0000000000,0.0000000000,0.0000000000,0.0000000000,0.0000000000,0.0000000000,0.0000000000,0.0000000000,0.0000000000,0.0000000000,0.0000000000,0.0000000000,0.0000000000,0.0000000000,0.0000000000,0.0000000000,0.0000000000,0.0000000000,0.0000000000,0.0000000000,0.0000000000,0.0000000000,0.0000000000,0.0000000000,0.0000000000,0.0000000000,0.0000000000,0.0000000000,0.0000000000,0.0000000000,0.0000000000,0.0000000000,0.0000000000,0.0000000000,0.0000000000,0.0000000000,0.0000000000,0.0000000000,0.0000000000,0.0000000000,0.0000000000,0.0000000000,0.0000000000,0.0000000000,0.0000000000,0.0000000000,0.0000000000,0.0000000000,0.0000000000,0.0000000000,1.0000000000,0.0261493762,0.0239520958,0.0135519126,0.0082398718,0.0047286647,0.0021748586,0.0015682175,0.0013360053,0.0012831480,0.0006520322,0.0006382979,0.0003940110,0.0004770992,0.0000000000,0.0000000000,0.0004095843,0.0004066694,0.0002111932,0.0006206041,0.0002267574,0.0000000000,0.0000000000,0.0000000000,0.0000000000,0.0000000000,0.0004548556,0.0000000000,0.0006397953,0.0003940110,0.0000000000,0.0002244165,0.0008802817,0.0000000000,0.0004390779,0.0000000000,0.0000000000,0.0000000000,0.0000000000,0.0000000000,0.0000000000,0.0000000000,0.0000000000,0.0000000000,0.0002461841,0.0000000000,0.0000000000,0.0000000000,0.0000000000,0.0000000000,0.0000000000,0.0004533092,0.0004426737,0.0003563792,0.0000000000,0.0002092050,0.0000000000,0.0003968254,0.0002080300,0.0004332756,0.0000000000,0.0000000000
0.0000000000,0.0000000000,0.0000000000,0.0000000000,0.0000000000,0.0000000000,0.0000000000,0.0000000000,0.0000000000,0.0000000000,0.0000000000,0.0000000000,0.0000000000,0.0000000000,0.0000000000,0.0000000000,0.0000000000,0.0000000000,0.0000000000,0.0000000000,0.0000000000,0.0000000000,0.0000000000,0.0000000000,0.0000000000,0.0000000000,0.0000000000,0.0000000000,0.0000000000,0.0000000000,0.0000000000,0.0000000000,0.0000000000,0.0000000000,0.0000000000,0.0000000000,0.0000000000,0.0000000000,0.0000000000,0.0000000000,0.0000000000,0.0000000000,0.0000000000,0.0000000000,0.0000000000,0.0000000000,0.0000000000,0.0000000000,0.0000000000,0.0000000000,0.0000000000,0.0000000000,0.0000000000,0.0000000000,0.0000000000,0.0000000000,0.0000000000,0.0000000000,0.0000000000,0.0000000000,0.0000000000,0.0000000000,0.0000000000,0.0000000000,0.0000000000,0.0000000000,0.0000000000,0.0000000000,0.0000000000,0.0000000000,0.0000000000,0.0000000000,0.0000000000,0.0000000000,0.0000000000,0.0000000000,0.0000000000,0.0000000000,0.0000000000,0.0000000000,0.0000000000,0.0000000000,0.0000000000,0.0000000000,0.0000000000,0.0000000000,0.0000000000,0.0000000000,0.0000000000,0.0000000000,0.0000000000,0.0000000000,0.0000000000,0.0000000000,0.0000000000,0.0000000000,0.0000000000,0.0000000000,0.0000000000,1.0000000000,0.0229007634,0.0114923658,0.0061089428,0.0035205365,0.0017970920,0.0011214953,0.0003322811,0.0006449532,0.0000000000,0.0000000000,0.0001514922,0.0000000000,0.0004746835,0.0001590078,0.0003121586,0.0001552072,0.0000000000,0.0000000000,0.0001685204,0.0001642036,0.0001640689,0.0001647175,0.0000000000,0.0000000000,0.0003377808,0.0004921260,0.0003218539,0.0000000000,0.0000000000,0.0001672241,0.0001647175,0.0000000000,0.0000000000,0.0000000000,0.0001466276,0.0000000000,0.0000000000,0.0000000000,0.0005079580,0.0004918839,0.0005641219,0.0000000000,0.0001790190,0.0003288933,0.0003160556,0.0005030181,0.0001648533,0.0003300330,0.0001657001,0.0001684352,0.0001654807,0.0001401149,0.0003168568,0.0001586294,0.0003351206,0.0003046923,0.0000000000,0.0001628399,0.0001475797,0.0000000000
0.0000000000,0.0000000000,0.0000000000,0.0000000000,0.0000000000,0.0000000000,0.0000000000,0.0000000000,0.0000000000,0.0000000000,0.0000000000,0.0000000000,0.0000000000,0.0000000000,0.0000000000,0.0000000000,0.0000000000,0.0000000000,0.0000000000,0.0000000000,0.0000000000,0.0000000000,0.0000000000,0.0000000000,0.0000000000,0.0000000000,0.0000000000,0.0000000000,0.0000000000,0.0000000000,0.0000000000,0.0000000000,0.0000000000,0.0000000000,0.0000000000,0.0000000000,0.0000000000,0.0000000000,0.0000000000,0.0000000000,0.0000000000,0.0000000000,0.0000000000,0.0000000000,0.0000000000,0.0000000000,0.0000000000,0.0000000000,0.0000000000,0.0000000000,0.0000000000,0.0000000000,0.0000000000,0.0000000000,0.0000000000,0.0000000000,0.0000000000,0.0000000000,0.0000000000,0.0000000000,0.0000000000,0.0000000000,0.0000000000,0.0000000000,0.0000000000,0.0000000000,0.0000000000,0.0000000000,0.0000000000,0.0000000000,0.0000000000,0.0000000000,0.0000000000,0.0000000000,0.0000000000,0.0000000000,0.0000000000,0.0000000000,0.0000000000,0.0000000000,0.0000000000,0.0000000000,0.0000000000,0.0000000000,0.0000000000,0.0000000000,0.0000000000,0.0000000000,0.0000000000,0.0000000000,0.0000000000,0.0000000000,0.0000000000,0.0000000000,0.0000000000,0.0000000000,0.0000000000,0.0000000000,0.0000000000,0.0000000000,1.0000000000,0.0377496347,0.0174242424,0.0103857567,0.0037950664,0.0031930334,0.0036531905,0.0004646840,0.0007100592,0.0000000000,0.0002127207,0.0002619859,0.0000000000,0.0000000000,0.0004437542,0.0000000000,0.0000000000,0.0000000000,0.0000000000,0.0002386635,0.0002383790,0.0000000000,0.0002533570,0.0000000000,0.0000000000,0.0000000000,0.0000000000,0.0000000000,0.0000000000,0.0002450980,0.0004796163,0.0004647920,0.0000000000,0.0004826255,0.0006100041,0.0004466280,0.0002560819,0.0000000000,0.0002495010,0.0002380386,0.0000000000,0.0000000000,0.0000000000,0.0000000000,0.0000000000,0.0002459420,0.0004801921,0.0002403268,0.0004837929,0.0004955401,0.0004828585,0.0001909490,0.0002266032,0.0002270663,0.0002457606,0.0000000000,0.0002256827,0.0000000000,0.0000000000,0.0000000000
0.0000000000,0.0000000000,0.0000000000,0.0000000000,0.0000000000,0.0000000000,0.0000000000,0.0000000000,0.0000000000,0.0000000000,0.0000000000,0.0000000000,0.0000000000,0.0000000000,0.0000000000,0.0000000000,0.0000000000,0.0000000000,0.0000000000,0.0000000000,0.0000000000,0.0000000000,0.0000000000,0.0000000000,0.0000000000,0.0000000000,0.0000000000,0.0000000000,0.0000000000,0.0000000000,0.0000000000,0.0000000000,0.0000000000,0.0000000000,0.0000000000,0.0000000000,0.0000000000,0.0000000000,0.0000000000,0.0000000000,0.0000000000,0.0000000000,0.0000000000,0.0000000000,0.0000000000,0.0000000000,0.0000000000,0.0000000000,0.0000000000,0.0000000000,0.0000000000,0.0000000000,0.0000000000,0.0000000000,0.0000000000,0.0000000000,0.0000000000,0.0000000000,0.0000000000,0.0000000000,0.0000000000,0.0000000000,0.0000000000,0.0000000000,0.0000000000,0.0000000000,0.0000000000,0.0000000000,0.0000000000,0.0000000000,0.0000000000,0.0000000000,0.0000000000,0.0000000000,0.0000000000,0.0000000000,0.0000000000,0.0000000000,0.0000000000,0.0000000000,0.0000000000,0.0000000000,0.0000000000,0.0000000000,0.0000000000,0.0000000000,0.0000000000,0.0000000000,0.0000000000,0.0000000000,0.0000000000,0.0000000000,0.0000000000,0.0000000000,0.0000000000,0.0000000000,0.0000000000,0.0000000000,0.0000000000,0.0000000000,0.0000000000,1.0000000000,0.0396536007,0.0169528842,0.0086790855,0.0057992940,0.0036661635,0.0016559718,0.0008408661,0.0006176652,0.0000000000,0.0000000000,0.0000000000,0.0004064215,0.0001983733,0.0000000000,0.0000000000,0.0000000000,0.0004380201,0.0000000000,0.0000000000,0.0000000000,0.0002232143,0.0000000000,0.0000000000,0.0000000000,0.0002062706,0.0000000000,0.0000000000,0.0006506181,0.0000000000,0.0000000000,0.0002121791,0.0000000000,0.0003668379,0.0000000000,0.0000000000,0.0000000000,0.0000000000,0.0002112379,0.0002529724,0.0000000000,0.0000000000,0.0002120891,0.0002015316,0.0002174386,0.0002128112,0.0002130379,0.0002142245,0.0002188184,0.0000000000,0.0000000000,0.0000000000,0.0000000000,0.0004346881,0.0001923817,0.0000000000,0.0000000000,0.0000000000,0.0000000000
0.0000000000,0.0000000000,0.0000000000,0.0000000000,0.0000000000,0.0000000000,0.0000000000,0.0000000000,0.0000000000,0.0000000000,0.0000000000,0.0000000000,0.0000000000,0.0000000000,0.0000000000,0.0000000000,0.0000000000,0.0000000000,0.0000000000,0.0000000000,0.0000000000,0.0000000000,0.0000000000,0.0000000000,0.0000000000,0.0000000000,0.0000000000,0.0000000000,0.0000000000,0.0000000000,0.0000000000,0.0000000000,0.0000000000,0.0000000000,0.0000000000,0.0000000000,0.0000000000,0.0000000000,0.0000000000,0.0000000000,0.0000000000,0.0000000000,0.0000000000,0.0000000000,0.0000000000,0.0000000000,0.0000000000,0.0000000000,0.0000000000,0.0000000000,0.0000000000,0.0000000000,0.0000000000,0.0000000000,0.0000000000,0.0000000000,0.0000000000,0.0000000000,0.0000000000,0.0000000000,0.0000000000,0.0000000000,0.0000000000,0.0000000000,0.0000000000,0.0000000000,0.0000000000,0.0000000000,0.0000000000,0.0000000000,0.0000000000,0.0000000000,0.0000000000,0.0000000000,0.0000000000,0.0000000000,0.0000000000,0.0000000000,0.0000000000,0.0000000000,0.0000000000,0.0000000000,0.0000000000,0.0000000000,0.0000000000,0.0000000000,0.0000000000,0.0000000000,0.0000000000,0.0000000000,0.0000000000,0.0000000000,0.0000000000,0.0000000000,0.0000000000,0.0000000000,0.0000000000,0.0000000000,0.0000000000,0.0000000000,0.0000000000,0.0000000000,1.0000000000,0.0415479582,0.0179654166,0.0091324201,0.0066014113,0.0037037037,0.0015479876,0.0004323390,0.0006000000,0.0000000000,0.0002117298,0.0000000000,0.0002079434,0.0002064410,0.0004292767,0.0000000000,0.0000000000,0.0000000000,0.0000000000,0.0002236136,0.0002354049,0.0002308936,0.0006942837,0.0000000000,0.0000000000,0.0003999200,0.0002172968,0.0002282584,0.0000000000,0.0000000000,0.0000000000,0.0000000000,0.0003831418,0.0000000000,0.0000000000,0.0000000000,0.0004642526,0.0002221235,0.0000000000,0.0000000000,0.0005017561,0.0002230649,0.0002114165,0.0000000000,0.0000000000,0.0002241147,0.0000000000,0.0000000000,0.0000000000,0.0000000000,0.0000000000,0.0002125399,0.0002288330,0.0000000000,0.0000000000,0.0006607930,0.0000000000,0.0000000000
0.0000000000,0.0000000000,0.0000000000,0.0000000000,0.0000000000,0.0000000000,0.0000000000,0.0000000000,0.0000000000,0.0000000000,0.0000000000,0.0000000000,0.0000000000,0.0000000000,0.0000000000,0.0000000000,0.0000000000,0.0000000000,0.0000000000,0.0000000000,0.0000000000,0.0000000000,0.0000000000,0.0000000000,0.0000000000,0.0000000000,0.0000000000,0.0000000000,0.0000000000,0.0000000000,0.0000000000,0.0000000000,0.0000000000,0.0000000000,0.0000000000,0.0000000000,0.0000000000,0.0000000000,0.0000000000,0.0000000000,0.0000000000,0.0000000000,0.0000000000,0.0000000000,0.0000000000,0.0000000000,0.0000000000,0.0000000000,0.0000000000,0.0000000000,0.0000000000,0.0000000000,0.0000000000,0.0000000000,0.0000000000,0.0000000000,0.0000000000,0.0000000000,0.0000000000,0.0000000000,0.0000000000,0.0000000000,0.0000000000,0.0000000000,0.0000000000,0.0000000000,0.0000000000,0.0000000000,0.0000000000,0.0000000000,0.0000000000,0.0000000000,0.0000000000,0.0000000000,0.0000000000,0.0000000000,0.0000000000,0.0000000000,0.0000000000,0.0000000000,0.0000000000,0.0000000000,0.0000000000,0.0000000000,0.0000000000,0.0000000000,0.0000000000,0.0000000000,0.0000000000,0.0000000000,0.0000000000,0.0000000000,0.0000000000,0.0000000000,0.0000000000,0.0000000000,0.0000000000,0.0000000000,0.0000000000,0.0000000000,0.0000000000,0.0000000000,0.0000000000,1.0000000000,0.0446062813,0.0200588393,0.0119746950,0.0066911289,0.0032815576,0.0017104982,0.0013853157,0.0004791567,0.0004184976,0.0000000000,0.0000000000,0.0000000000,0.0002119992,0.0000000000,0.0000000000,0.0002198769,0.0006591958,0.0004416961,0.0000000000,0.0000000000,0.0000000000,0.0000000000,0.0002139953,0.0001976675,0.0002146383,0.0000000000,0.0000000000,0.0002145002,0.0000000000,0.0002220742,0.0001894657,0.0000000000,0.0002345766,0.0002839296,0.0004581901,0.0000000000,0.0000000000,0.0000000000,0.0004946822,0.0002202643,0.0002088991,0.0000000000,0.0002210433,0.0004426737,0.0000000000,0.0000000000,0.0000000000,0.0000000000,0.0002095997,0.0000000000,0.0000000000,0.0000000000,0.0000000000,0.0000000000,0.0001910585,0.0000000000
0.0000000000,0.0000000000,0.0000000000,0.0000000000,0.0000000000,0.0000000000,0.0000000000,0.0000000000,0.0000000000,0.0000000000,0.0000000000,0.0000000000,0.0000000000,0.0000000000,0.0000000000,0.0000000000,0.0000000000,0.0000000000,0.0000000000,0.0000000000,0.0000000000,0.0000000000,0.0000000000,0.0000000000,0.0000000000,0.0000000000,0.0000000000,0.0000000000,0.0000000000,0.0000000000,0.0000000000,0.0000000000,0.0000000000,0.0000000000,0.0000000000,0.0000000000,0.0000000000,0.0000000000,0.0000000000,0.0000000000,0.0000000000,0.0000000000,0.0000000000,0.0000000000,0.0000000000,0.0000000000,0.0000000000,0.0000000000,0.0000000000,0.0000000000,0.0000000000,0.0000000000,0.0000000000,0.0000000000,0.0000000000,0.0000000000,0.0000000000,0.0000000000,0.0000000000,0.0000000000,0.0000000000,0.0000000000,0.0000000000,0.0000000000,0.0000000000,0.0000000000,0.0000000000,0.0000000000,0.0000000000,0.0000000000,0.0000000000,0.0000000000,0.0000000000,0.0000000000,0.0000000000,0.0000000000,0.0000000000,0.0000000000,0.0000000000,0.0000000000,0.0000000000,0.0000000000,0.0000000000,0.0000000000,0.0000000000,0.0000000000,0.0000000000,0.0000000000,0.0000000000,0.0000000000,0.0000000000,0.0000000000,0.0000000000,0.0000000000,0.0000000000,0.0000000000,0.0000000000,0.0000000000,0.0000000000,0.0000000000,0.0000000000,0.0000000000,0.0000000000,0.0000000000,1.0000000000,0.0371922472,0.0236830456,0.0107165371,0.0068085106,0.0022821577,0.0017317683,0.0009263548,0.0004060914,0.0004088307,0.0003991219,0.0000000000,0.0004113534,0.0000000000,0.0002203614,0.0002130379,0.0004257131,0.0004278990,0.0002246686,0.0000000000,0.0002209456,0.0002126755,0.0004151100,0.0005765904,0.0000000000,0.0000000000,0.0000000000,0.0004160599,0.0004270767,0.0000000000,0.0001843658,0.0000000000,0.0002268088,0.0000000000,0.0000000000,0.0002125399,0.0005098139,0.0000000000,0.0002386635,0.0004268943,0.0002027164,0.0000000000,0.0002141328,0.0008580009,0.0002155637,0.0000000000,0.0000000000,0.0001741857,0.0002033760,0.0000000000,0.0004374453,0.0001934610,0.0000000000,0.0002107482,0.0001858736,0.0000000000
0.0000000000,0.0000000000,0.0000000000,0.0000000000,0.0000000000,0.0000000000,0.0000000000,0.0000000000,0.0000000000,0.0000000000,0.0000000000,0.0000000000,0.0000000000,0.0000000000,0.0000000000,0.0000000000,0.0000000000,0.0000000000,0.0000000000,0.0000000000,0.0000000000,0.0000000000,0.0000000000,0.0000000000,0.0000000000,0.0000000000,0.0000000000,0.0000000000,0.0000000000,0.0000000000,0.0000000000,0.0000000000,0.0000000000,0.0000000000,0.0000000000,0.0000000000,0.0000000000,0.0000000000,0.0000000000,0.0000000000,0.0000000000,0.0000000000,0.0000000000,0.0000000000,0.0000000000,0.0000000000,0.0000000000,0.0000000000,0.0000000000,0.0000000000,0.0000000000,0.0000000000,0.0000000000,0.0000000000,0.0000000000,0.0000000000,0.0000000000,0.0000000000,0.0000000000,0.0000000000,0.0000000000,0.0000000000,0.0000000000,0.0000000000,0.0000000000,0.0000000000,0.0000000000,0.0000000000,0.0000000000,0.0000000000,0.0000000000,0.0000000000,0.0000000000,0.0000000000,0.0000000000,0.0000000000,0.0000000000,0.0000000000,0.0000000000,0.0000000000,0.0000000000,0.0000000000,0.0000000000,0.0000000000,0.0000000000,0.0000000000,0.0000000000,0.0000000000,0.0000000000,0.0000000000,0.0000000000,0.0000000000,0.0000000000,0.0000000000,0.0000000000,0.0000000000,0.0000000000,0.0000000000,0.0000000000,0.0000000000,0.0000000000,0.0000000000,0.0000000000,0.0000000000,0.0000000000,1.0000000000,0.0388663968,0.0135678392,0.0073847721,0.0039613766,0.0024892510,0.0011293055,0.0009645527,0.0000000000,0.0002360718,0.0004683841,0.0002446782,0.0002387775,0.0005317735,0.0002552323,0.0000000000,0.0002564760,0.0000000000,0.0000000000,0.0005334756,0.0002547122,0.0004948046,0.0000000000,0.0000000000,0.0000000000,0.0000000000,0.0002480159,0.0005119017,0.0002581978,0.0000000000,0.0002376991,0.0000000000,0.0000000000,0.0002676660,0.0002545177,0.0003176620,0.0000000000,0.0000000000,0.0000000000,0.0002405581,0.0000000000,0.0002568053,0.0002571355,0.0000000000,0.0000000000,0.0000000000,0.0000000000,0.0004830918,0.0000000000,0.0000000000,0.0004553734,0.0000000000,0.0002519526,0.0002172024,0.0000000000
0.0000000000,0.0000000000,0.0000000000,0.0000000000,0.0000000000,0.0000000000,0.0000000000,0.0000000000,0.0000000000,0.0000000000,0.0000000000,0.0000000000,0.0000000000,0.0000000000,0.0000000000,0.0000000000,0.0000000000,0.0000000000,0.0000000000,0.0000000000,0.0000000000,0.0000000000,0.0000000000,0.0000000000,0.0000000000,0.0000000000,0.0000000000,0.0000000000,0.0000000000,0.0000000000,0.0000000000,0.0000000000,0.0000000000,0.0000000000,0.0000000000,0.0000000000,0.0000000000,0.0000000000,0.0000000000,0.0000000000,0.0000000000,0.0000000000,0.0000000000,0.0000000000,0.0000000000,0.0000000000,0.0000000000,0.0000000000,0.0000000000,0.0000000000,0.0000000000,0.0000000000,0.0000000000,0.0000000000,0.0000000000,0.0000000000,0.0000000000,0.0000000000,0.0000000000,0.0000000000,0.0000000000,0.0000000000,0.0000000000,0.0000000000,0.0000000000,0.0000000000,0.0000000000,0.0000000000,0.0000000000,0.0000000000,0.0000000000,0.0000000000,0.0000000000,0.0000000000,0.0000000000,0.0000000000,0.0000000000,0.0000000000,0.0000000000,0.0000000000,0.0000000000,0.0000000000,0.0000000000,0.0000000000,0.0000000000,0.0000000000,0.0000000000,0.0000000000,0.0000000000,0.0000000000,0.0000000000,0.0000000000,0.0000000000,0.0000000000,0.0000000000,0.0000000000,0.0000000000,0.0000000000,0.0000000000,0.0000000000,0.0000000000,0.0000000000,0.0000000000,0.0000000000,0.0000000000,0.0000000000,1.0000000000,0.0430632630,0.0162744667,0.0085470085,0.0041387466,0.0021418372,0.0010392850,0.0006276151,0.0004081633,0.0002025932,0.0002104377,0.0000000000,0.0002258866,0.0002181977,0.0000000000,0.0004383081,0.0002304147,0.0000000000,0.0000000000,0.0002178175,0.0004248991,0.0000000000,0.0000000000,0.0000000000,0.0002191060,0.0002129019,0.0000000000,0.0000000000,0.0000000000,0.0002052545,0.0002326664,0.0000000000,0.0002272211,0.0002176752,0.0002622607,0.0000000000,0.0000000000,0.0004372540,0.0002073828,0.0002242655,0.0002193463,0.0000000000,0.0002208481,0.0000000000,0.0000000000,0.0003553029,0.0006244796,0.0004170142,0.0000000000,0.0000000000,0.0002072968,0.0002157963,0.0000000000,0.0000000000
0.0000000000,0.0000000000,0.0000000000,0.0000000000,0.0000000000,0.0000000000,0.0000000000,0.0000000000,0.0000000000,0.0000000000,0.0000000000,0.0000000000,0.0000000000,0.0000000000,0.0000000000,0.0000000000,0.0000000000,0.0000000000,0.0000000000,0.0000000000,0.0000000000,0.0000000000,0.0000000000,0.0000000000,0.0000000000,0.0000000000,0.0000000000,0.0000000000,0.0000000000,0.0000000000,0.0000000000,0.0000000000,0.0000000000,0.0000000000,0.0000000000,0.0000000000,0.0000000000,0.0000000000,0.0000000000,0.0000000000,0.0000000000,0.0000000000,0.0000000000,0.0000000000,0.0000000000,0.0000000000,0.0000000000,0.0000000000,0.0000000000,0.0000000000,0.0000000000,0.0000000000,0.0000000000,0.0000000000,0.0000000000,0.0000000000,0.0000000000,0.0000000000,0.0000000000,0.0000000000,0.0000000000,0.0000000000,0.0000000000,0.0000000000,0.0000000000,0.0000000000,0.0000000000,0.0000000000,0.0000000000,0.0000000000,0.0000000000,0.0000000000,0.0000000000,0.0000000000,0.0000000000,0.0000000000,0.0000000000,0.0000000000,0.0000000000,0.0000000000,0.0000000000,0.0000000000,0.0000000000,0.0000000000,0.0000000000,0.0000000000,0.0000000000,0.0000000000,0.0000000000,0.0000000000,0.0000000000,0.0000000000,0.0000000000,0.0000000000,0.0000000000,0.0000000000,0.0000000000,0.0000000000,0.0000000000,0.0000000000,0.0000000000,0.0000000000,0.0000000000,0.0000000000,0.0000000000,0.0000000000,0.0000000000,1.0000000000,0.0404849535,0.0208116545,0.0087886893,0.0043408727,0.0032096289,0.0020169423,0.0015751132,0.0007815553,0.0000000000,0.0001984915,0.0000000000,0.0000000000,0.0002095118,0.0000000000,0.0000000000,0.0002170139,0.0000000000,0.0000000000,0.0000000000,0.0000000000,0.0002049600,0.0002146844,0.0000000000,0.0000000000,0.0000000000,0.0000000000,0.0000000000,0.0003955696,0.0004462294,0.0002672368,0.0000000000,0.0002092488,0.0000000000,0.0000000000,0.0002345216,0.0002100840,0.0003995206,0.0002153316,0.0002107926,0.0000000000,0.0002121791,0.0000000000,0.0000000000,0.0000000000,0.0000000000,0.0000000000,0.0000000000,0.0001907305,0.0005991612,0.0008305648,0.0000000000,0.0000000000
0.0000000000,0.0000000000,0.0000000000,0.0000000000,0.0000000000,0.0000000000,0.0000000000,0.0000000000,0.0000000000,0.0000000000,0.0000000000,0.0000000000,0.0000000000,0.0000000000,0.0000000000,0.0000000000,0.0000000000,0.0000000000,0.0000000000,0.0000000000,0.0000000000,0.0000000000,0.0000000000,0.0000000000,0.0000000000,0.0000000000,0.0000000000,0.0000000000,0.0000000000,0.0000000000,0.0000000000,0.0000000000,0.0000000000,0.0000000000,0.0000000000,0.0000000000,0.0000000000,0.0000000000,0.0000000000,0.0000000000,0.0000000000,0.0000000000,0.0000000000,0.0000000000,0.0000000000,0.0000000000,0.0000000000,0.0000000000,0.0000000000,0.0000000000,0.0000000000,0.0000000000,0.0000000000,0.0000000000,0.0000000000,0.0000000000,0.0000000000,0.0000000000,0.0000000000,0.0000000000,0.0000000000,0.0000000000,0.0000000000,0.0000000000,0.0000000000,0.0000000000,0.0000000000,0.0000000000,0.0000000000,0.0000000000,0.0000000000,0.0000000000,0.0000000000,0.0000000000,0.0000000000,0.0000000000,0.0000000000,0.0000000000,0.0000000000,0.0000000000,0.0000000000,0.0000000000,0.0000000000,0.0000000000,0.0000000000,0.0000000000,0.0000000000,0.0000000000,0.0000000000,0.0000000000,0.0000000000,0.0000000000,0.0000000000,0.0000000000,0.0000000000,0.0000000000,0.0000000000,0.0000000000,0.0000000000,0.0000000000,0.0000000000,0.0000000000,0.0000000000,0.0000000000,0.0000000000,0.0000000000,0.0000000000,0.0000000000,1.0000000000,0.0454840806,0.0180039139,0.0093501636,0.0055147059,0.0039006364,0.0024014409,0.0007936508,0.0002058037,0.0004033071,0.0002205558,0.0000000000,0.0002129925,0.0000000000,0.0000000000,0.0000000000,0.0000000000,0.0002128565,0.0006233119,0.0001922707,0.0000000000,0.0000000000,0.0000000000,0.0000000000,0.0000000000,0.0000000000,0.0003690718,0.0002008435,0.0002270148,0.0002729258,0.0000000000,0.0004255319,0.0000000000,0.0003841721,0.0000000000,0.0000000000,0.0002028809,0.0002190101,0.0002143163,0.0002145462,0.0000000000,0.0000000000,0.0000000000,0.0001743071,0.0002035416,0.0000000000,0.0000000000,0.0001936108,0.0002027986,0.0002109260,0.0003720930,0.0000000000
0.0000000000,0.0000000000,0.0000000000,0.0000000000,0.0000000000,0.0000000000,0.0000000000,0.0000000000,0.0000000000,0.0000000000,0.0000000000,0.0000000000,0.0000000000,0.0000000000,0.0000000000,0.0000000000,0.0000000000,0.0000000000,0.0000000000,0.0000000000,0.0000000000,0.0000000000,0.0000000000,0.0000000000,0.0000000000,0.0000000000,0.0000000000,0.0000000000,0.0000000000,0.0000000000,0.0000000000,0.0000000000,0.0000000000,0.0000000000,0.0000000000,0.0000000000,0.0000000000,0.0000000000,0.0000000000,0.0000000000,0.0000000000,0.0000000000,0.0000000000,0.0000000000,0.0000000000,0.0000000000,0.0000000000,0.0000000000,0.0000000000,0.0000000000,0.0000000000,0.0000000000,0.0000000000,0.0000000000,0.0000000000,0.0000000000,0.0000000000,0.0000000000,0.0000000000,0.0000000000,0.0000000000,0.0000000000,0.0000000000,0.0000000000,0.0000000000,0.0000000000,0.0000000000,0.0000000000,0.0000000000,0.0000000000,0.0000000000,0.0000000000,0.0000000000,0.0000000000,0.0000000000,0.0000000000,0.0000000000,0.0000000000,0.0000000000,0.0000000000,0.0000000000,0.0000000000,0.0000000000,0.0000000000,0.0000000000,0.0000000000,0.0000000000,0.0000000000,0.0000000000,0.0000000000,0.0000000000,0.0000000000,0.0000000000,0.0000000000,0.0000000000,0.0000000000,0.0000000000,0.0000000000,0.0000000000,0.0000000000,0.0000000000,0.0000000000,0.0000000000,0.0000000000,0.0000000000,0.0000000000,0.0000000000,0.0000000000,0.0000000000,1.0000000000,0.0416584791,0.0151689267,0.0104627767,0.0048338369,0.0033392261,0.0021434139,0.0008072654,0.0011871785,0.0010801469,0.0006266973,0.0002085941,0.0000000000,0.0000000000,0.0002160294,0.0000000000,0.0000000000,0.0000000000,0.0001886792,0.0002040816,0.0000000000,0.0002096436,0.0000000000,0.0002092488,0.0002107926,0.0001811922,0.0000000000,0.0000000000,0.0002657454,0.0000000000,0.0002083333,0.0000000000,0.0000000000,0.0002333722,0.0002091613,0.0000000000,0.0000000000,0.0004198153,0.0002100840,0.0004225650,0.0002157032,0.0000000000,0.0003427592,0.0001995211,0.0001998801,0.0002142245,0.0000000000,0.0000000000,0.0002066116,0.0001826484,0.0000000000
0.0000000000,0.0000000000,0.0000000000,0.0000000000,0.0000000000,0.0000000000,0.0000000000,0.0000000000,0.0000000000,0.0000000000,0.0000000000,0.0000000000,0.0000000000,0.0000000000,0.0000000000,0.0000000000,0.0000000000,0.0000000000,0.0000000000,0.0000000000,0.0000000000,0.0000000000,0.0000000000,0.0000000000,0.0000000000,0.0000000000,0.0000000000,0.0000000000,0.0000000000,0.0000000000,0.0000000000,0.0000000000,0.0000000000,0.0000000000,0.0000000000,0.0000000000,0.0000000000,0.0000000000,0.0000000000,0.0000000000,0.0000000000,0.0000000000,0.0000000000,0.0000000000,0.0000000000,0.0000000000,0.0000000000,0.0000000000,0.0000000000,0.0000000000,0.0000000000,0.0000000000,0.0000000000,0.0000000000,0.0000000000,0.0000000000,0.0000000000,0.0000000000,0.0000000000,0.0000000000,0.0000000000,0.0000000000,0.0000000000,0.0000000000,0.0000000000,0.0000000000,0.0000000000,0.0000000000,0.0000000000,0.0000000000,0.0000000000,0.0000000000,0.0000000000,0.0000000000,0.0000000000,0.0000000000,0.0000000000,0.0000000000,0.0000000000,0.0000000000,0.0000000000,0.0000000000,0.0000000000,0.0000000000,0.0000000000,0.0000000000,0.0000000000,0.0000000000,0.0000000000,0.0000000000,0.0000000000,0.0000000000,0.0000000000,0.0000000000,0.0000000000,0.0000000000,0.0000000000,0.0000000000,0.0000000000,0.0000000000,0.0000000000,0.0000000000,0.0000000000,0.0000000000,0.0000000000,0.0000000000,0.0000000000,0.0000000000,0.0000000000,0.0000000000,1.0000000000,0.0376786488,0.0202268431,0.0088395712,0.0069788797,0.0030903472,0.0009382623,0.0009208103,0.0011992804,0.0001936483,0.0001934610,0.0001943635,0.0000000000,0.0001998401,0.0002001601,0.0001933488,0.0005674295,0.0001762115,0.0001895735,0.0003958045,0.0000000000,0.0001894657,0.0001940241,0.0000000000,0.0000000000,0.0000000000,0.0004100041,0.0000000000,0.0000000000,0.0000000000,0.0000000000,0.0000000000,0.0002145923,0.0001939488,0.0000000000,0.0000000000,0.0000000000,0.0001947420,0.0001957330,0.0001995610,0.0000000000,0.0006443299,0.0000000000,0.0000000000,0.0005951200,0.0001773364,0.0000000000,0.0003835827,0.0001709402,0.0000000000
0.0000000000,0.0000000000,0.0000000000,0.0000000000,0.0000000000,0.0000000000,0.0000000000,0.0000000000,0.0000000000,0.0000000000,0.0000000000,0.0000000000,0.0000000000,0.0000000000,0.0000000000,0.0000000000,0.0000000000,0.0000000000,0.0000000000,0.0000000000,0.0000000000,0.0000000000,0.0000000000,0.0000000000,0.0000000000,0.0000000000,0.0000000000,0.0000000000,0.0000000000,0.0000000000,0.0000000000,0.0000000000,0.0000000000,0.0000000000,0.0000000000,0.0000000000,0.0000000000,0.0000000000,0.0000000000,0.0000000000,0.0000000000,0.0000000000,0.0000000000,0.0000000000,0.0000000000,0.0000000000,0.0000000000,0.0000000000,0.0000000000,0.0000000000,0.0000000000,0.0000000000,0.0000000000,0.0000000000,0.0000000000,0.0000000000,0.0000000000,0.0000000000,0.0000000000,0.0000000000,0.0000000000,0.0000000000,0.0000000000,0.0000000000,0.0000000000,0.0000000000,0.0000000000,0.0000000000,0.0000000000,0.0000000000,0.0000000000,0.0000000000,0.0000000000,0.0000000000,0.0000000000,0.0000000000,0.0000000000,0.0000000000,0.0000000000,0.0000000000,0.0000000000,0.0000000000,0.0000000000,0.0000000000,0.0000000000,0.0000000000,0.0000000000,0.0000000000,0.0000000000,0.0000000000,0.0000000000,0.0000000000,0.0000000000,0.0000000000,0.0000000000,0.0000000000,0.0000000000,0.0000000000,0.0000000000,0.0000000000,0.0000000000,0.0000000000,0.0000000000,0.0000000000,0.0000000000,0.0000000000,0.0000000000,0.0000000000,0.0000000000,0.0000000000,0.0000000000,1.0000000000,0.0405810468,0.0179504658,0.0094381036,0.0045523520,0.0024780356,0.0017609509,0.0016998543,0.0011693171,0.0004668534,0.0004694836,0.0004955401,0.0002427184,0.0017048222,0.0011671335,0.0027309968,0.0014629049,0.0006835270,0.0004797314,0.0007043907,0.0002275831,0.0002341920,0.0000000000,0.0001996008,0.0000000000,0.0000000000,0.0000000000,0.0000000000,0.0000000000,0.0000000000,0.0000000000,0.0005298013,0.0007025761,0.0002212879,0.0000000000,0.0002349624,0.0002352388,0.0000000000,0.0000000000,0.0000000000,0.0000000000,0.0004442470,0.0000000000,0.0000000000,0.0000000000,0.0004424779,0.0004618938,0.0002013693,0.0000000000
0.0000000000,0.0000000000,0.0000000000,0.0000000000,0.0000000000,0.0000000000,0.0000000000,0.0000000000,0.0000000000,0.0000000000,0.0000000000,0.0000000000,0.0000000000,0.0000000000,0.0000000000,0.0000000000,0.0000000000,0.0000000000,0.0000000000,0.0000000000,0.0000000000,0.0000000000,0.0000000000,0.0000000000,0.0000000000,0.0000000000,0.0000000000,0.0000000000,0.0000000000,0.0000000000,0.0000000000,0.0000000000,0.0000000000,0.0000000000,0.0000000000,0.0000000000,0.0000000000,0.0000000000,0.0000000000,0.0000000000,0.0000000000,0.0000000000,0.0000000000,0.0000000000,0.0000000000,0.0000000000,0.0000000000,0.0000000000,0.0000000000,0.0000000000,0.0000000000,0.0000000000,0.0000000000,0.0000000000,0.0000000000,0.0000000000,0.0000000000,0.0000000000,0.0000000000,0.0000000000,0.0000000000,0.0000000000,0.0000000000,0.0000000000,0.0000000000,0.0000000000,0.0000000000,0.0000000000,0.0000000000,0.0000000000,0.0000000000,0.0000000000,0.0000000000,0.0000000000,0.0000000000,0.0000000000,0.0000000000,0.0000000000,0.0000000000,0.0000000000,0.0000000000,0.0000000000,0.0000000000,0.0000000000,0.0000000000,0.0000000000,0.0000000000,0.0000000000,0.0000000000,0.0000000000,0.0000000000,0.0000000000,0.0000000000,0.0000000000,0.0000000000,0.0000000000,0.0000000000,0.0000000000,0.0000000000,0.0000000000,0.0000000000,0.0000000000,0.0000000000,0.0000000000,0.0000000000,0.0000000000,0.0000000000,0.0000000000,0.0000000000,0.0000000000,0.0000000000,0.0000000000,1.0000000000,0.0371201305,0.0207924676,0.0102198226,0.0049701789,0.0031128405,0.0016941974,0.0002047083,0.0006137480,0.0004110997,0.0004309416,0.0002116402,0.0004240882,0.0008179959,0.0015990406,0.0012987013,0.0012021639,0.0004189359,0.0006167763,0.0006003602,0.0000000000,0.0004133085,0.0003562522,0.0000000000,0.0000000000,0.0000000000,0.0002126302,0.0004085802,0.0002430134,0.0000000000,0.0002282584,0.0002050441,0.0000000000,0.0002100399,0.0002057190,0.0000000000,0.0000000000,0.0002113271,0.0000000000,0.0001685772,0.0001957713,0.0000000000,0.0002099076,0.0001865672,0.0003902439,0.0002025932,0.0001795010,0.0000000000
0.0000000000,0.0000000000,0.0000000000,0.0000000000,0.0000000000,0.0000000000,0.0000000000,0.0000000000,0.0000000000,0.0000000000,0.0000000000,0.0000000000,0.0000000000,0.0000000000,0.0000000000,0.0000000000,0.0000000000,0.0000000000,0.0000000000,0.0000000000,0.0000000000,0.0000000000,0.0000000000,0.0000000000,0.0000000000,0.0000000000,0.0000000000,0.0000000000,0.0000000000,0.0000000000,0.0000000000,0.0000000000,0.0000000000,0.0000000000,0.0000000000,0.0000000000,0.0000000000,0.0000000000,0.0000000000,0.0000000000,0.0000000000,0.0000000000,0.0000000000,0.0000000000,0.0000000000,0.0000000000,0.0000000000,0.0000000000,0.0000000000,0.0000000000,0.0000000000,0.0000000000,0.0000000000,0.0000000000,0.0000000000,0.0000000000,0.0000000000,0.0000000000,0.0000000000,0.0000000000,0.0000000000,0.0000000000,0.0000000000,0.0000000000,0.0000000000,0.0000000000,0.0000000000,0.0000000000,0.0000000000,0.0000000000,0.0000000000,0.0000000000,0.0000000000,0.0000000000,0.0000000000,0.0000000000,0.0000000000,0.0000000000,0.0000000000,0.0000000000,0.0000000000,0.0000000000,0.0000000000,0.0000000000,0.0000000000,0.0000000000,0.0000000000,0.0000000000,0.0000000000,0.0000000000,0.0000000000,0.0000000000,0.0000000000,0.0000000000,0.0000000000,0.0000000000,0.0000000000,0.0000000000,0.0000000000,0.0000000000,0.0000000000,0.0000000000,0.0000000000,0.0000000000,0.0000000000,0.0000000000,0.0000000000,0.0000000000,0.0000000000,0.0000000000,0.0000000000,0.0000000000,0.0000000000,1.0000000000,0.0459142395,0.0175918686,0.0082312789,0.0062856020,0.0032037591,0.0012378791,0.0010302905,0.0002069108,0.0000000000,0.0004263483,0.0002134927,0.0002057613,0.0004019293,0.0001864628,0.0000000000,0.0000000000,0.0004139073,0.0004028197,0.0002065262,0.0004161465,0.0000000000,0.0001945147,0.0002189621,0.0000000000,0.0000000000,0.0002056344,0.0002449780,0.0000000000,0.0002299908,0.0002064410,0.0000000000,0.0000000000,0.0004143360,0.0002073398,0.0002084636,0.0002128112,0.0000000000,0.0000000000,0.0001970443,0.0005924171,0.0000000000,0.0000000000,0.0000000000,0.0002039568,0.0000000000,0.0000000000
0.0000000000,0.0000000000,0.0000000000,0.0000000000,0.0000000000,0.0000000000,0.0000000000,0.0000000000,0.0000000000,0.0000000000,0.0000000000,0.0000000000,0.0000000000,0.0000000000,0.0000000000,0.0000000000,0.0000000000,0.0000000000,0.0000000000,0.0000000000,0.0000000000,0.0000000000,0.0000000000,0.0000000000,0.0000000000,0.0000000000,0.0000000000,0.0000000000,0.0000000000,0.0000000000,0.0000000000,0.0000000000,0.0000000000,0.0000000000,0.0000000000,0.0000000000,0.0000000000,0.0000000000,0.0000000000,0.0000000000,0.0000000000,0.0000000000,0.0000000000,0.0000000000,0.0000000000,0.0000000000,0.0000000000,0.0000000000,0.0000000000,0.0000000000,0.0000000000,0.0000000000,0.0000000000,0.0000000000,0.0000000000,0.0000000000,0.0000000000,0.0000000000,0.0000000000,0.0000000000,0.0000000000,0.0000000000,0.0000000000,0.0000000000,0.0000000000,0.0000000000,0.0000000000,0.0000000000,0.0000000000,0.0000000000,0.0000000000,0.0000000000,0.0000000000,0.0000000000,0.0000000000,0.0000000000,0.0000000000,0.0000000000,0.0000000000,0.0000000000,0.0000000000,0.0000000000,0.0000000000,0.0000000000,0.0000000000,0.0000000000,0.0000000000,0.0000000000,0.0000000000,0.0000000000,0.0000000000,0.0000000000,0.0000000000,0.0000000000,0.0000000000,0.0000000000,0.0000000000,0.0000000000,0.0000000000,0.0000000000,0.0000000000,0.0000000000,0.0000000000,0.0000000000,0.0000000000,0.0000000000,0.0000000000,0.0000000000,0.0000000000,0.0000000000,0.0000000000,0.0000000000,0.0000000000,0.0000000000,1.0000000000,0.0507103394,0.0220675944,0.0147115757,0.0056379202,0.0028237192,0.0024169184,0.0010105093,0.0010584251,0.0000000000,0.0002082032,0.0004017678,0.0003925417,0.0003648969,0.0003936233,0.0004115226,0.0002019386,0.0001966568,0.0004032258,0.0004060914,0.0000000000,0.0003803004,0.0002134016,0.0002534854,0.0004177109,0.0000000000,0.0000000000,0.0000000000,0.0002238639,0.0000000000,0.0003839509,0.0002063132,0.0008090615,0.0002023472,0.0002034174,0.0002075550,0.0002030869,0.0001661682,0.0003851338,0.0001928640,0.0000000000,0.0001836210,0.0000000000,0.0001991239,0.0000000000,0.0000000000
0.0000000000,0.0000000000,0.0000000000,0.0000000000,0.0000000000,0.0000000000,0.0000000000,0.0000000000,0.0000000000,0.0000000000,0.0000000000,0.0000000000,0.0000000000,0.0000000000,0.0000000000,0.0000000000,0.0000000000,0.0000000000,0.0000000000,0.0000000000,0.0000000000,0.0000000000,0.0000000000,0.0000000000,0.0000000000,0.0000000000,0.0000000000,0.0000000000,0.0000000000,0.0000000000,0.0000000000,0.0000000000,0.0000000000,0.0000000000,0.0000000000,0.0000000000,0.0000000000,0.0000000000,0.0000000000,0.0000000000,0.0000000000,0.0000000000,0.0000000000,0.0000000000,0.0000000000,0.0000000000,0.0000000000,0.0000000000,0.0000000000,0.0000000000,0.0000000000,0.0000000000,0.0000000000,0.0000000000,0.0000000000,0.0000000000,0.0000000000,0.0000000000,0.0000000000,0.0000000000,0.0000000000,0.0000000000,0.0000000000,0.0000000000,0.0000000000,0.0000000000,0.0000000000,0.0000000000,0.0000000000,0.0000000000,0.0000000000,0.0000000000,0.0000000000,0.0000000000,0.0000000000,0.0000000000,0.0000000000,0.0000000000,0.0000000000,0.0000000000,0.0000000000,0.0000000000,0.0000000000,0.0000000000,0.0000000000,0.0000000000,0.0000000000,0.0000000000,0.0000000000,0.0000000000,0.0000000000,0.0000000000,0.0000000000,0.0000000000,0.0000000000,0.0000000000,0.0000000000,0.0000000000,0.0000000000,0.0000000000,0.0000000000,0.0000000000,0.0000000000,0.0000000000,0.0000000000,0.0000000000,0.0000000000,0.0000000000,0.0000000000,0.0000000000,0.0000000000,0.0000000000,0.0000000000,0.0000000000,0.0000000000,1.0000000000,0.0418679549,0.0199072284,0.0112570356,0.0044132397,0.0038053275,0.0018075919,0.0008403361,0.0008259343,0.0006203474,0.0001994416,0.0001948938,0.0003625816,0.0001954270,0.0002042484,0.0002005214,0.0001953125,0.0000000000,0.0004032258,0.0000000000,0.0000000000,0.0002118195,0.0000000000,0.0000000000,0.0001993223,0.0000000000,0.0000000000,0.0004443457,0.0000000000,0.0001906578,0.0000000000,0.0000000000,0.0000000000,0.0000000000,0.0002060581,0.0002016536,0.0001652073,0.0003825555,0.0005749329,0.0002047083,0.0001824485,0.0000000000,0.0003955696,0.0003514321,0.0000000000
0.0000000000,0.0000000000,0.0000000000,0.0000000000,0.0000000000,0.0000000000,0.0000000000,0.0000000000,0.0000000000,0.0000000000,0.0000000000,0.0000000000,0.0000000000,0.0000000000,0.0000000000,0.0000000000,0.0000000000,0.0000000000,0.0000000000,0.0000000000,0.0000000000,0.0000000000,0.0000000000,0.0000000000,0.0000000000,0.0000000000,0.0000000000,0.0000000000,0.0000000000,0.0000000000,0.0000000000,0.0000000000,0.0000000000,0.0000000000,0.0000000000,0.0000000000,0.0000000000,0.0000000000,0.0000000000,0.0000000000,0.0000000000,0.0000000000,0.0000000000,0.0000000000,0.0000000000,0.0000000000,0.0000000000,0.0000000000,0.0000000000,0.0000000000,0.0000000000,0.0000000000,0.0000000000,0.0000000000,0.0000000000,0.0000000000,0.0000000000,0.0000000000,0.0000000000,0.0000000000,0.0000000000,0.0000000000,0.0000000000,0.0000000000,0.0000000000,0.0000000000,0.0000000000,0.0000000000,0.0000000000,0.0000000000,0.0000000000,0.0000000000,0.0000000000,0.0000000000,0.0000000000,0.0000000000,0.0000000000,0.0000000000,0.0000000000,0.0000000000,0.0000000000,0.0000000000,0.0000000000,0.0000000000,0.0000000000,0.0000000000,0.0000000000,0.0000000000,0.0000000000,0.0000000000,0.0000000000,0.0000000000,0.0000000000,0.0000000000,0.0000000000,0.0000000000,0.0000000000,0.0000000000,0.0000000000,0.0000000000,0.0000000000,0.0000000000,0.0000000000,0.0000000000,0.0000000000,0.0000000000,0.0000000000,0.0000000000,0.0000000000,0.0000000000,0.0000000000,0.0000000000,0.0000000000,0.0000000000,0.0000000000,0.0000000000,1.0000000000,0.0524901839,0.0221200175,0.0121720881,0.0075125209,0.0037609695,0.0028465076,0.0021491511,0.0008600301,0.0002070393,0.0002021427,0.0003750938,0.0000000000,0.0002122241,0.0000000000,0.0000000000,0.0000000000,0.0002093364,0.0000000000,0.0001956564,0.0000000000,0.0005270092,0.0000000000,0.0002069108,0.0000000000,0.0000000000,0.0006950880,0.0000000000,0.0000000000,0.0000000000,0.0004169272,0.0002086376,0.0000000000,0.0000000000,0.0002094241,0.0000000000,0.0000000000,0.0000000000,0.0000000000,0.0000000000,0.0001975114,0.0004105090,0.0001815541,0.0000000000
0.0000000000,0.0000000000,0.0000000000,0.0000000000,0.0000000000,0.0000000000,0.0000000000,0.0000000000,0.0000000000,0.0000000000,0.0000000000,0.0000000000,0.0000000000,0.0000000000,0.0000000000,0.0000000000,0.0000000000,0.0000000000,0.0000000000,0.0000000000,0.0000000000,0.0000000000,0.0000000000,0.0000000000,0.0000000000,0.0000000000,0.0000000000,0.0000000000,0.0000000000,0.0000000000,0.0000000000,0.0000000000,0.0000000000,0.0000000000,0.0000000000,0.0000000000,0.0000000000,0.0000000000,0.0000000000,0.0000000000,0.0000000000,0.0000000000,0.0000000000,0.0000000000,0.0000000000,0.0000000000,0.0000000000,0.0000000000,0.0000000000,0.0000000000,0.0000000000,0.0000000000,0.0000000000,0.0000000000,0.0000000000,0.0000000000,0.0000000000,0.0000000000,0.0000000000,0.0000000000,0.0000000000,0.0000000000,0.0000000000,0.0000000000,0.0000000000,0.0000000000,0.0000000000,0.0000000000,0.0000000000,0.0000000000,0.0000000000,0.0000000000,0.0000000000,0.0000000000,0.0000000000,0.0000000000,0.0000000000,0.0000000000,0.0000000000,0.0000000000,0.0000000000,0.0000000000,0.0000000000,0.0000000000,0.0000000000,0.0000000000,0.0000000000,0.0000000000,0.0000000000,0.0000000000,0.0000000000,0.0000000000,0.0000000000,0.0000000000,0.0000000000,0.0000000000,0.0000000000,0.0000000000,0.0000000000,0.0000000000,0.0000000000,0.0000000000,0.0000000000,0.0000000000,0.0000000000,0.0000000000,0.0000000000,0.0000000000,0.0000000000,0.0000000000,0.0000000000,0.0000000000,0.0000000000,0.0000000000,0.0000000000,0.0000000000,0.0000000000,1.0000000000,0.0472216121,0.0220008302,0.0135718692,0.0071868583,0.0049377415,0.0035812092,0.0018959343,0.0008116883,0.0003962750,0.0003681207,0.0003973773,0.0002077706,0.0002039152,0.0001985309,0.0000000000,0.0002050021,0.0000000000,0.0001918649,0.0000000000,0.0002566076,0.0000000000,0.0000000000,0.0000000000,0.0000000000,0.0002262955,0.0002034588,0.0001937234,0.0000000000,0.0000000000,0.0002043318,0.0000000000,0.0000000000,0.0006155109,0.0001675042,0.0000000000,0.0000000000,0.0004165799,0.0000000000,0.0001936483,0.0004021717,0.0003566334,0.0003365870
0.0000000000,0.0000000000,0.0000000000,0.0000000000,0.0000000000,0.0000000000,0.0000000000,0.0000000000,0.0000000000,0.0000000000,0.0000000000,0.0000000000,0.0000000000,0.0000000000,0.0000000000,0.0000000000,0.0000000000,0.0000000000,0.0000000000,0.0000000000,0.0000000000,0.0000000000,0.0000000000,0.0000000000,0.0000000000,0.0000000000,0.0000000000,0.0000000000,0.0000000000,0.0000000000,0.0000000000,0.0000000000,0.0000000000,0.0000000000,0.0000000000,0.0000000000,0.0000000000,0.0000000000,0.0000000000,0.0000000000,0.0000000000,0.0000000000,0.0000000000,0.0000000000,0.0000000000,0.0000000000,0.0000000000,0.0000000000,0.0000000000,0.0000000000,0.0000000000,0.0000000000,0.0000000000,0.0000000000,0.0000000000,0.0000000000,0.0000000000,0.0000000000,0.0000000000,0.0000000000,0.0000000000,0.0000000000,0.0000000000,0.0000000000,0.0000000000,0.0000000000,0.0000000000,0.0000000000,0.0000000000,0.0000000000,0.0000000000,0.0000000000,0.0000000000,0.0000000000,0.0000000000,0.0000000000,0.0000000000,0.0000000000,0.0000000000,0.0000000000,0.0000000000,0.0000000000,0.0000000000,0.0000000000,0.0000000000,0.0000000000,0.0000000000,0.0000000000,0.0000000000,0.0000000000,0.0000000000,0.0000000000,0.0000000000,0.0000000000,0.0000000000,0.0000000000,0.0000000000,0.0000000000,0.0000000000,0.0000000000,0.0000000000,0.0000000000,0.0000000000,0.0000000000,0.0000000000,0.0000000000,0.0000000000,0.0000000000,0.0000000000,0.0000000000,0.0000000000,0.0000000000,0.0000000000,0.0000000000,0.0000000000,0.0000000000,0.0000000000,0.0000000000,1.0000000000,0.0460465116,0.0194702287,0.0101488498,0.0049598488,0.0034698126,0.0020828512,0.0013333333,0.0004328068,0.0003994408,0.0002170139,0.0000000000,0.0000000000,0.0000000000,0.0000000000,0.0000000000,0.0000000000,0.0000000000,0.0000000000,0.0002881014,0.0002317497,0.0000000000,0.0000000000,0.0000000000,0.0000000000,0.0000000000,0.0000000000,0.0000000000,0.0000000000,0.0000000000,0.0000000000,0.0000000000,0.0000000000,0.0000000000,0.0002118644,0.0002122692,0.0000000000,0.0002011263,0.0002110595,0.0000000000,0.0001929385,0.0003929273
0.0000000000,0.0000000000,0.0000000000,0.0000000000,0.0000000000,0.0000000000,0.0000000000,0.0000000000,0.0000000000,0.0000000000,0.0000000000,0.0000000000,0.0000000000,0.0000000000,0.0000000000,0.0000000000,0.0000000000,0.0000000000,0.0000000000,0.0000000000,0.0000000000,0.0000000000,0.0000000000,0.0000000000,0.0000000000,0.0000000000,0.0000000000,0.0000000000,0.0000000000,0.0000000000,0.0000000000,0.0000000000,0.0000000000,0.0000000000,0.0000000000,0.0000000000,0.0000000000,0.0000000000,0.0000000000,0.0000000000,0.0000000000,0.0000000000,0.0000000000,0.0000000000,0.0000000000,0.0000000000,0.0000000000,0.0000000000,0.0000000000,0.0000000000,0.0000000000,0.0000000000,0.0000000000,0.0000000000,0.0000000000,0.0000000000,0.0000000000,0.0000000000,0.0000000000,0.0000000000,0.0000000000,0.0000000000,0.0000000000,0.0000000000,0.0000000000,0.0000000000,0.0000000000,0.0000000000,0.0000000000,0.0000000000,0.0000000000,0.0000000000,0.0000000000,0.0000000000,0.0000000000,0.0000000000,0.0000000000,0.0000000000,0.0000000000,0.0000000000,0.0000000000,0.0000000000,0.0000000000,0.0000000000,0.0000000000,0.0000000000,0.0000000000,0.0000000000,0.0000000000,0.0000000000,0.0000000000,0.0000000000,0.0000000000,0.0000000000,0.0000000000,0.0000000000,0.0000000000,0.0000000000,0.0000000000,0.0000000000,0.0000000000,0.0000000000,0.0000000000,0.0000000000,0.0000000000,0.0000000000,0.0000000000,0.0000000000,0.0000000000,0.0000000000,0.0000000000,0.0000000000,0.0000000000,0.0000000000,0.0000000000,0.0000000000,0.0000000000,0.0000000000,0.0000000000,1.0000000000,0.0418157424,0.0222761359,0.0100755668,0.0069460004,0.0053787539,0.0017189514,0.0004186728,0.0005811701,0.0004199034,0.0004403347,0.0002157963,0.0000000000,0.0000000000,0.0000000000,0.0001857700,0.0000000000,0.0002289377,0.0002757100,0.0002236636,0.0000000000,0.0000000000,0.0000000000,0.0004821601,0.0000000000,0.0000000000,0.0004416961,0.0000000000,0.0000000000,0.0000000000,0.0002222222,0.0004343105,0.0001754386,0.0002050861,0.0000000000,0.0002206531,0.0001950078,0.0002043318,0.0002125850,0.0003746722,0.0003702332
0.0000000000,0.0000000000,0.0000000000,0.0000000000,0.0000000000,0.0000000000,0.0000000000,0.0000000000,0.0000000000,0.0000000000,0.0000000000,0.0000000000,0.0000000000,0.0000000000,0.0000000000,0.0000000000,0.0000000000,0.0000000000,0.0000000000,0.0000000000,0.0000000000,0.0000000000,0.0000000000,0.0000000000,0.0000000000,0.0000000000,0.0000000000,0.0000000000,0.0000000000,0.0000000000,0.0000000000,0.0000000000,0.0000000000,0.0000000000,0.0000000000,0.0000000000,0.0000000000,0.0000000000,0.0000000000,0.0000000000,0.0000000000,0.0000000000,0.0000000000,0.0000000000,0.0000000000,0.0000000000,0.0000000000,0.0000000000,0.0000000000,0.0000000000,0.0000000000,0.0000000000,0.0000000000,0.0000000000,0.0000000000,0.0000000000,0.0000000000,0.0000000000,0.0000000000,0.0000000000,0.0000000000,0.0000000000,0.0000000000,0.0000000000,0.0000000000,0.0000000000,0.0000000000,0.0000000000,0.0000000000,0.0000000000,0.0000000000,0.0000000000,0.0000000000,0.0000000000,0.0000000000,0.0000000000,0.0000000000,0.0000000000,0.0000000000,0.0000000000,0.0000000000,0.0000000000,0.0000000000,0.0000000000,0.0000000000,0.0000000000,0.0000000000,0.0000000000,0.0000000000,0.0000000000,0.0000000000,0.0000000000,0.0000000000,0.0000000000,0.0000000000,0.0000000000,0.0000000000,0.0000000000,0.0000000000,0.0000000000,0.0000000000,0.0000000000,0.0000000000,0.0000000000,0.0000000000,0.0000000000,0.0000000000,0.0000000000,0.0000000000,0.0000000000,0.0000000000,0.0000000000,0.0000000000,0.0000000000,0.0000000000,0.0000000000,0.0000000000,0.0000000000,0.0000000000,0.0000000000,1.0000000000,0.0426966292,0.0168086576,0.0130601216,0.0069506726,0.0030088115,0.0010462440,0.0005806077,0.0006293266,0.0004398505,0.0000000000,0.0002095557,0.0002151463,0.0000000000,0.0001855976,0.0000000000,0.0000000000,0.0000000000,0.0000000000,0.0002141786,0.0002572016,0.0000000000,0.0002407318,0.0000000000,0.0002042067,0.0000000000,0.0002157963,0.0002160294,0.0002172496,0.0000000000,0.0002168727,0.0001752848,0.0000000000,0.0000000000,0.0004409171,0.0000000000,0.0002041233,0.0004248088,0.0001871257,0.0000000000
0.0000000000,0.0000000000,0.0000000000,0.0000000000,0.0000000000,0.0000000000,0.0000000000,0.0000000000,0.0000000000,0.0000000000,0.0000000000,0.0000000000,0.0000000000,0.0000000000,0.0000000000,0.0000000000,0.0000000000,0.0000000000,0.0000000000,0.0000000000,0.0000000000,0.0000000000,0.0000000000,0.0000000000,0.0000000000,0.0000000000,0.0000000000,0.0000000000,0.0000000000,0.0000000000,0.0000000000,0.0000000000,0.0000000000,0.0000000000,0.0000000000,0.0000000000,0.0000000000,0.0000000000,0.0000000000,0.0000000000,0.0000000000,0.0000000000,0.0000000000,0.0000000000,0.0000000000,0.0000000000,0.0000000000,0.0000000000,0.0000000000,0.0000000000,0.0000000000,0.0000000000,0.0000000000,0.0000000000,0.0000000000,0.0000000000,0.0000000000,0.0000000000,0.0000000000,0.0000000000,0.0000000000,0.0000000000,0.0000000000,0.0000000000,0.0000000000,0.0000000000,0.0000000000,0.0000000000,0.0000000000,0.0000000000,0.0000000000,0.0000000000,0.0000000000,0.0000000000,0.0000000000,0.0000000000,0.0000000000,0.0000000000,0.0000000000,0.0000000000,0.0000000000,0.0000000000,0.0000000000,0.0000000000,0.0000000000,0.0000000000,0.0000000000,0.0000000000,0.0000000000,0.0000000000,0.0000000000,0.0000000000,0.0000000000,0.0000000000,0.0000000000,0.0000000000,0.0000000000,0.0000000000,0.0000000000,0.0000000000,0.0000000000,0.0000000000,0.0000000000,0.0000000000,0.0000000000,0.0000000000,0.0000000000,0.0000000000,0.0000000000,0.0000000000,0.0000000000,0.0000000000,0.0000000000,0.0000000000,0.0000000000,0.0000000000,0.0000000000,0.0000000000,0.0000000000,0.0000000000,0.0000000000,1.0000000000,0.0442225392,0.0205245154,0.0106334842,0.0056313624,0.0037958667,0.0009725734,0.0004215852,0.0006634233,0.0002166847,0.0004213187,0.0002162630,0.0006540222,0.0001864280,0.0000000000,0.0000000000,0.0000000000,0.0000000000,0.0004306632,0.0000000000,0.0000000000,0.0002421308,0.0000000000,0.0002052124,0.0002217295,0.0000000000,0.0000000000,0.0000000000,0.0002231645,0.0000000000,0.0000000000,0.0002058884,0.0002062706,0.0002215821,0.0000000000,0.0002051282,0.0002134472,0.0001879699,0.0003728561
0.0000000000,0.0000000000,0.0000000000,0.0000000000,0.0000000000,0.0000000000,0.0000000000,0.0000000000,0.0000000000,0.0000000000,0.0000000000,0.0000000000,0.0000000000,0.0000000000,0.0000000000,0.0000000000,0.0000000000,0.0000000000,0.0000000000,0.0000000000,0.0000000000,0.0000000000,0.0000000000,0.0000000000,0.0000000000,0.0000000000,0.0000000000,0.0000000000,0.0000000000,0.0000000000,0.0000000000,0.0000000000,0.0000000000,0.0000000000,0.0000000000,0.0000000000,0.0000000000,0.0000000000,0.0000000000,0.0000000000,0.0000000000,0.0000000000,0.0000000000,0.0000000000,0.0000000000,0.0000000000,0.0000000000,0.0000000000,0.0000000000,0.0000000000,0.0000000000,0.0000000000,0.0000000000,0.0000000000,0.0000000000,0.0000000000,0.0000000000,0.0000000000,0.0000000000,0.0000000000,0.0000000000,0.0000000000,0.0000000000,0.0000000000,0.0000000000,0.0000000000,0.0000000000,0.0000000000,0.0000000000,0.0000000000,0.0000000000,0.0000000000,0.0000000000,0.0000000000,0.0000000000,0.0000000000,0.0000000000,0.0000000000,0.0000000000,0.0000000000,0.0000000000,0.0000000000,0.0000000000,0.0000000000,0.0000000000,0.0000000000,0.0000000000,0.0000000000,0.0000000000,0.0000000000,0.0000000000,0.0000000000,0.0000000000,0.0000000000,0.0000000000,0.0000000000,0.0000000000,0.0000000000,0.0000000000,0.0000000000,0.0000000000,0.0000000000,0.0000000000,0.0000000000,0.0000000000,0.0000000000,0.0000000000,0.0000000000,0.0000000000,0.0000000000,0.0000000000,0.0000000000,0.0000000000,0.0000000000,0.0000000000,0.0000000000,0.0000000000,0.0000000000,0.0000000000,0.0000000000,0.0000000000,0.0000000000,1.0000000000,0.0363237445,0.0194617972,0.0079835766,0.0057649667,0.0024439919,0.0013286094,0.0004652245,0.0002277386,0.0002210433,0.0000000000,0.0004582951,0.0000000000,0.0002128112,0.0002424242,0.0000000000,0.0002365184,0.0004524887,0.0000000000,0.0000000000,0.0002560164,0.0000000000,0.0000000000,0.0000000000,0.0002279982,0.0000000000,0.0000000000,0.0000000000,0.0000000000,0.0003665689,0.0002158429,0.0002162630,0.0004664179,0.0000000000,0.0000000000,0.0000000000,0.0003925417,0.0000000000
0.0000000000,0.0000000000,0.0000000000,0.0000000000,0.0000000000,0.0000000000,0.0000000000,0.0000000000,0.0000000000,0.0000000000,0.0000000000,0.0000000000,0.0000000000,0.0000000000,0.0000000000,0.0000000000,0.0000000000,0.0000000000,0.0000000000,0.0000000000,0.0000000000,0.0000000000,0.0000000000,0.0000000000,0.0000000000,0.0000000000,0.0000000000,0.0000000000,0.0000000000,0.0000000000,0.0000000000,0.0000000000,0.0000000000,0.0000000000,0.0000000000,0.0000000000,0.0000000000,0.0000000000,0.0000000000,0.0000000000,0.0000000000,0.0000000000,0.0000000000,0.0000000000,0.0000000000,0.0000000000,0.0000000000,0.0000000000,0.0000000000,0.0000000000,0.0000000000,0.0000000000,0.0000000000,0.0000000000,0.0000000000,0.0000000000,0.0000000000,0.0000000000,0.0000000000,0.0000000000,0.0000000000,0.0000000000,0.0000000000,0.0000000000,0.0000000000,0.0000000000,0.0000000000,0.0000000000,0.0000000000,0.0000000000,0.0000000000,0.0000000000,0.0000000000,0.0000000000,0.0000000000,0.0000000000,0.0000000000,0.0000000000,0.0000000000,0.0000000000,0.0000000000,0.0000000000,0.0000000000,0.0000000000,0.0000000000,0.0000000000,0.0000000000,0.0000000000,0.0000000000,0.0000000000,0.0000000000,0.0000000000,0.0000000000,0.0000000000,0.0000000000,0.0000000000,0.0000000000,0.0000000000,0.0000000000,0.0000000000,0.0000000000,0.0000000000,0.0000000000,0.0000000000,0.0000000000,0.0000000000,0.0000000000,0.0000000000,0.0000000000,0.0000000000,0.0000000000,0.0000000000,0.0000000000,0.0000000000,0.0000000000,0.0000000000,0.0000000000,0.0000000000,0.0000000000,0.0000000000,0.0000000000,0.0000000000,0.0000000000,1.0000000000,0.0411552347,0.0201676864,0.0116075339,0.0048183096,0.0028310105,0.0011418132,0.0008946544,0.0008688097,0.0006694934,0.0004497414,0.0000000000,0.0000000000,0.0000000000,0.0000000000,0.0002319647,0.0000000000,0.0000000000,0.0000000000,0.0000000000,0.0002229654,0.0000000000,0.0000000000,0.0006715917,0.0002240143,0.0006762849,0.0002304147,0.0006750675,0.0001805054,0.0000000000,0.0000000000,0.0002287283,0.0000000000,0.0000000000,0.0006605020,0.0000000000,0.0000000000
0.0000000000,0.0000000000,0.0000000000,0.0000000000,0.0000000000,0.0000000000,0.0000000000,0.0000000000,0.0000000000,0.0000000000,0.0000000000,0.0000000000,0.0000000000,0.0000000000,0.0000000000,0.0000000000,0.0000000000,0.0000000000,0.0000000000,0.0000000000,0.0000000000,0.0000000000,0.0000000000,0.0000000000,0.0000000000,0.0000000000,0.0000000000,0.0000000000,0.0000000000,0.0000000000,0.0000000000,0.0000000000,0.0000000000,0.0000000000,0.0000000000,0.0000000000,0.0000000000,0.0000000000,0.0000000000,0.0000000000,0.0000000000,0.0000000000,0.0000000000,0.0000000000,0.0000000000,0.0000000000,0.0000000000,0.0000000000,0.0000000000,0.0000000000,0.0000000000,0.0000000000,0.0000000000,0.0000000000,0.0000000000,0.0000000000,0.0000000000,0.0000000000,0.0000000000,0.0000000000,0.0000000000,0.0000000000,0.0000000000,0.0000000000,0.0000000000,0.0000000000,0.0000000000,0.0000000000,0.0000000000,0.0000000000,0.0000000000,0.0000000000,0.0000000000,0.0000000000,0.0000000000,0.0000000000,0.0000000000,0.0000000000,0.0000000000,0.0000000000,0.0000000000,0.0000000000,0.0000000000,0.0000000000,0.0000000000,0.0000000000,0.0000000000,0.0000000000,0.0000000000,0.0000000000,0.0000000000,0.0000000000,0.0000000000,0.0000000000,0.0000000000,0.0000000000,0.0000000000,0.0000000000,0.0000000000,0.0000000000,0.0000000000,0.0000000000,0.0000000000,0.0000000000,0.0000000000,0.0000000000,0.0000000000,0.0000000000,0.0000000000,0.0000000000,0.0000000000,0.0000000000,0.0000000000,0.0000000000,0.0000000000,0.0000000000,0.0000000000,0.0000000000,0.0000000000,0.0000000000,0.0000000000,0.0000000000,0.0000000000,0.0000000000,1.0000000000,0.0490196078,0.0201327434,0.0092910523,0.0041502840,0.0022904260,0.0013449899,0.0008703220,0.0006706908,0.0000000000,0.0001917546,0.0002094680,0.0002380952,0.0000000000,0.0002323960,0.0002224199,0.0000000000,0.0000000000,0.0005025126,0.0004468275,0.0002116850,0.0004587156,0.0004484305,0.0002244165,0.0002257336,0.0004617871,0.0002253267,0.0001807664,0.0000000000,0.0000000000,0.0000000000,0.0000000000,0.0002115954,0.0000000000,0.0000000000,0.0000000000
0.0000000000,0.0000000000,0.0000000000,0.0000000000,0.0000000000,0.0000000000,0.0000000000,0.0000000000,0.0000000000,0.0000000000,0.0000000000,0.0000000000,0.0000000000,0.0000000000,0.0000000000,0.0000000000,0.0000000000,0.0000000000,0.0000000000,0.0000000000,0.0000000000,0.0000000000,0.0000000000,0.0000000000,0.0000000000,0.0000000000,0.0000000000,0.0000000000,0.0000000000,0.0000000000,0.0000000000,0.0000000000,0.0000000000,0.0000000000,0.0000000000,0.0000000000,0.0000000000,0.0000000000,0.0000000000,0.0000000000,0.0000000000,0.0000000000,0.0000000000,0.0000000000,0.0000000000,0.0000000000,0.0000000000,0.0000000000,0.0000000000,0.0000000000,0.0000000000,0.0000000000,0.0000000000,0.0000000000,0.0000000000,0.0000000000,0.0000000000,0.0000000000,0.0000000000,0.0000000000,0.0000000000,0.0000000000,0.0000000000,0.0000000000,0.0000000000,0.0000000000,0.0000000000,0.0000000000,0.0000000000,0.0000000000,0.0000000000,0.0000000000,0.0000000000,0.0000000000,0.0000000000,0.0000000000,0.0000000000,0.0000000000,0.0000000000,0.0000000000,0.0000000000,0.0000000000,0.0000000000,0.0000000000,0.0000000000,0.0000000000,0.0000000000,0.0000000000,0.0000000000,0.0000000000,0.0000000000,0.0000000000,0.0000000000,0.0000000000,0.0000000000,0.0000000000,0.0000000000,0.0000000000,0.0000000000,0.0000000000,0.0000000000,0.0000000000,0.0000000000,0.0000000000,0.0000000000,0.0000000000,0.0000000000,0.0000000000,0.0000000000,0.0000000000,0.0000000000,0.0000000000,0.0000000000,0.0000000000,0.0000000000,0.0000000000,0.0000000000,0.0000000000,0.0000000000,0.0000000000,0.0000000000,0.0000000000,0.0000000000,0.0000000000,0.0000000000,1.0000000000,0.0365959290,0.0149107318,0.0084512994,0.0028640670,0.0021584287,0.0014678130,0.0008605852,0.0008671147,0.0001854943,0.0002020202,0.0000000000,0.0002751032,0.0002232641,0.0000000000,0.0002570033,0.0000000000,0.0000000000,0.0002149151,0.0000000000,0.0000000000,0.0000000000,0.0000000000,0.0000000000,0.0002218279,0.0002167317,0.0001751927,0.0000000000,0.0002051282,0.0002202643,0.0001947040,0.0000000000,0.0002122241,0.0000000000,0.0000000000
0.0000000000,0.0000000000,0.0000000000,0.0000000000,0.0000000000,0.0000000000,0.0000000000,0.0000000000,0.0000000000,0.0000000000,0.0000000000,0.0000000000,0.0000000000,0.0000000000,0.0000000000,0.0000000000,0.0000000000,0.0000000000,0.0000000000,0.0000000000,0.0000000000,0.0000000000,0.0000000000,0.0000000000,0.0000000000,0.0000000000,0.0000000000,0.0000000000,0.0000000000,0.0000000000,0.0000000000,0.0000000000,0.0000000000,0.0000000000,0.0000000000,0.0000000000,0.0000000000,0.0000000000,0.0000000000,0.0000000000,0.0000000000,0.0000000000,0.0000000000,0.0000000000,0.0000000000,0.0000000000,0.0000000000,0.0000000000,0.0000000000,0.0000000000,0.0000000000,0.0000000000,0.0000000000,0.0000000000,0.0000000000,0.0000000000,0.0000000000,0.0000000000,0.0000000000,0.0000000000,0.0000000000,0.0000000000,0.0000000000,0.0000000000,0.0000000000,0.0000000000,0.0000000000,0.0000000000,0.0000000000,0.0000000000,0.0000000000,0.0000000000,0.0000000000,0.0000000000,0.0000000000,0.0000000000,0.0000000000,0.0000000000,0.0000000000,0.0000000000,0.0000000000,0.0000000000,0.0000000000,0.0000000000,0.0000000000,0.0000000000,0.0000000000,0.0000000000,0.0000000000,0.0000000000,0.0000000000,0.0000000000,0.0000000000,0.0000000000,0.0000000000,0.0000000000,0.0000000000,0.0000000000,0.0000000000,0.0000000000,0.0000000000,0.0000000000,0.0000000000,0.0000000000,0.0000000000,0.0000000000,0.0000000000,0.0000000000,0.0000000000,0.0000000000,0.0000000000,0.0000000000,0.0000000000,0.0000000000,0.0000000000,0.0000000000,0.0000000000,0.0000000000,0.0000000000,0.0000000000,0.0000000000,0.0000000000,0.0000000000,0.0000000000,0.0000000000,0.0000000000,1.0000000000,0.0446287520,0.0183256976,0.0058164584,0.0029498525,0.0024585126,0.0008394544,0.0012690355,0.0001815541,0.0003947888,0.0000000000,0.0000000000,0.0002175805,0.0006266973,0.0002495010,0.0000000000,0.0002339729,0.0004193751,0.0003987241,0.0000000000,0.0000000000,0.0002105706,0.0000000000,0.0000000000,0.0000000000,0.0001716738,0.0000000000,0.0002003205,0.0002147305,0.0000000000,0.0000000000,0.0000000000,0.0001830161,0.0000000000
0.0000000000,0.0000000000,0.0000000000,0.0000000000,0.0000000000,0.0000000000,0.0000000000,0.0000000000,0.0000000000,0.0000000000,0.0000000000,0.0000000000,0.0000000000,0.0000000000,0.0000000000,0.0000000000,0.0000000000,0.0000000000,0.0000000000,0.0000000000,0.0000000000,0.0000000000,0.0000000000,0.0000000000,0.0000000000,0.0000000000,0.0000000000,0.0000000000,0.0000000000,0.0000000000,0.0000000000,0.0000000000,0.0000000000,0.0000000000,0.0000000000,0.0000000000,0.0000000000,0.0000000000,0.0000000000,0.0000000000,0.0000000000,0.0000000000,0.0000000000,0.0000000000,0.0000000000,0.0000000000,0.0000000000,0.0000000000,0.0000000000,0.0000000000,0.0000000000,0.0000000000,0.0000000000,0.0000000000,0.0000000000,0.0000000000,0.0000000000,0.0000000000,0.0000000000,0.0000000000,0.0000000000,0.0000000000,0.0000000000,0.0000000000,0.0000000000,0.0000000000,0.0000000000,0.0000000000,0.0000000000,0.0000000000,0.0000000000,0.0000000000,0.0000000000,0.0000000000,0.0000000000,0.0000000000,0.0000000000,0.0000000000,0.0000000000,0.0000000000,0.0000000000,0.0000000000,0.0000000000,0.0000000000,0.0000000000,0.0000000000,0.0000000000,0.0000000000,0.0000000000,0.0000000000,0.0000000000,0.0000000000,0.0000000000,0.0000000000,0.0000000000,0.0000000000,0.0000000000,0.0000000000,0.0000000000,0.0000000000,0.0000000000,0.0000000000,0.0000000000,0.0000000000,0.0000000000,0.0000000000,0.0000000000,0.0000000000,0.0000000000,0.0000000000,0.0000000000,0.0000000000,0.0000000000,0.0000000000,0.0000000000,0.0000000000,0.0000000000,0.0000000000,0.0000000000,0.0000000000,0.0000000000,0.0000000000,0.0000000000,0.0000000000,0.0000000000,0.0000000000,0.0000000000,1.0000000000,0.0404259515,0.0116069642,0.0066510172,0.0036121673,0.0023332685,0.0017609078,0.0005091650,0.0003668379,0.0000000000,0.0000000000,0.0002007226,0.0003865481,0.0000000000,0.0000000000,0.0002145923,0.0005820722,0.0003702332,0.0000000000,0.0001945525,0.0001947420,0.0001957330,0.0000000000,0.0000000000,0.0001610047,0.0000000000,0.0000000000,0.0000000000,0.0000000000,0.0000000000,0.0003835827,0.0003419388,0.0000000000
0.0000000000,0.0000000000,0.0000000000,0.0000000000,0.0000000000,0.0000000000,0.0000000000,0.0000000000,0.0000000000,0.0000000000,0.0000000000,0.0000000000,0.0000000000,0.0000000000,0.0000000000,0.0000000000,0.0000000000,0.0000000000,0.0000000000,0.0000000000,0.0000000000,0.0000000000,0.0000000000,0.0000000000,0.0000000000,0.0000000000,0.0000000000,0.0000000000,0.0000000000,0.0000000000,0.0000000000,0.0000000000,0.0000000000,0.0000000000,0.0000000000,0.0000000000,0.0000000000,0.0000000000,0.0000000000,0.0000000000,0.0000000000,0.0000000000,0.0000000000,0.0000000000,0.0000000000,0.0000000000,0.0000000000,0.0000000000,0.0000000000,0.0000000000,0.0000000000,0.0000000000,0.0000000000,0.0000000000,0.0000000000,0.0000000000,0.0000000000,0.0000000000,0.0000000000,0.0000000000,0.0000000000,0.0000000000,0.0000000000,0.0000000000,0.0000000000,0.0000000000,0.0000000000,0.0000000000,0.0000000000,0.0000000000,0.0000000000,0.0000000000,0.0000000000,0.0000000000,0.0000000000,0.0000000000,0.0000000000,0.0000000000,0.0000000000,0.0000000000,0.0000000000,0.0000000000,0.0000000000,0.0000000000,0.0000000000,0.0000000000,0.0000000000,0.0000000000,0.0000000000,0.0000000000,0.0000000000,0.0000000000,0.0000000000,0.0000000000,0.0000000000,0.0000000000,0.0000000000,0.0000000000,0.0000000000,0.0000000000,0.0000000000,0.0000000000,0.0000000000,0.0000000000,0.0000000000,0.0000000000,0.0000000000,0.0000000000,0.0000000000,0.0000000000,0.0000000000,0.0000000000,0.0000000000,0.0000000000,0.0000000000,0.0000000000,0.0000000000,0.0000000000,0.0000000000,0.0000000000,0.0000000000,0.0000000000,0.0000000000,0.0000000000,0.0000000000,0.0000000000,0.0000000000,0.0000000000,1.0000000000,0.0269137437,0.0121561100,0.0061868426,0.0029529635,0.0019104224,0.0009107468,0.0003958828,0.0002232641,0.0002675227,0.0002182453,0.0000000000,0.0000000000,0.0000000000,0.0002347418,0.0000000000,0.0003998401,0.0002155172,0.0004220300,0.0004224757,0.0002123593,0.0000000000,0.0000000000,0.0001720874,0.0002005214,0.0002008839,0.0000000000,0.0001908761,0.0001998002,0.0002076843,0.0003670398,0.0000000000
0.0000000000,0.0000000000,0.0000000000,0.0000000000,0.0000000000,0.0000000000,0.0000000000,0.0000000000,0.0000000000,0.0000000000,0.0000000000,0.0000000000,0.0000000000,0.0000000000,0.0000000000,0.0000000000,0.0000000000,0.0000000000,0.0000000000,0.0000000000,0.0000000000,0.0000000000,0.0000000000,0.0000000000,0.0000000000,0.0000000000,0.0000000000,0.0000000000,0.0000000000,0.0000000000,0.0000000000,0.0000000000,0.0000000000,0.0000000000,0.0000000000,0.0000000000,0.0000000000,0.0000000000,0.0000000000,0.0000000000,0.0000000000,0.0000000000,0.0000000000,0.0000000000,0.0000000000,0.0000000000,0.0000000000,0.0000000000,0.0000000000,0.0000000000,0.0000000000,0.0000000000,0.0000000000,0.0000000000,0.0000000000,0.0000000000,0.0000000000,0.0000000000,0.0000000000,0.0000000000,0.0000000000,0.0000000000,0.0000000000,0.0000000000,0.0000000000,0.0000000000,0.0000000000,0.0000000000,0.0000000000,0.0000000000,0.0000000000,0.0000000000,0.0000000000,0.0000000000,0.0000000000,0.0000000000,0.0000000000,0.0000000000,0.0000000000,0.0000000000,0.0000000000,0.0000000000,0.0000000000,0.0000000000,0.0000000000,0.0000000000,0.0000000000,0.0000000000,0.0000000000,0.0000000000,0.0000000000,0.0000000000,0.0000000000,0.0000000000,0.0000000000,0.0000000000,0.0000000000,0.0000000000,0.0000000000,0.0000000000,0.0000000000,0.0000000000,0.0000000000,0.0000000000,0.0000000000,0.0000000000,0.0000000000,0.0000000000,0.0000000000,0.0000000000,0.0000000000,0.0000000000,0.0000000000,0.0000000000,0.0000000000,0.0000000000,0.0000000000,0.0000000000,0.0000000000,0.0000000000,0.0000000000,0.0000000000,0.0000000000,0.0000000000,0.0000000000,0.0000000000,0.0000000000,0.0000000000,0.0000000000,1.0000000000,0.0489105239,0.0203723987,0.0116019634,0.0060375671,0.0038066235,0.0020733983,0.0021176471,0.0002843332,0.0009178522,0.0002195872,0.0000000000,0.0000000000,0.0000000000,0.0000000000,0.0000000000,0.0006791940,0.0002212879,0.0002215330,0.0000000000,0.0000000000,0.0000000000,0.0000000000,0.0002098196,0.0004205214,0.0000000000,0.0001992826,0.0004181476,0.0002176752,0.0001912412,0.0000000000
0.0000000000,0.0000000000,0.0000000000,0.0000000000,0.0000000000,0.0000000000,0.0000000000,0.0000000000,0.0000000000,0.0000000000,0.0000000000,0.0000000000,0.0000000000,0.0000000000,0.0000000000,0.0000000000,0.0000000000,0.0000000000,0.0000000000,0.0000000000,0.0000000000,0.0000000000,0.0000000000,0.0000000000,0.0000000000,0.0000000000,0.0000000000,0.0000000000,0.0000000000,0.0000000000,0.0000000000,0.0000000000,0.0000000000,0.0000000000,0.0000000000,0.0000000000,0.0000000000,0.0000000000,0.0000000000,0.0000000000,0.0000000000,0.0000000000,0.0000000000,0.0000000000,0.0000000000,0.0000000000,0.0000000000,0.0000000000,0.0000000000,0.0000000000,0.0000000000,0.0000000000,0.0000000000,0.0000000000,0.0000000000,0.0000000000,0.0000000000,0.0000000000,0.0000000000,0.0000000000,0.0000000000,0.0000000000,0.0000000000,0.0000000000,0.0000000000,0.0000000000,0.0000000000,0.0000000000,0.0000000000,0.0000000000,0.0000000000,0.0000000000,0.0000000000,0.0000000000,0.0000000000,0.0000000000,0.0000000000,0.0000000000,0.0000000000,0.0000000000,0.0000000000,0.0000000000,0.0000000000,0.0000000000,0.0000000000,0.0000000000,0.0000000000,0.0000000000,0.0000000000,0.0000000000,0.0000000000,0.0000000000,0.0000000000,0.0000000000,0.0000000000,0.0000000000,0.0000000000,0.0000000000,0.0000000000,0.0000000000,0.0000000000,0.0000000000,0.0000000000,0.0000000000,0.0000000000,0.0000000000,0.0000000000,0.0000000000,0.0000000000,0.0000000000,0.0000000000,0.0000000000,0.0000000000,0.0000000000,0.0000000000,0.0000000000,0.0000000000,0.0000000000,0.0000000000,0.0000000000,0.0000000000,0.0000000000,0.0000000000,0.0000000000,0.0000000000,0.0000000000,0.0000000000,0.0000000000,0.0000000000,0.0000000000,1.0000000000,0.0432776801,0.0209713024,0.0107905748,0.0048698258,0.0034644386,0.0020732550,0.0002771619,0.0008990784,0.0000000000,0.0005177323,0.0000000000,0.0002421308,0.0002161695,0.0006158900,0.0004435573,0.0000000000,0.0000000000,0.0000000000,0.0000000000,0.0000000000,0.0000000000,0.0002058884,0.0002062706,0.0000000000,0.0003915427,0.0006156372,0.0002134472,0.0001879699,0.0000000000
0.0000000000,0.0000000000,0.0000000000,0.0000000000,0.0000000000,0.0000000000,0.0000000000,0.0000000000,0.0000000000,0.0000000000,0.0000000000,0.0000000000,0.0000000000,0.0000000000,0.0000000000,0.0000000000,0.0000000000,0.0000000000,0.0000000000,0.0000000000,0.0000000000,0.0000000000,0.0000000000,0.0000000000,0.0000000000,0.0000000000,0.0000000000,0.0000000000,0.0000000000,0.0000000000,0.0000000000,0.0000000000,0.0000000000,0.0000000000,0.0000000000,0.0000000000,0.0000000000,0.0000000000,0.0000000000,0.0000000000,0.0000000000,0.0000000000,0.0000000000,0.0000000000,0.0000000000,0.0000000000,0.0000000000,0.0000000000,0.0000000000,0.0000000000,0.0000000000,0.0000000000,0.0000000000,0.0000000000,0.0000000000,0.0000000000,0.0000000000,0.0000000000,0.0000000000,0.0000000000,0.0000000000,0.0000000000,0.0000000000,0.0000000000,0.0000000000,0.0000000000,0.0000000000,0.0000000000,0.0000000000,0.0000000000,0.0000000000,0.0000000000,0.0000000000,0.0000000000,0.0000000000,0.0000000000,0.0000000000,0.0000000000,0.0000000000,0.0000000000,0.0000000000,0.0000000000,0.0000000000,0.0000000000,0.0000000000,0.0000000000,0.0000000000,0.0000000000,0.0000000000,0.0000000000,0.0000000000,0.0000000000,0.0000000000,0.0000000000,0.0000000000,0.0000000000,0.0000000000,0.0000000000,0.0000000000,0.0000000000,0.0000000000,0.0000000000,0.0000000000,0.0000000000,0.0000000000,0.0000000000,0.0000000000,0.0000000000,0.0000000000,0.0000000000,0.0000000000,0.0000000000,0.0000000000,0.0000000000,0.0000000000,0.0000000000,0.0000000000,0.0000000000,0.0000000000,0.0000000000,0.0000000000,0.0000000000,0.0000000000,0.0000000000,0.0000000000,0.0000000000,0.0000000000,0.0000000000,0.0000000000,0.0000000000,0.0000000000,1.0000000000,0.0461741425,0.0189859763,0.0084372707,0.0063681592,0.0042562724,0.0026795284,0.0028427728,0.0012570710,0.0007509387,0.0003731343,0.0007040601,0.0002101282,0.0001997603,0.0002153780,0.0000000000,0.0000000000,0.0002122241,0.0002167317,0.0000000000,0.0001719986,0.0002004008,0.0000000000,0.0000000000,0.0001907669,0.0001996805,0.0000000000,0.0005503577,0.0003552398
0.0000000000,0.0000000000,0.0000000000,0.0000000000,0.0000000000,0.0000000000,0.0000000000,0.0000000000,0.0000000000,0.0000000000,0.0000000000,0.0000000000,0.0000000000,0.0000000000,0.0000000000,0.0000000000,0.0000000000,0.0000000000,0.0000000000,0.0000000000,0.0000000000,0.0000000000,0.0000000000,0.0000000000,0.0000000000,0.0000000000,0.0000000000,0.0000000000,0.0000000000,0.0000000000,0.0000000000,0.0000000000,0.0000000000,0.0000000000,0.0000000000,0.0000000000,0.0000000000,0.0000000000,0.0000000000,0.0000000000,0.0000000000,0.0000000000,0.0000000000,0.0000000000,0.0000000000,0.0000000000,0.0000000000,0.0000000000,0.0000000000,0.0000000000,0.0000000000,0.0000000000,0.0000000000,0.0000000000,0.0000000000,0.0000000000,0.0000000000,0.0000000000,0.0000000000,0.0000000000,0.0000000000,0.0000000000,0.0000000000,0.0000000000,0.0000000000,0.0000000000,0.0000000000,0.0000000000,0.0000000000,0.0000000000,0.0000000000,0.0000000000,0.0000000000,0.0000000000,0.0000000000,0.0000000000,0.0000000000,0.0000000000,0.0000000000,0.0000000000,0.0000000000,0.0000000000,0.0000000000,0.0000000000,0.0000000000,0.0000000000,0.0000000000,0.0000000000,0.0000000000,0.0000000000,0.0000000000,0.0000000000,0.0000000000,0.0000000000,0.0000000000,0.0000000000,0.0000000000,0.0000000000,0.0000000000,0.0000000000,0.0000000000,0.0000000000,0.0000000000,0.0000000000,0.0000000000,0.0000000000,0.0000000000,0.0000000000,0.0000000000,0.0000000000,0.0000000000,0.0000000000,0.0000000000,0.0000000000,0.0000000000,0.0000000000,0.0000000000,0.0000000000,0.0000000000,0.0000000000,0.0000000000,0.0000000000,0.0000000000,0.0000000000,0.0000000000,0.0000000000,0.0000000000,0.0000000000,0.0000000000,0.0000000000,0.0000000000,0.0000000000,1.0000000000,0.0447523853,0.0145365301,0.0112751128,0.0064650196,0.0027716186,0.0029220049,0.0015060241,0.0010335917,0.0003912363,0.0012091898,0.0006475286,0.0002048341,0.0000000000,0.0000000000,0.0000000000,0.0000000000,0.0002227171,0.0000000000,0.0003515556,0.0000000000,0.0002058884,0.0002211411,0.0000000000,0.0000000000,0.0000000000,0.0001876525,0.0000000000
0.0000000000,0.0000000000,0.0000000000,0.0000000000,0.0000000000,0.0000000000,0.0000000000,0.0000000000,0.0000000000,0.0000000000,0.0000000000,0.0000000000,0.0000000000,0.0000000000,0.0000000000,0.0000000000,0.0000000000,0.0000000000,0.0000000000,0.0000000000,0.0000000000,0.0000000000,0.0000000000,0.0000000000,0.0000000000,0.0000000000,0.0000000000,0.0000000000,0.0000000000,0.0000000000,0.0000000000,0.0000000000,0.0000000000,0.0000000000,0.0000000000,0.0000000000,0.0000000000,0.0000000000,0.0000000000,0.0000000000,0.0000000000,0.0000000000,0.0000000000,0.0000000000,0.0000000000,0.0000000000,0.0000000000,0.0000000000,0.0000000000,0.0000000000,0.0000000000,0.0000000000,0.0000000000,0.0000000000,0.0000000000,0.0000000000,0.0000000000,0.0000000000,0.0000000000,0.0000000000,0.0000000000,0.0000000000,0.0000000000,0.0000000000,0.0000000000,0.0000000000,0.0000000000,0.0000000000,0.0000000000,0.0000000000,0.0000000000,0.0000000000,0.0000000000,0.0000000000,0.0000000000,0.0000000000,0.0000000000,0.0000000000,0.0000000000,0.0000000000,0.0000000000,0.0000000000,0.0000000000,0.0000000000,0.0000000000,0.0000000000,0.0000000000,0.0000000000,0.0000000000,0.0000000000,0.0000000000,0.0000000000,0.0000000000,0.0000000000,0.0000000000,0.0000000000,0.0000000000,0.0000000000,0.0000000000,0.0000000000,0.0000000000,0.0000000000,0.0000000000,0.0000000000,0.0000000000,0.0000000000,0.0000000000,0.0000000000,0.0000000000,0.0000000000,0.0000000000,0.0000000000,0.0000000000,0.0000000000,0.0000000000,0.0000000000,0.0000000000,0.0000000000,0.0000000000,0.0000000000,0.0000000000,0.0000000000,0.0000000000,0.0000000000,0.0000000000,0.0000000000,0.0000000000,0.0000000000,0.0000000000,0.0000000000,0.0000000000,0.0000000000,0.0000000000,1.0000000000,0.0344894400,0.0227604928,0.0102803738,0.0047672462,0.0040825584,0.0019518543,0.0020882276,0.0003966680,0.0012195122,0.0010879025,0.0006191950,0.0000000000,0.0000000000,0.0002183883,0.0000000000,0.0002244669,0.0004385965,0.0001768347,0.0000000000,0.0002073828,0.0002228661,0.0000000000,0.0002062281,0.0000000000,0.0003778575,0.0000000000
0.0000000000,0.0000000000,0.0000000000,0.0000000000,0.0000000000,0.0000000000,0.0000000000,0.0000000000,0.0000000000,0.0000000000,0.0000000000,0.0000000000,0.0000000000,0.0000000000,0.0000000000,0.0000000000,0.0000000000,0.0000000000,0.0000000000,0.0000000000,0.0000000000,0.0000000000,0.0000000000,0.0000000000,0.0000000000,0.0000000000,0.0000000000,0.0000000000,0.0000000000,0.0000000000,0.0000000000,0.0000000000,0.0000000000,0.0000000000,0.0000000000,0.0000000000,0.0000000000,0.0000000000,0.0000000000,0.0000000000,0.0000000000,0.0000000000,0.0000000000,0.0000000000,0.0000000000,0.0000000000,0.0000000000,0.0000000000,0.0000000000,0.0000000000,0.0000000000,0.0000000000,0.0000000000,0.0000000000,0.0000000000,0.0000000000,0.0000000000,0.0000000000,0.0000000000,0.0000000000,0.0000000000,0.0000000000,0.0000000000,0.0000000000,0.0000000000,0.0000000000,0.0000000000,0.0000000000,0.0000000000,0.0000000000,0.0000000000,0.0000000000,0.0000000000,0.0000000000,0.0000000000,0.0000000000,0.0000000000,0.0000000000,0.0000000000,0.0000000000,0.0000000000,0.0000000000,0.0000000000,0.0000000000,0.0000000000,0.0000000000,0.0000000000,0.0000000000,0.0000000000,0.0000000000,0.0000000000,0.0000000000,0.0000000000,0.0000000000,0.0000000000,0.0000000000,0.0000000000,0.0000000000,0.0000000000,0.0000000000,0.0000000000,0.0000000000,0.0000000000,0.0000000000,0.0000000000,0.0000000000,0.0000000000,0.0000000000,0.0000000000,0.0000000000,0.0000000000,0.0000000000,0.0000000000,0.0000000000,0.0000000000,0.0000000000,0.0000000000,0.0000000000,0.0000000000,0.0000000000,0.0000000000,0.0000000000,0.0000000000,0.0000000000,0.0000000000,0.0000000000,0.0000000000,0.0000000000,0.0000000000,0.0000000000,0.0000000000,0.0000000000,0.0000000000,0.0000000000,1.0000000000,0.0344638950,0.0123089140,0.0060018467,0.0054116738,0.0044684416,0.0015194270,0.0003033981,0.0008203445,0.0013037810,0.0005338078,0.0001901502,0.0003732736,0.0003736223,0.0001876877,0.0000000000,0.0003748828,0.0001555210,0.0000000000,0.0000000000,0.0000000000,0.0001707067,0.0001778094,0.0000000000,0.0001647718,0.0000000000
0.0000000000,0.0000000000,0.0000000000,0.0000000000,0.0000000000,0.0000000000,0.0000000000,0.0000000000,0.0000000000,0.0000000000,0.0000000000,0.0000000000,0.0000000000,0.0000000000,0.0000000000,0.0000000000,0.0000000000,0.0000000000,0.0000000000,0.0000000000,0.0000000000,0.0000000000,0.0000000000,0.0000000000,0.0000000000,0.0000000000,0.0000000000,0.0000000000,0.0000000000,0.0000000000,0.0000000000,0.0000000000,0.0000000000,0.0000000000,0.0000000000,0.0000000000,0.0000000000,0.0000000000,0.0000000000,0.0000000000,0.0000000000,0.0000000000,0.0000000000,0.0000000000,0.0000000000,0.0000000000,0.0000000000,0.0000000000,0.0000000000,0.0000000000,0.0000000000,0.0000000000,0.0000000000,0.0000000000,0.0000000000,0.0000000000,0.0000000000,0.0000000000,0.0000000000,0.0000000000,0.0000000000,0.0000000000,0.0000000000,0.0000000000,0.0000000000,0.0000000000,0.0000000000,0.0000000000,0.0000000000,0.0000000000,0.0000000000,0.0000000000,0.0000000000,0.0000000000,0.0000000000,0.0000000000,0.0000000000,0.0000000000,0.0000000000,0.0000000000,0.0000000000,0.0000000000,0.0000000000,0.0000000000,0.0000000000,0.0000000000,0.0000000000,0.0000000000,0.0000000000,0.0000000000,0.0000000000,0.0000000000,0.0000000000,0.0000000000,0.0000000000,0.0000000000,0.0000000000,0.0000000000,0.0000000000,0.0000000000,0.0000000000,0.0000000000,0.0000000000,0.0000000000,0.0000000000,0.0000000000,0.0000000000,0.0000000000,0.0000000000,0.0000000000,0.0000000000,0.0000000000,0.0000000000,0.0000000000,0.0000000000,0.0000000000,0.0000000000,0.0000000000,0.0000000000,0.0000000000,0.0000000000,0.0000000000,0.0000000000,0.0000000000,0.0000000000,0.0000000000,0.0000000000,0.0000000000,0.0000000000,0.0000000000,0.0000000000,0.0000000000,0.0000000000,0.0000000000,0.0000000000,1.0000000000,0.0413592667,0.0129299198,0.0125478520,0.0073200488,0.0036075036,0.0003502627,0.0011276500,0.0020304569,0.0001930129,0.0002075550,0.0000000000,0.0002035416,0.0004093328,0.0002088119,0.0002042901,0.0003340013,0.0001936108,0.0000000000,0.0004149378,0.0001846040,0.0001929385,0.0000000000,0.0005332385,0.0000000000
0.0000000000,0.0000000000,0.0000000000,0.0000000000,0.0000000000,0.0000000000,0.0000000000,0.0000000000,0.0000000000,0.0000000000,0.0000000000,0.0000000000,0.0000000000,0.0000000000,0.0000000000,0.0000000000,0.0000000000,0.0000000000,0.0000000000,0.0000000000,0.0000000000,0.0000000000,0.0000000000,0.0000000000,0.0000000000,0.0000000000,0.0000000000,0.0000000000,0.0000000000,0.0000000000,0.0000000000,0.0000000000,0.0000000000,0.0000000000,0.0000000000,0.0000000000,0.0000000000,0.0000000000,0.0000000000,0.0000000000,0.0000000000,0.0000000000,0.0000000000,0.0000000000,0.0000000000,0.0000000000,0.0000000000,0.0000000000,0.0000000000,0.0000000000,0.0000000000,0.0000000000,0.0000000000,0.0000000000,0.0000000000,0.0000000000,0.0000000000,0.0000000000,0.0000000000,0.0000000000,0.0000000000,0.0000000000,0.0000000000,0.0000000000,0.0000000000,0.0000000000,0.0000000000,0.0000000000,0.0000000000,0.0000000000,0.0000000000,0.0000000000,0.0000000000,0.0000000000,0.0000000000,0.0000000000,0.0000000000,0.0000000000,0.0000000000,0.0000000000,0.0000000000,0.0000000000,0.0000000000,0.0000000000,0.0000000000,0.0000000000,0.0000000000,0.0000000000,0.0000000000,0.0000000000,0.0000000000,0.0000000000,0.0000000000,0.0000000000,0.0000000000,0.0000000000,0.0000000000,0.0000000000,0.0000000000,0.0000000000,0.0000000000,0.0000000000,0.0000000000,0.0000000000,0.0000000000,0.0000000000,0.0000000000,0.0000000000,0.0000000000,0.0000000000,0.0000000000,0.0000000000,0.0000000000,0.0000000000,0.0000000000,0.0000000000,0.0000000000,0.0000000000,0.0000000000,0.0000000000,0.0000000000,0.0000000000,0.0000000000,0.0000000000,0.0000000000,0.0000000000,0.0000000000,0.0000000000,0.0000000000,0.0000000000,0.0000000000,0.0000000000,0.0000000000,0.0000000000,0.0000000000,0.0000000000,1.0000000000,0.0420822943,0.0204728248,0.0103806228,0.0069949636,0.0017559263,0.0020741509,0.0025287356,0.0004342162,0.0002356268,0.0002302026,0.0002304678,0.0002318572,0.0002372479,0.0002314279,0.0003694126,0.0002178175,0.0000000000,0.0002354603,0.0000000000,0.0002169668,0.0000000000,0.0000000000,0.0000000000
0.0000000000,0.0000000000,0.0000000000,0.0000000000,0.0000000000,0.0000000000,0.0000000000,0.0000000000,0.0000000000,0.0000000000,0.0000000000,0.0000000000,0.0000000000,0.0000000000,0.0000000000,0.0000000000,0.0000000000,0.0000000000,0.0000000000,0.0000000000,0.0000000000,0.0000000000,0.0000000000,0.0000000000,0.0000000000,0.0000000000,0.0000000000,0.0000000000,0.0000000000,0.0000000000,0.0000000000,0.0000000000,0.0000000000,0.0000000000,0.0000000000,0.0000000000,0.0000000000,0.0000000000,0.0000000000,0.0000000000,0.0000000000,0.0000000000,0.0000000000,0.0000000000,0.0000000000,0.0000000000,0.0000000000,0.0000000000,0.0000000000,0.0000000000,0.0000000000,0.0000000000,0.0000000000,0.0000000000,0.0000000000,0.0000000000,0.0000000000,0.0000000000,0.0000000000,0.0000000000,0.0000000000,0.0000000000,0.0000000000,0.0000000000,0.0000000000,0.0000000000,0.0000000000,0.0000000000,0.0000000000,0.0000000000,0.0000000000,0.0000000000,0.0000000000,0.0000000000,0.0000000000,0.0000000000,0.0000000000,0.0000000000,0.0000000000,0.0000000000,0.0000000000,0.0000000000,0.0000000000,0.0000000000,0.0000000000,0.0000000000,0.0000000000,0.0000000000,0.0000000000,0.0000000000,0.0000000000,0.0000000000,0.0000000000,0.0000000000,0.0000000000,0.0000000000,0.0000000000,0.0000000000,0.0000000000,0.0000000000,0.0000000000,0.0000000000,0.0000000000,0.0000000000,0.0000000000,0.0000000000,0.0000000000,0.0000000000,0.0000000000,0.0000000000,0.0000000000,0.0000000000,0.0000000000,0.0000000000,0.0000000000,0.0000000000,0.0000000000,0.0000000000,0.0000000000,0.0000000000,0.0000000000,0.0000000000,0.0000000000,0.0000000000,0.0000000000,0.0000000000,0.0000000000,0.0000000000,0.0000000000,0.0000000000,0.0000000000,0.0000000000,0.0000000000,0.0000000000,0.0000000000,0.0000000000,0.0000000000,1.0000000000,0.0360793746,0.0128026719,0.0084685956,0.0026024723,0.0022457491,0.0024923844,0.0012946660,0.0005711022,0.0002775465,0.0002779322,0.0002799552,0.0000000000,0.0000000000,0.0002139495,0.0002597403,0.0000000000,0.0002852253,0.0000000000,0.0002585315,0.0000000000,0.0000000000,0.0000000000
0.0000000000,0.0000000000,0.0000000000,0.0000000000,0.0000000000,0.0000000000,0.0000000000,0.0000000000,0.0000000000,0.0000000000,0.0000000000,0.0000000000,0.0000000000,0.0000000000,0.0000000000,0.0000000000,0.0000000000,0.0000000000,0.0000000000,0.0000000000,0.0000000000,0.0000000000,0.0000000000,0.0000000000,0.0000000000,0.0000000000,0.0000000000,0.0000000000,0.0000000000,0.0000000000,0.0000000000,0.0000000000,0.0000000000,0.0000000000,0.0000000000,0.0000000000,0.0000000000,0.0000000000,0.0000000000,0.0000000000,0.0000000000,0.0000000000,0.0000000000,0.0000000000,0.0000000000,0.0000000000,0.0000000000,0.0000000000,0.0000000000,0.0000000000,0.0000000000,0.0000000000,0.0000000000,0.0000000000,0.0000000000,0.0000000000,0.0000000000,0.0000000000,0.0000000000,0.0000000000,0.0000000000,0.0000000000,0.0000000000,0.0000000000,0.0000000000,0.0000000000,0.0000000000,0.0000000000,0.0000000000,0.0000000000,0.0000000000,0.0000000000,0.0000000000,0.0000000000,0.0000000000,0.0000000000,0.0000000000,0.0000000000,0.0000000000,0.0000000000,0.0000000000,0.0000000000,0.0000000000,0.0000000000,0.0000000000,0.0000000000,0.0000000000,0.0000000000,0.0000000000,0.0000000000,0.0000000000,0.0000000000,0.0000000000,0.0000000000,0.0000000000,0.0000000000,0.0000000000,0.0000000000,0.0000000000,0.0000000000,0.0000000000,0.0000000000,0.0000000000,0.0000000000,0.0000000000,0.0000000000,0.0000000000,0.0000000000,0.0000000000,0.0000000000,0.0000000000,0.0000000000,0.0000000000,0.0000000000,0.0000000000,0.0000000000,0.0000000000,0.0000000000,0.0000000000,0.0000000000,0.0000000000,0.0000000000,0.0000000000,0.0000000000,0.0000000000,0.0000000000,0.0000000000,0.0000000000,0.0000000000,0.0000000000,0.0000000000,0.0000000000,0.0000000000,0.0000000000,0.0000000000,0.0000000000,0.0000000000,0.0000000000,1.0000000000,0.0391747798,0.0164744646,0.0029436501,0.0091556460,0.0051790137,0.0025537348,0.0016125317,0.0006749156,0.0006756757,0.0009064129,0.0002315887,0.0004521818,0.0001812251,0.0002130379,0.0002134472,0.0000000000,0.0002021836,0.0004245383,0.0000000000,0.0001939112,0.0000000000
0.0000000000,0.0000000000,0.0000000000,0.0000000000,0.0000000000,0.0000000000,0.0000000000,0.0000000000,0.0000000000,0.0000000000,0.0000000000,0.0000000000,0.0000000000,0.0000000000,0.0000000000,0.0000000000,0.0000000000,0.0000000000,0.0000000000,0.0000000000,0.0000000000,0.0000000000,0.0000000000,0.0000000000,0.0000000000,0.0000000000,0.0000000000,0.0000000000,0.0000000000,0.0000000000,0.0000000000,0.0000000000,0.0000000000,0.0000000000,0.0000000000,0.0000000000,0.0000000000,0.0000000000,0.0000000000,0.0000000000,0.0000000000,0.0000000000,0.0000000000,0.0000000000,0.0000000000,0.0000000000,0.0000000000,0.0000000000,0.0000000000,0.0000000000,0.0000000000,0.0000000000,0.0000000000,0.0000000000,0.0000000000,0.0000000000,0.0000000000,0.0000000000,0.0000000000,0.0000000000,0.0000000000,0.0000000000,0.0000000000,0.0000000000,0.0000000000,0.0000000000,0.0000000000,0.0000000000,0.0000000000,0.0000000000,0.0000000000,0.0000000000,0.0000000000,0.0000000000,0.0000000000,0.0000000000,0.0000000000,0.0000000000,0.0000000000,0.0000000000,0.0000000000,0.0000000000,0.0000000000,0.0000000000,0.0000000000,0.0000000000,0.0000000000,0.0000000000,0.0000000000,0.0000000000,0.0000000000,0.0000000000,0.0000000000,0.0000000000,0.0000000000,0.0000000000,0.0000000000,0.0000000000,0.0000000000,0.0000000000,0.0000000000,0.0000000000,0.0000000000,0.0000000000,0.0000000000,0.0000000000,0.0000000000,0.0000000000,0.0000000000,0.0000000000,0.0000000000,0.0000000000,0.0000000000,0.0000000000,0.0000000000,0.0000000000,0.0000000000,0.0000000000,0.0000000000,0.0000000000,0.0000000000,0.0000000000,0.0000000000,0.0000000000,0.0000000000,0.0000000000,0.0000000000,0.0000000000,0.0000000000,0.0000000000,0.0000000000,0.0000000000,0.0000000000,0.0000000000,0.0000000000,0.0000000000,0.0000000000,0.0000000000,0.0000000000,1.0000000000,0.0428380187,0.0093970243,0.0121624909,0.0126114373,0.0051240008,0.0033141847,0.0008626267,0.0008635579,0.0002169668,0.0000000000,0.0002165909,0.0000000000,0.0000000000,0.0002050021,0.0004403347,0.0000000000,0.0002038736,0.0000000000,0.0000000000,0.0000000000
0.0000000000,0.0000000000,0.0000000000,0.0000000000,0.0000000000,0.0000000000,0.0000000000,0.0000000000,0.0000000000,0.0000000000,0.0000000000,0.0000000000,0.0000000000,0.0000000000,0.0000000000,0.0000000000,0.0000000000,0.0000000000,0.0000000000,0.0000000000,0.0000000000,0.0000000000,0.0000000000,0.0000000000,0.0000000000,0.0000000000,0.0000000000,0.0000000000,0.0000000000,0.0000000000,0.0000000000,0.0000000000,0.0000000000,0.0000000000,0.0000000000,0.0000000000,0.0000000000,0.0000000000,0.0000000000,0.0000000000,0.0000000000,0.0000000000,0.0000000000,0.0000000000,0.0000000000,0.0000000000,0.0000000000,0.0000000000,0.0000000000,0.0000000000,0.0000000000,0.0000000000,0.0000000000,0.0000000000,0.0000000000,0.0000000000,0.0000000000,0.0000000000,0.0000000000,0.0000000000,0.0000000000,0.0000000000,0.0000000000,0.0000000000,0.0000000000,0.0000000000,0.0000000000,0.0000000000,0.0000000000,0.0000000000,0.0000000000,0.0000000000,0.0000000000,0.0000000000,0.0000000000,0.0000000000,0.0000000000,0.0000000000,0.0000000000,0.0000000000,0.0000000000,0.0000000000,0.0000000000,0.0000000000,0.0000000000,0.0000000000,0.0000000000,0.0000000000,0.0000000000,0.0000000000,0.0000000000,0.0000000000,0.0000000000,0.0000000000,0.0000000000,0.0000000000,0.0000000000,0.0000000000,0.0000000000,0.0000000000,0.0000000000,0.0000000000,0.0000000000,0.0000000000,0.0000000000,0.0000000000,0.0000000000,0.0000000000,0.0000000000,0.0000000000,0.0000000000,0.0000000000,0.0000000000,0.0000000000,0.0000000000,0.0000000000,0.0000000000,0.0000000000,0.0000000000,0.0000000000,0.0000000000,0.0000000000,0.0000000000,0.0000000000,0.0000000000,0.0000000000,0.0000000000,0.0000000000,0.0000000000,0.0000000000,0.0000000000,0.0000000000,0.0000000000,0.0000000000,0.0000000000,0.0000000000,0.0000000000,0.0000000000,0.0000000000,0.0000000000,1.0000000000,0.0164027149,0.0223835451,0.0183920126,0.0078220484,0.0053475936,0.0028578852,0.0010386912,0.0007841087,0.0002680965,0.0002606882,0.0004057618,0.0002435460,0.0004882812,0.0002658161,0.0000000000,0.0002424830,0.0000000000,0.0000000000,0.0000000000
0.0000000000,0.0000000000,0.0000000000,0.0000000000,0.0000000000,0.0000000000,0.0000000000,0.0000000000,0.0000000000,0.0000000000,0.0000000000,0.0000000000,0.0000000000,0.0000000000,0.0000000000,0.0000000000,0.0000000000,0.0000000000,0.0000000000,0.0000000000,0.0000000000,0.0000000000,0.0000000000,0.0000000000,0.0000000000,0.0000000000,0.0000000000,0.0000000000,0.0000000000,0.0000000000,0.0000000000,0.0000000000,0.0000000000,0.0000000000,0.0000000000,0.0000000000,0.0000000000,0.0000000000,0.0000000000,0.0000000000,0.0000000000,0.0000000000,0.0000000000,0.0000000000,0.0000000000,0.0000000000,0.0000000000,0.0000000000,0.0000000000,0.0000000000,0.0000000000,0.0000000000,0.0000000000,0.0000000000,0.0000000000,0.0000000000,0.0000000000,0.0000000000,0.0000000000,0.0000000000,0.0000000000,0.0000000000,0.0000000000,0.0000000000,0.0000000000,0.0000000000,0.0000000000,0.0000000000,0.0000000000,0.0000000000,0.0000000000,0.0000000000,0.0000000000,0.0000000000,0.0000000000,0.0000000000,0.0000000000,0.0000000000,0.0000000000,0.0000000000,0.0000000000,0.0000000000,0.0000000000,0.0000000000,0.0000000000,0.0000000000,0.0000000000,0.0000000000,0.0000000000,0.0000000000,0.0000000000,0.0000000000,0.0000000000,0.0000000000,0.0000000000,0.0000000000,0.0000000000,0.0000000000,0.0000000000,0.0000000000,0.0000000000,0.0000000000,0.0000000000,0.0000000000,0.0000000000,0.0000000000,0.0000000000,0.0000000000,0.0000000000,0.0000000000,0.0000000000,0.0000000000,0.0000000000,0.0000000000,0.0000000000,0.0000000000,0.0000000000,0.0000000000,0.0000000000,0.0000000000,0.0000000000,0.0000000000,0.0000000000,0.0000000000,0.0000000000,0.0000000000,0.0000000000,0.0000000000,0.0000000000,0.0000000000,0.0000000000,0.0000000000,0.0000000000,0.0000000000,0.0000000000,0.0000000000,0.0000000000,0.0000000000,0.0000000000,0.0000000000,0.0000000000,1.0000000000,0.0092954990,0.0066876475,0.0028591851,0.0016400164,0.0007870917,0.0007886435,0.0000000000,0.0000000000,0.0000000000,0.0000000000,0.0007173601,0.0007196833,0.0004089980,0.0000000000,0.0000000000,0.0000000000,0.0000000000,0.0000000000
0.0000000000,0.0000000000,0.0000000000,0.0000000000,0.0000000000,0.0000000000,0.0000000000,0.0000000000,0.0000000000,0.0000000000,0.0000000000,0.0000000000,0.0000000000,0.0000000000,0.0000000000,0.0000000000,0.0000000000,0.0000000000,0.0000000000,0.0000000000,0.0000000000,0.0000000000,0.0000000000,0.0000000000,0.0000000000,0.0000000000,0.0000000000,0.0000000000,0.0000000000,0.0000000000,0.0000000000,0.0000000000,0.0000000000,0.0000000000,0.0000000000,0.0000000000,0.0000000000,0.0000000000,0.0000000000,0.0000000000,0.0000000000,0.0000000000,0.0000000000,0.0000000000,0.0000000000,0.0000000000,0.0000000000,0.0000000000,0.0000000000,0.0000000000,0.0000000000,0.0000000000,0.0000000000,0.0000000000,0.0000000000,0.0000000000,0.0000000000,0.0000000000,0.0000000000,0.0000000000,0.0000000000,0.0000000000,0.0000000000,0.0000000000,0.0000000000,0.0000000000,0.0000000000,0.0000000000,0.0000000000,0.0000000000,0.0000000000,0.0000000000,0.0000000000,0.0000000000,0.0000000000,0.0000000000,0.0000000000,0.0000000000,0.0000000000,0.0000000000,0.0000000000,0.0000000000,0.0000000000,0.0000000000,0.0000000000,0.0000000000,0.0000000000,0.0000000000,0.0000000000,0.0000000000,0.0000000000,0.0000000000,0.0000000000,0.0000000000,0.0000000000,0.0000000000,0.0000000000,0.0000000000,0.0000000000,0.0000000000,0.0000000000,0.0000000000,0.0000000000,0.0000000000,0.0000000000,0.0000000000,0.0000000000,0.0000000000,0.0000000000,0.0000000000,0.0000000000,0.0000000000,0.0000000000,0.0000000000,0.0000000000,0.0000000000,0.0000000000,0.0000000000,0.0000000000,0.0000000000,0.0000000000,0.0000000000,0.0000000000,0.0000000000,0.0000000000,0.0000000000,0.0000000000,0.0000000000,0.0000000000,0.0000000000,0.0000000000,0.0000000000,0.0000000000,0.0000000000,0.0000000000,0.0000000000,0.0000000000,0.0000000000,0.0000000000,0.0000000000,0.0000000000,0.0000000000,1.0000000000,0.0313745020,0.0147976879,0.0085170341,0.0038929440,0.0014580802,0.0007331378,0.0002502503,0.0004876859,0.0001924557,0.0000000000,0.0002292001,0.0002482622,0.0000000000,0.0002277904,0.0000000000,0.0000000000,0.0000000000
0.0000000000,0.0000000000,0.0000000000,0.0000000000,0.0000000000,0.0000000000,0.0000000000,0.0000000000,0.0000000000,0.0000000000,0.0000000000,0.0000000000,0.0000000000,0.0000000000,0.0000000000,0.0000000000,0.0000000000,0.0000000000,0.0000000000,0.0000000000,0.0000000000,0.0000000000,0.0000000000,0.0000000000,0.0000000000,0.0000000000,0.0000000000,0.0000000000,0.0000000000,0.0000000000,0.0000000000,0.0000000000,0.0000000000,0.0000000000,0.0000000000,0.0000000000,0.0000000000,0.0000000000,0.0000000000,0.0000000000,0.0000000000,0.0000000000,0.0000000000,0.0000000000,0.0000000000,0.0000000000,0.0000000000,0.0000000000,0.0000000000,0.0000000000,0.0000000000,0.0000000000,0.0000000000,0.0000000000,0.0000000000,0.0000000000,0.0000000000,0.0000000000,0.0000000000,0.0000000000,0.0000000000,0.0000000000,0.0000000000,0.0000000000,0.0000000000,0.0000000000,0.0000000000,0.0000000000,0.0000000000,0.0000000000,0.0000000000,0.0000000000,0.0000000000,0.0000000000,0.0000000000,0.0000000000,0.0000000000,0.0000000000,0.0000000000,0.0000000000,0.0000000000,0.0000000000,0.0000000000,0.0000000000,0.0000000000,0.0000000000,0.0000000000,0.0000000000,0.0000000000,0.0000000000,0.0000000000,0.0000000000,0.0000000000,0.0000000000,0.0000000000,0.0000000000,0.0000000000,0.0000000000,0.0000000000,0.0000000000,0.0000000000,0.0000000000,0.0000000000,0.0000000000,0.0000000000,0.0000000000,0.0000000000,0.0000000000,0.0000000000,0.0000000000,0.0000000000,0.0000000000,0.0000000000,0.0000000000,0.0000000000,0.0000000000,0.0000000000,0.0000000000,0.0000000000,0.0000000000,0.0000000000,0.0000000000,0.0000000000,0.0000000000,0.0000000000,0.0000000000,0.0000000000,0.0000000000,0.0000000000,0.0000000000,0.0000000000,0.0000000000,0.0000000000,0.0000000000,0.0000000000,0.0000000000,0.0000000000,0.0000000000,0.0000000000,0.0000000000,0.0000000000,0.0000000000,0.0000000000,1.0000000000,0.0451433462,0.0203068592,0.0120429166,0.0047878128,0.0028396680,0.0017837235,0.0006527415,0.0003514321,0.0008221994,0.0004116921,0.0004421844,0.0000000000,0.0002046664,0.0002129472,0.0000000000,0.0000000000
0.0000000000,0.0000000000,0.0000000000,0.0000000000,0.0000000000,0.0000000000,0.0000000000,0.0000000000,0.0000000000,0.0000000000,0.0000000000,0.0000000000,0.0000000000,0.0000000000,0.0000000000,0.0000000000,0.0000000000,0.0000000000,0.0000000000,0.0000000000,0.0000000000,0.0000000000,0.0000000000,0.0000000000,0.0000000000,0.0000000000,0.0000000000,0.0000000000,0.0000000000,0.0000000000,0.0000000000,0.0000000000,0.0000000000,0.0000000000,0.0000000000,0.0000000000,0.0000000000,0.0000000000,0.0000000000,0.0000000000,0.0000000000,0.0000000000,0.0000000000,0.0000000000,0.0000000000,0.0000000000,0.0000000000,0.0000000000,0.0000000000,0.0000000000,0.0000000000,0.0000000000,0.0000000000,0.0000000000,0.0000000000,0.0000000000,0.0000000000,0.0000000000,0.0000000000,0.0000000000,0.0000000000,0.0000000000,0.0000000000,0.0000000000,0.0000000000,0.0000000000,0.0000000000,0.0000000000,0.0000000000,0.0000000000,0.0000000000,0.0000000000,0.0000000000,0.0000000000,0.0000000000,0.0000000000,0.0000000000,0.0000000000,0.0000000000,0.0000000000,0.0000000000,0.0000000000,0.0000000000,0.0000000000,0.0000000000,0.0000000000,0.0000000000,0.0000000000,0.0000000000,0.0000000000,0.0000000000,0.0000000000,0.0000000000,0.0000000000,0.0000000000,0.0000000000,0.0000000000,0.0000000000,0.0000000000,0.0000000000,0.0000000000,0.0000000000,0.0000000000,0.0000000000,0.0000000000,0.0000000000,0.0000000000,0.0000000000,0.0000000000,0.0000000000,0.0000000000,0.0000000000,0.0000000000,0.0000000000,0.0000000000,0.0000000000,0.0000000000,0.0000000000,0.0000000000,0.0000000000,0.0000000000,0.0000000000,0.0000000000,0.0000000000,0.0000000000,0.0000000000,0.0000000000,0.0000000000,0.0000000000,0.0000000000,0.0000000000,0.0000000000,0.0000000000,0.0000000000,0.0000000000,0.0000000000,0.0000000000,0.0000000000,0.0000000000,0.0000000000,0.0000000000,0.0000000000,0.0000000000,0.0000000000,1.0000000000,0.0421765734,0.0203269070,0.0099667774,0.0035262394,0.0019023462,0.0010328445,0.0006738544,0.0005867397,0.0003917728,0.0002095997,0.0001863238,0.0007797271,0.0002023063,0.0001792757,0.0000000000
0.0000000000,0.0000000000,0.0000000000,0.0000000000,0.0000000000,0.0000000000,0.0000000000,0.0000000000,0.0000000000,0.0000000000,0.0000000000,0.0000000000,0.0000000000,0.0000000000,0.0000000000,0.0000000000,0.0000000000,0.0000000000,0.0000000000,0.0000000000,0.0000000000,0.0000000000,0.0000000000,0.0000000000,0.0000000000,0.0000000000,0.0000000000,0.0000000000,0.0000000000,0.0000000000,0.0000000000,0.0000000000,0.0000000000,0.0000000000,0.0000000000,0.0000000000,0.0000000000,0.0000000000,0.0000000000,0.0000000000,0.0000000000,0.0000000000,0.0000000000,0.0000000000,0.0000000000,0.0000000000,0.0000000000,0.0000000000,0.0000000000,0.0000000000,0.0000000000,0.0000000000,0.0000000000,0.0000000000,0.0000000000,0.0000000000,0.0000000000,0.0000000000,0.0000000000,0.0000000000,0.0000000000,0.0000000000,0.0000000000,0.0000000000,0.0000000000,0.0000000000,0.0000000000,0.0000000000,0.0000000000,0.0000000000,0.0000000000,0.0000000000,0.0000000000,0.0000000000,0.0000000000,0.0000000000,0.0000000000,0.0000000000,0.0000000000,0.0000000000,0.0000000000,0.0000000000,0.0000000000,0.0000000000,0.0000000000,0.0000000000,0.0000000000,0.0000000000,0.0000000000,0.0000000000,0.0000000000,0.0000000000,0.0000000000,0.0000000000,0.0000000000,0.0000000000,0.0000000000,0.0000000000,0.0000000000,0.0000000000,0.0000000000,0.0000000000,0.0000000000,0.0000000000,0.0000000000,0.0000000000,0.0000000000,0.0000000000,0.0000000000,0.0000000000,0.0000000000,0.0000000000,0.0000000000,0.0000000000,0.0000000000,0.0000000000,0.0000000000,0.0000000000,0.0000000000,0.0000000000,0.0000000000,0.0000000000,0.0000000000,0.0000000000,0.0000000000,0.0000000000,0.0000000000,0.0000000000,0.0000000000,0.0000000000,0.0000000000,0.0000000000,0.0000000000,0.0000000000,0.0000000000,0.0000000000,0.0000000000,0.0000000000,0.0000000000,0.0000000000,0.0000000000,0.0000000000,0.0000000000,0.0000000000,0.0000000000,1.0000000000,0.0464468184,0.0194790487,0.0081099347,0.0036688833,0.0022356360,0.0014365236,0.0004209640,0.0006327779,0.0002268603,0.0000000000,0.0000000000,0.0002183406,0.0001917546,0.0003880481
0.0000000000,0.0000000000,0.0000000000,0.0000000000,0.0000000000,0.0000000000,0.0000000000,0.0000000000,0.0000000000,0.0000000000,0.0000000000,0.0000000000,0.0000000000,0.0000000000,0.0000000000,0.0000000000,0.0000000000,0.0000000000,0.0000000000,0.0000000000,0.0000000000,0.0000000000,0.0000000000,0.0000000000,0.0000000000,0.0000000000,0.0000000000,0.0000000000,0.0000000000,0.0000000000,0.0000000000,0.0000000000,0.0000000000,0.0000000000,0.0000000000,0.0000000000,0.0000000000,0.0000000000,0.0000000000,0.0000000000,0.0000000000,0.0000000000,0.0000000000,0.0000000000,0.0000000000,0.0000000000,0.0000000000,0.0000000000,0.0000000000,0.0000000000,0.0000000000,0.0000000000,0.0000000000,0.0000000000,0.0000000000,0.0000000000,0.0000000000,0.0000000000,0.0000000000,0.0000000000,0.0000000000,0.0000000000,0.0000000000,0.0000000000,0.0000000000,0.0000000000,0.0000000000,0.0000000000,0.0000000000,0.0000000000,0.0000000000,0.0000000000,0.0000000000,0.0000000000,0.0000000000,0.0000000000,0.0000000000,0.0000000000,0.0000000000,0.0000000000,0.0000000000,0.0000000000,0.0000000000,0.0000000000,0.0000000000,0.0000000000,0.0000000000,0.0000000000,0.0000000000,0.0000000000,0.0000000000,0.0000000000,0.0000000000,0.0000000000,0.0000000000,0.0000000000,0.0000000000,0.0000000000,0.0000000000,0.0000000000,0.0000000000,0.0000000000,0.0000000000,0.0000000000,0.0000000000,0.0000000000,0.0000000000,0.0000000000,0.0000000000,0.0000000000,0.0000000000,0.0000000000,0.0000000000,0.0000000000,0.0000000000,0.0000000000,0.0000000000,0.0000000000,0.0000000000,0.0000000000,0.0000000000,0.0000000000,0.0000000000,0.0000000000,0.0000000000,0.0000000000,0.0000000000,0.0000000000,0.0000000000,0.0000000000,0.0000000000,0.0000000000,0.0000000000,0.0000000000,0.0000000000,0.0000000000,0.0000000000,0.0000000000,0.0000000000,0.0000000000,0.0000000000,0.0000000000,0.0000000000,0.0000000000,0.0000000000,0.0000000000,1.0000000000,0.0435472896,0.0144124169,0.0058413840,0.0050438596,0.0024721879,0.0018579686,0.0008264463,0.0011101243,0.0005880047,0.0002053388,0.0002136752,0.0001881468,0.0003735525
0.0000000000,0.0000000000,0.0000000000,0.0000000000,0.0000000000,0.0000000000,0.0000000000,0.0000000000,0.0000000000,0.0000000000,0.0000000000,0.0000000000,0.0000000000,0.0000000000,0.0000000000,0.0000000000,0.0000000000,0.0000000000,0.0000000000,0.0000000000,0.0000000000,0.0000000000,0.0000000000,0.0000000000,0.0000000000,0.0000000000,0.0000000000,0.0000000000,0.0000000000,0.0000000000,0.0000000000,0.0000000000,0.0000000000,0.0000000000,0.0000000000,0.0000000000,0.0000000000,0.0000000000,0.0000000000,0.0000000000,0.0000000000,0.0000000000,0.0000000000,0.0000000000,0.0000000000,0.0000000000,0.0000000000,0.0000000000,0.0000000000,0.0000000000,0.0000000000,0.0000000000,0.0000000000,0.0000000000,0.0000000000,0.0000000000,0.0000000000,0.0000000000,0.0000000000,0.0000000000,0.0000000000,0.0000000000,0.0000000000,0.0000000000,0.0000000000,0.0000000000,0.0000000000,0.0000000000,0.0000000000,0.0000000000,0.0000000000,0.0000000000,0.0000000000,0.0000000000,0.0000000000,0.0000000000,0.0000000000,0.0000000000,0.0000000000,0.0000000000,0.0000000000,0.0000000000,0.0000000000,0.0000000000,0.0000000000,0.0000000000,0.0000000000,0.0000000000,0.0000000000,0.0000000000,0.0000000000,0.0000000000,0.0000000000,0.0000000000,0.0000000000,0.0000000000,0.0000000000,0.0000000000,0.0000000000,0.0000000000,0.0000000000,0.0000000000,0.0000000000,0.0000000000,0.0000000000,0.0000000000,0.0000000000,0.0000000000,0.0000000000,0.0000000000,0.0000000000,0.0000000000,0.0000000000,0.0000000000,0.0000000000,0.0000000000,0.0000000000,0.0000000000,0.0000000000,0.0000000000,0.0000000000,0.0000000000,0.0000000000,0.0000000000,0.0000000000,0.0000000000,0.0000000000,0.0000000000,0.0000000000,0.0000000000,0.0000000000,0.0000000000,0.0000000000,0.0000000000,0.0000000000,0.0000000000,0.0000000000,0.0000000000,0.0000000000,0.0000000000,0.0000000000,0.0000000000,0.0000000000,0.0000000000,0.0000000000,0.0000000000,0.0000000000,1.0000000000,0.0309045793,0.0085701398,0.0057117750,0.0030061892,0.0020669698,0.0012414649,0.0008888889,0.0005885815,0.0006169031,0.0002139037,0.0000000000,0.0000000000
0.0000000000,0.0000000000,0.0000000000,0.0000000000,0.0000000000,0.0000000000,0.0000000000,0.0000000000,0.0000000000,0.0000000000,0.0000000000,0.0000000000,0.0000000000,0.0000000000,0.0000000000,0.0000000000,0.0000000000,0.0000000000,0.0000000000,0.0000000000,0.0000000000,0.0000000000,0.0000000000,0.0000000000,0.0000000000,0.0000000000,0.0000000000,0.0000000000,0.0000000000,0.0000000000,0.0000000000,0.0000000000,0.0000000000,0.0000000000,0.0000000000,0.0000000000,0.0000000000,0.0000000000,0.0000000000,0.0000000000,0.0000000000,0.0000000000,0.0000000000,0.0000000000,0.0000000000,0.0000000000,0.0000000000,0.0000000000,0.0000000000,0.0000000000,0.0000000000,0.0000000000,0.0000000000,0.0000000000,0.0000000000,0.0000000000,0.0000000000,0.0000000000,0.0000000000,0.0000000000,0.0000000000,0.0000000000,0.0000000000,0.0000000000,0.0000000000,0.0000000000,0.0000000000,0.0000000000,0.0000000000,0.0000000000,0.0000000000,0.0000000000,0.0000000000,0.0000000000,0.0000000000,0.0000000000,0.0000000000,0.0000000000,0.0000000000,0.0000000000,0.0000000000,0.0000000000,0.0000000000,0.0000000000,0.0000000000,0.0000000000,0.0000000000,0.0000000000,0.0000000000,0.0000000000,0.0000000000,0.0000000000,0.0000000000,0.0000000000,0.0000000000,0.0000000000,0.0000000000,0.0000000000,0.0000000000,0.0000000000,0.0000000000,0.0000000000,0.0000000000,0.0000000000,0.0000000000,0.0000000000,0.0000000000,0.0000000000,0.0000000000,0.0000000000,0.0000000000,0.0000000000,0.0000000000,0.0000000000,0.0000000000,0.0000000000,0.0000000000,0.0000000000,0.0000000000,0.0000000000,0.0000000000,0.0000000000,0.0000000000,0.0000000000,0.0000000000,0.0000000000,0.0000000000,0.0000000000,0.0000000000,0.0000000000,0.0000000000,0.0000000000,0.0000000000,0.0000000000,0.0000000000,0.0000000000,0.0000000000,0.0000000000,0.0000000000,0.0000000000,0.0000000000,0.0000000000,0.0000000000,0.0000000000,0.0000000000,0.0000000000,0.0000000000,0.0000000000,1.0000000000,0.0225390984,0.0097604259,0.0039118065,0.0029118136,0.0006237006,0.0008940545,0.0003943218,0.0002066543,0.0004302926,0.0001892506,0.0000000000
0.0000000000,0.0000000000,0.0000000000,0.0000000000,0.0000000000,0.0000000000,0.0000000000,0.0000000000,0.0000000000,0.0000000000,0.0000000000,0.0000000000,0.0000000000,0.0000000000,0.0000000000,0.0000000000,0.0000000000,0.0000000000,0.0000000000,0.0000000000,0.0000000000,0.0000000000,0.0000000000,0.0000000000,0.0000000000,0.0000000000,0.0000000000,0.0000000000,0.0000000000,0.0000000000,0.0000000000,0.0000000000,0.0000000000,0.0000000000,0.0000000000,0.0000000000,0.0000000000,0.0000000000,0.0000000000,0.0000000000,0.0000000000,0.0000000000,0.0000000000,0.0000000000,0.0000000000,0.0000000000,0.0000000000,0.0000000000,0.0000000000,0.0000000000,0.0000000000,0.0000000000,0.0000000000,0.0000000000,0.0000000000,0.0000000000,0.0000000000,0.0000000000,0.0000000000,0.0000000000,0.0000000000,0.0000000000,0.0000000000,0.0000000000,0.0000000000,0.0000000000,0.0000000000,0.0000000000,0.0000000000,0.0000000000,0.0000000000,0.0000000000,0.0000000000,0.0000000000,0.0000000000,0.0000000000,0.0000000000,0.0000000000,0.0000000000,0.0000000000,0.0000000000,0.0000000000,0.0000000000,0.0000000000,0.0000000000,0.0000000000,0.0000000000,0.0000000000,0.0000000000,0.0000000000,0.0000000000,0.0000000000,0.0000000000,0.0000000000,0.0000000000,0.0000000000,0.0000000000,0.0000000000,0.0000000000,0.0000000000,0.0000000000,0.0000000000,0.0000000000,0.0000000000,0.0000000000,0.0000000000,0.0000000000,0.0000000000,0.0000000000,0.0000000000,0.0000000000,0.0000000000,0.0000000000,0.0000000000,0.0000000000,0.0000000000,0.0000000000,0.0000000000,0.0000000000,0.0000000000,0.0000000000,0.0000000000,0.0000000000,0.0000000000,0.0000000000,0.0000000000,0.0000000000,0.0000000000,0.0000000000,0.0000000000,0.0000000000,0.0000000000,0.0000000000,0.0000000000,0.0000000000,0.0000000000,0.0000000000,0.0000000000,0.0000000000,0.0000000000,0.0000000000,0.0000000000,0.0000000000,0.0000000000,0.0000000000,0.0000000000,0.0000000000,0.0000000000,0.0000000000,1.0000000000,0.0360548965,0.0155592165,0.0096174396,0.0042598509,0.0038964016,0.0018119589,0.0012668919,0.0008795075,0.0007717538,0.0000000000
0.0000000000,0.0000000000,0.0000000000,0.0000000000,0.0000000000,0.0000000000,0.0000000000,0.0000000000,0.0000000000,0.0000000000,0.0000000000,0.0000000000,0.0000000000,0.0000000000,0.0000000000,0.0000000000,0.0000000000,0.0000000000,0.0000000000,0.0000000000,0.0000000000,0.0000000000,0.0000000000,0.0000000000,0.0000000000,0.0000000000,0.0000000000,0.0000000000,0.0000000000,0.0000000000,0.0000000000,0.0000000000,0.0000000000,0.0000000000,0.0000000000,0.0000000000,0.0000000000,0.0000000000,0.0000000000,0.0000000000,0.0000000000,0.0000000000,0.0000000000,0.0000000000,0.0000000000,0.0000000000,0.0000000000,0.0000000000,0.0000000000,0.0000000000,0.0000000000,0.0000000000,0.0000000000,0.0000000000,0.0000000000,0.0000000000,0.0000000000,0.0000000000,0.0000000000,0.0000000000,0.0000000000,0.0000000000,0.0000000000,0.0000000000,0.0000000000,0.0000000000,0.0000000000,0.0000000000,0.0000000000,0.0000000000,0.0000000000,0.0000000000,0.0000000000,0.0000000000,0.0000000000,0.0000000000,0.0000000000,0.0000000000,0.0000000000,0.0000000000,0.0000000000,0.0000000000,0.0000000000,0.0000000000,0.0000000000,0.0000000000,0.0000000000,0.0000000000,0.0000000000,0.0000000000,0.0000000000,0.0000000000,0.0000000000,0.0000000000,0.0000000000,0.0000000000,0.0000000000,0.0000000000,0.0000000000,0.0000000000,0.0000000000,0.0000000000,0.0000000000,0.0000000000,0.0000000000,0.0000000000,0.0000000000,0.0000000000,0.0000000000,0.0000000000,0.0000000000,0.0000000000,0.0000000000,0.0000000000,0.0000000000,0.0000000000,0.0000000000,0.0000000000,0.0000000000,0.0000000000,0.0000000000,0.0000000000,0.0000000000,0.0000000000,0.0000000000,0.0000000000,0.0000000000,0.0000000000,0.0000000000,0.0000000000,0.0000000000,0.0000000000,0.0000000000,0.0000000000,0.0000000000,0.0000000000,0.0000000000,0.0000000000,0.0000000000,0.0000000000,0.0000000000,0.0000000000,0.0000000000,0.0000000000,0.0000000000,0.0000000000,0.0000000000,0.0000000000,0.0000000000,0.0000000000,1.0000000000,0.0362903226,0.0213575809,0.0079448045,0.0067324955,0.0031583103,0.0022741369,0.0004295533,0.0005671078,0.0000000000
0.0000000000,0.0000000000,0.0000000000,0.0000000000,0.0000000000,0.0000000000,0.0000000000,0.0000000000,0.0000000000,0.0000000000,0.0000000000,0.0000000000,0.0000000000,0.0000000000,0.0000000000,0.0000000000,0.0000000000,0.0000000000,0.0000000000,0.0000000000,0.0000000000,0.0000000000,0.0000000000,0.0000000000,0.0000000000,0.0000000000,0.0000000000,0.0000000000,0.0000000000,0.0000000000,0.0000000000,0.0000000000,0.0000000000,0.0000000000,0.0000000000,0.0000000000,0.0000000000,0.0000000000,0.0000000000,0.0000000000,0.0000000000,0.0000000000,0.0000000000,0.0000000000,0.0000000000,0.0000000000,0.0000000000,0.0000000000,0.0000000000,0.0000000000,0.0000000000,0.0000000000,0.0000000000,0.0000000000,0.0000000000,0.0000000000,0.0000000000,0.0000000000,0.0000000000,0.0000000000,0.0000000000,0.0000000000,0.0000000000,0.0000000000,0.0000000000,0.0000000000,0.0000000000,0.0000000000,0.0000000000,0.0000000000,0.0000000000,0.0000000000,0.0000000000,0.0000000000,0.0000000000,0.0000000000,0.0000000000,0.0000000000,0.0000000000,0.0000000000,0.0000000000,0.0000000000,0.0000000000,0.0000000000,0.0000000000,0.0000000000,0.0000000000,0.0000000000,0.0000000000,0.0000000000,0.0000000000,0.0000000000,0.0000000000,0.0000000000,0.0000000000,0.0000000000,0.0000000000,0.0000000000,0.0000000000,0.0000000000,0.0000000000,0.0000000000,0.0000000000,0.0000000000,0.0000000000,0.0000000000,0.0000000000,0.0000000000,0.0000000000,0.0000000000,0.0000000000,0.0000000000,0.0000000000,0.0000000000,0.0000000000,0.0000000000,0.0000000000,0.0000000000,0.0000000000,0.0000000000,0.0000000000,0.0000000000,0.0000000000,0.0000000000,0.0000000000,0.0000000000,0.0000000000,0.0000000000,0.0000000000,0.0000000000,0.0000000000,0.0000000000,0.0000000000,0.0000000000,0.0000000000,0.0000000000,0.0000000000,0.0000000000,0.0000000000,0.0000000000,0.0000000000,0.0000000000,0.0000000000,0.0000000000,0.0000000000,0.0000000000,0.0000000000,0.0000000000,0.0000000000,0.0000000000,0.0000000000,1.0000000000,0.0358454275,0.0114569083,0.0068567304,0.0039011704,0.0023616734,0.0019160425,0.0009402915,0.0002668090
0.0000000000,0.0000000000,0.0000000000,0.0000000000,0.0000000000,0.0000000000,0.0000000000,0.0000000000,0.0000000000,0.0000000000,0.0000000000,0.0000000000,0.0000000000,0.0000000000,0.0000000000,0.0000000000,0.0000000000,0.0000000000,0.0000000000,0.0000000000,0.0000000000,0.0000000000,0.0000000000,0.0000000000,0.0000000000,0.0000000000,0.0000000000,0.0000000000,0.0000000000,0.0000000000,0.0000000000,0.0000000000,0.0000000000,0.0000000000,0.0000000000,0.0000000000,0.0000000000,0.0000000000,0.0000000000,0.0000000000,0.0000000000,0.0000000000,0.0000000000,0.0000000000,0.0000000000,0.0000000000,0.0000000000,0.0000000000,0.0000000000,0.0000000000,0.0000000000,0.0000000000,0.0000000000,0.0000000000,0.0000000000,0.0000000000,0.0000000000,0.0000000000,0.0000000000,0.0000000000,0.0000000000,0.0000000000,0.0000000000,0.0000000000,0.0000000000,0.0000000000,0.0000000000,0.0000000000,0.0000000000,0.0000000000,0.0000000000,0.0000000000,0.0000000000,0.0000000000,0.0000000000,0.0000000000,0.0000000000,0.0000000000,0.0000000000,0.0000000000,0.0000000000,0.0000000000,0.0000000000,0.0000000000,0.0000000000,0.0000000000,0.0000000000,0.0000000000,0.0000000000,0.0000000000,0.0000000000,0.0000000000,0.0000000000,0.0000000000,0.0000000000,0.0000000000,0.0000000000,0.0000000000,0.0000000000,0.0000000000,0.0000000000,0.0000000000,0.0000000000,0.0000000000,0.0000000000,0.0000000000,0.0000000000,0.0000000000,0.0000000000,0.0000000000,0.0000000000,0.0000000000,0.0000000000,0.0000000000,0.0000000000,0.0000000000,0.0000000000,0.0000000000,0.0000000000,0.0000000000,0.0000000000,0.0000000000,0.0000000000,0.0000000000,0.0000000000,0.0000000000,0.0000000000,0.0000000000,0.0000000000,0.0000000000,0.0000000000,0.0000000000,0.0000000000,0.0000000000,0.0000000000,0.0000000000,0.0000000000,0.0000000000,0.0000000000,0.0000000000,0.0000000000,0.0000000000,0.0000000000,0.0000000000,0.0000000000,0.0000000000,0.0000000000,0.0000000000,0.0000000000,0.0000000000,0.0000000000,0.0000000000,1.0000000000,0.0453798768,0.0225757902,0.0121028744,0.0072820311,0.0034616168,0.0012598992,0.0003419973
0.0000000000,0.0000000000,0.0000000000,0.0000000000,0.0000000000,0.0000000000,0.0000000000,0.0000000000,0.0000000000,0.0000000000,0.0000000000,0.0000000000,0.0000000000,0.0000000000,0.0000000000,0.0000000000,0.0000000000,0.0000000000,0.0000000000,0.0000000000,0.0000000000,0.0000000000,0.0000000000,0.0000000000,0.0000000000,0.0000000000,0.0000000000,0.0000000000,0.0000000000,0.0000000000,0.0000000000,0.0000000000,0.0000000000,0.0000000000,0.0000000000,0.0000000000,0.0000000000,0.0000000000,0.0000000000,0.0000000000,0.0000000000,0.0000000000,0.0000000000,0.0000000000,0.0000000000,0.0000000000,0.0000000000,0.0000000000,0.0000000000,0.0000000000,0.0000000000,0.0000000000,0.0000000000,0.0000000000,0.0000000000,0.0000000000,0.0000000000,0.0000000000,0.0000000000,0.0000000000,0.0000000000,0.0000000000,0.0000000000,0.0000000000,0.0000000000,0.0000000000,0.0000000000,0.0000000000,0.0000000000,0.0000000000,0.0000000000,0.0000000000,0.0000000000,0.0000000000,0.0000000000,0.0000000000,0.0000000000,0.0000000000,0.0000000000,0.0000000000,0.0000000000,0.0000000000,0.0000000000,0.0000000000,0.0000000000,0.0000000000,0.0000000000,0.0000000000,0.0000000000,0.0000000000,0.0000000000,0.0000000000,0.0000000000,0.0000000000,0.0000000000,0.0000000000,0.0000000000,0.0000000000,0.0000000000,0.0000000000,0.0000000000,0.0000000000,0.0000000000,0.0000000000,0.0000000000,0.0000000000,0.0000000000,0.0000000000,0.0000000000,0.0000000000,0.0000000000,0.0000000000,0.0000000000,0.0000000000,0.0000000000,0.0000000000,0.0000000000,0.0000000000,0.0000000000,0.0000000000,0.0000000000,0.0000000000,0.0000000000,0.0000000000,0.0000000000,0.0000000000,0.0000000000,0.0000000000,0.0000000000,0.0000000000,0.0000000000,0.0000000000,0.0000000000,0.0000000000,0.0000000000,0.0000000000,0.0000000000,0.0000000000,0.0000000000,0.0000000000,0.0000000000,0.0000000000,0.0000000000,0.0000000000,0.0000000000,0.0000000000,0.0000000000,0.0000000000,0.0000000000,0.0000000000,0.0000000000,0.0000000000,0.0000000000,1.0000000000,0.0506861443,0.0210204472,0.0122845255,0.0061362242,0.0034327010,0.0003430532
0.0000000000,0.0000000000,0.0000000000,0.0000000000,0.0000000000,0.0000000000,0.0000000000,0.0000000000,0.0000000000,0.0000000000,0.0000000000,0.0000000000,0.0000000000,0.0000000000,0.0000000000,0.0000000000,0.0000000000,0.0000000000,0.0000000000,0.0000000000,0.0000000000,0.0000000000,0.0000000000,0.0000000000,0.0000000000,0.0000000000,0.0000000000,0.0000000000,0.0000000000,0.0000000000,0.0000000000,0.0000000000,0.0000000000,0.0000000000,0.0000000000,0.0000000000,0.0000000000,0.0000000000,0.0000000000,0.0000000000,0.0000000000,0.0000000000,0.0000000000,0.0000000000,0.0000000000,0.0000000000,0.0000000000,0.0000000000,0.0000000000,0.0000000000,0.0000000000,0.0000000000,0.0000000000,0.0000000000,0.0000000000,0.0000000000,0.0000000000,0.0000000000,0.0000000000,0.0000000000,0.0000000000,0.0000000000,0.0000000000,0.0000000000,0.0000000000,0.0000000000,0.0000000000,0.0000000000,0.0000000000,0.0000000000,0.0000000000,0.0000000000,0.0000000000,0.0000000000,0.0000000000,0.0000000000,0.0000000000,0.0000000000,0.0000000000,0.0000000000,0.0000000000,0.0000000000,0.0000000000,0.0000000000,0.0000000000,0.0000000000,0.0000000000,0.0000000000,0.0000000000,0.0000000000,0.0000000000,0.0000000000,0.0000000000,0.0000000000,0.0000000000,0.0000000000,0.0000000000,0.0000000000,0.0000000000,0.0000000000,0.0000000000,0.0000000000,0.0000000000,0.0000000000,0.0000000000,0.0000000000,0.0000000000,0.0000000000,0.0000000000,0.0000000000,0.0000000000,0.0000000000,0.0000000000,0.0000000000,0.0000000000,0.0000000000,0.0000000000,0.0000000000,0.0000000000,0.0000000000,0.0000000000,0.0000000000,0.0000000000,0.0000000000,0.0000000000,0.0000000000,0.0000000000,0.0000000000,0.0000000000,0.0000000000,0.0000000000,0.0000000000,0.0000000000,0.0000000000,0.0000000000,0.0000000000,0.0000000000,0.0000000000,0.0000000000,0.0000000000,0.0000000000,0.0000000000,0.0000000000,0.0000000000,0.0000000000,0.0000000000,0.0000000000,0.0000000000,0.0000000000,0.0000000000,0.0000000000,0.0000000000,0.0000000000,0.0000000000,1.0000000000,0.0370677159,0.0185619799,0.0101366241,0.0057814608,0.0015521925
0.0000000000,0.0000000000,0.0000000000,0.0000000000,0.0000000000,0.0000000000,0.0000000000,0.0000000000,0.0000000000,0.0000000000,0.0000000000,0.0000000000,0.0000000000,0.0000000000,0.0000000000,0.0000000000,0.0000000000,0.0000000000,0.0000000000,0.0000000000,0.0000000000,0.0000000000,0.0000000000,0.0000000000,0.0000000000,0.0000000000,0.0000000000,0.0000000000,0.0000000000,0.0000000000,0.0000000000,0.0000000000,0.0000000000,0.0000000000,0.0000000000,0.0000000000,0.0000000000,0.0000000000,0.0000000000,0.0000000000,0.0000000000,0.0000000000,0.0000000000,0.0000000000,0.0000000000,0.0000000000,0.0000000000,0.0000000000,0.0000000000,0.0000000000,0.0000000000,0.0000000000,0.0000000000,0.0000000000,0.0000000000,0.0000000000,0.0000000000,0.0000000000,0.0000000000,0.0000000000,0.0000000000,0.0000000000,0.0000000000,0.0000000000,0.0000000000,0.0000000000,0.0000000000,0.0000000000,0.0000000000,0.0000000000,0.0000000000,0.0000000000,0.0000000000,0.0000000000,0.0000000000,0.0000000000,0.0000000000,0.0000000000,0.0000000000,0.0000000000,0.0000000000,0.0000000000,0.0000000000,0.0000000000,0.0000000000,0.0000000000,0.0000000000,0.0000000000,0.0000000000,0.0000000000,0.0000000000,0.0000000000,0.0000000000,0.0000000000,0.0000000000,0.0000000000,0.0000000000,0.0000000000,0.0000000000,0.0000000000,0.0000000000,0.0000000000,0.0000000000,0.0000000000,0.0000000000,0.0000000000,0.0000000000,0.0000000000,0.0000000000,0.0000000000,0.0000000000,0.0000000000,0.0000000000,0.0000000000,0.0000000000,0.0000000000,0.0000000000,0.0000000000,0.0000000000,0.0000000000,0.0000000000,0.0000000000,0.0000000000,0.0000000000,0.0000000000,0.0000000000,0.0000000000,0.0000000000,0.0000000000,0.0000000000,0.0000000000,0.0000000000,0.0000000000,0.0000000000,0.0000000000,0.0000000000,0.0000000000,0.0000000000,0.0000000000,0.0000000000,0.0000000000,0.0000000000,0.0000000000,0.0000000000,0.0000000000,0.0000000000,0.0000000000,0.0000000000,0.0000000000,0.0000000000,0.0000000000,0.0000000000,0.0000000000,0.0000000000,0.0000000000,1.0000000000,0.0317002882,0.0166830226,0.0074497574,0.0003148615
0.0000000000,0.0000000000,0.0000000000,0.0000000000,0.0000000000,0.0000000000,0.0000000000,0.0000000000,0.0000000000,0.0000000000,0.0000000000,0.0000000000,0.0000000000,0.0000000000,0.0000000000,0.0000000000,0.0000000000,0.0000000000,0.0000000000,0.0000000000,0.0000000000,0.0000000000,0.0000000000,0.0000000000,0.0000000000,0.0000000000,0.0000000000,0.0000000000,0.0000000000,0.0000000000,0.0000000000,0.0000000000,0.0000000000,0.0000000000,0.0000000000,0.0000000000,0.0000000000,0.0000000000,0.0000000000,0.0000000000,0.0000000000,0.0000000000,0.0000000000,0.0000000000,0.0000000000,0.0000000000,0.0000000000,0.0000000000,0.0000000000,0.0000000000,0.0000000000,0.0000000000,0.0000000000,0.0000000000,0.0000000000,0.0000000000,0.0000000000,0.0000000000,0.0000000000,0.0000000000,0.0000000000,0.0000000000,0.0000000000,0.0000000000,0.0000000000,0.0000000000,0.0000000000,0.0000000000,0.0000000000,0.0000000000,0.0000000000,0.0000000000,0.0000000000,0.0000000000,0.0000000000,0.0000000000,0.0000000000,0.0000000000,0.0000000000,0.0000000000,0.0000000000,0.0000000000,0.0000000000,0.0000000000,0.0000000000,0.0000000000,0.0000000000,0.0000000000,0.0000000000,0.0000000000,0.0000000000,0.0000000000,0.0000000000,0.0000000000,0.0000000000,0.0000000000,0.0000000000,0.0000000000,0.0000000000,0.0000000000,0.0000000000,0.0000000000,0.0000000000,0.0000000000,0.0000000000,0.0000000000,0.0000000000,0.0000000000,0.0000000000,0.0000000000,0.0000000000,0.0000000000,0.0000000000,0.0000000000,0.0000000000,0.0000000000,0.0000000000,0.0000000000,0.0000000000,0.0000000000,0.0000000000,0.0000000000,0.0000000000,0.0000000000,0.0000000000,0.0000000000,0.0000000000,0.0000000000,0.0000000000,0.0000000000,0.0000000000,0.0000000000,0.0000000000,0.0000000000,0.0000000000,0.0000000000,0.0000000000,0.0000000000,0.0000000000,0.0000000000,0.0000000000,0.0000000000,0.0000000000,0.0000000000,0.0000000000,0.0000000000,0.0000000000,0.0000000000,0.0000000000,0.0000000000,0.0000000000,0.0000000000,0.0000000000,0.0000000000,0.0000000000,0.0000000000,1.0000000000,0.0494377254,0.0182448458,0.0040941658
0.0000000000,0.0000000000,0.0000000000,0.0000000000,0.0000000000,0.0000000000,0.0000000000,0.0000000000,0.0000000000,0.0000000000,0.0000000000,0.0000000000,0.0000000000,0.0000000000,0.0000000000,0.0000000000,0.0000000000,0.0000000000,0.0000000000,0.0000000000,0.0000000000,0.0000000000,0.0000000000,0.0000000000,0.0000000000,0.0000000000,0.0000000000,0.0000000000,0.0000000000,0.0000000000,0.0000000000,0.0000000000,0.0000000000,0.0000000000,0.0000000000,0.0000000000,0.0000000000,0.0000000000,0.0000000000,0.0000000000,0.0000000000,0.0000000000,0.0000000000,0.0000000000,0.0000000000,0.0000000000,0.0000000000,0.0000000000,0.0000000000,0.0000000000,0.0000000000,0.0000000000,0.0000000000,0.0000000000,0.0000000000,0.0000000000,0.0000000000,0.0000000000,0.0000000000,0.0000000000,0.0000000000,0.0000000000,0.0000000000,0.0000000000,0.0000000000,0.0000000000,0.0000000000,0.0000000000,0.0000000000,0.0000000000,0.0000000000,0.0000000000,0.0000000000,0.0000000000,0.0000000000,0.0000000000,0.0000000000,0.0000000000,0.0000000000,0.0000000000,0.0000000000,0.0000000000,0.0000000000,0.0000000000,0.0000000000,0.0000000000,0.0000000000,0.0000000000,0.0000000000,0.0000000000,0.0000000000,0.0000000000,0.0000000000,0.0000000000,0.0000000000,0.0000000000,0.0000000000,0.0000000000,0.0000000000,0.0000000000,0.0000000000,0.0000000000,0.0000000000,0.0000000000,0.0000000000,0.0000000000,0.0000000000,0.0000000000,0.0000000000,0.0000000000,0.0000000000,0.0000000000,0.0000000000,0.0000000000,0.0000000000,0.0000000000,0.0000000000,0.0000000000,0.0000000000,0.0000000000,0.0000000000,0.0000000000,0.0000000000,0.0000000000,0.0000000000,0.0000000000,0.0000000000,0.0000000000,0.0000000000,0.0000000000,0.0000000000,0.0000000000,0.0000000000,0.0000000000,0.0000000000,0.0000000000,0.0000000000,0.0000000000,0.0000000000,0.0000000000,0.0000000000,0.0000000000,0.0000000000,0.0000000000,0.0000000000,0.0000000000,0.0000000000,0.0000000000,0.0000000000,0.0000000000,0.0000000000,0.0000000000,0.0000000000,0.0000000000,0.0000000000,0.0000000000,0.0000000000,1.0000000000,0.0419404716,0.0087944302
0.0000000000,0.0000000000,0.0000000000,0.0000000000,0.0000000000,0.0000000000,0.0000000000,0.0000000000,0.0000000000,0.0000000000,0.0000000000,0.0000000000,0.0000000000,0.0000000000,0.0000000000,0.0000000000,0.0000000000,0.0000000000,0.0000000000,0.0000000000,0.0000000000,0.0000000000,0.0000000000,0.0000000000,0.0000000000,0.0000000000,0.0000000000,0.0000000000,0.0000000000,0.0000000000,0.0000000000,0.0000000000,0.0000000000,0.0000000000,0.0000000000,0.0000000000,0.0000000000,0.0000000000,0.0000000000,0.0000000000,0.0000000000,0.0000000000,0.0000000000,0.0000000000,0.0000000000,0.0000000000,0.0000000000,0.0000000000,0.0000000000,0.0000000000,0.0000000000,0.0000000000,0.0000000000,0.0000000000,0.0000000000,0.0000000000,0.0000000000,0.0000000000,0.0000000000,0.0000000000,0.0000000000,0.0000000000,0.0000000000,0.0000000000,0.0000000000,0.0000000000,0.0000000000,0.0000000000,0.0000000000,0.0000000000,0.0000000000,0.0000000000,0.0000000000,0.0000000000,0.0000000000,0.0000000000,0.0000000000,0.0000000000,0.0000000000,0.0000000000,0.0000000000,0.0000000000,0.0000000000,0.0000000000,0.0000000000,0.0000000000,0.0000000000,0.0000000000,0.0000000000,0.0000000000,0.0000000000,0.0000000000,0.0000000000,0.0000000000,0.0000000000,0.0000000000,0.0000000000,0.0000000000,0.0000000000,0.0000000000,0.0000000000,0.0000000000,0.0000000000,0.0000000000,0.0000000000,0.0000000000,0.0000000000,0.0000000000,0.0000000000,0.0000000000,0.0000000000,0.0000000000,0.0000000000,0.0000000000,0.0000000000,0.0000000000,0.0000000000,0.0000000000,0.0000000000,0.0000000000,0.0000000000,0.0000000000,0.0000000000,0.0000000000,0.0000000000,0.0000000000,0.0000000000,0.0000000000,0.0000000000,0.0000000000,0.0000000000,0.0000000000,0.0000000000,0.0000000000,0.0000000000,0.0000000000,0.0000000000,0.0000000000,0.0000000000,0.0000000000,0.0000000000,0.0000000000,0.0000000000,0.0000000000,0.0000000000,0.0000000000,0.0000000000,0.0000000000,0.0000000000,0.0000000000,0.0000000000,0.0000000000,0.0000000000,0.0000000000,0.0000000000,0.0000000000,0.0000000000,0.0000000000,1.0000000000,0.0251134644
0.0000000000,0.0000000000,0.0000000000,0.0000000000,0.0000000000,0.0000000000,0.0000000000,0.0000000000,0.0000000000,0.0000000000,0.0000000000,0.0000000000,0.0000000000,0.0000000000,0.0000000000,0.0000000000,0.0000000000,0.0000000000,0.0000000000,0.0000000000,0.0000000000,0.0000000000,0.0000000000,0.0000000000,0.0000000000,0.0000000000,0.0000000000,0.0000000000,0.0000000000,0.0000000000,0.0000000000,0.0000000000,0.0000000000,0.0000000000,0.0000000000,0.0000000000,0.0000000000,0.0000000000,0.0000000000,0.0000000000,0.0000000000,0.0000000000,0.0000000000,0.0000000000,0.0000000000,0.0000000000,0.0000000000,0.0000000000,0.0000000000,0.0000000000,0.0000000000,0.0000000000,0.0000000000,0.0000000000,0.0000000000,0.0000000000,0.0000000000,0.0000000000,0.0000000000,0.0000000000,0.0000000000,0.0000000000,0.0000000000,0.0000000000,0.0000000000,0.0000000000,0.0000000000,0.0000000000,0.0000000000,0.0000000000,0.0000000000,0.0000000000,0.0000000000,0.0000000000,0.0000000000,0.0000000000,0.0000000000,0.0000000000,0.0000000000,0.0000000000,0.0000000000,0.0000000000,0.0000000000,0.0000000000,0.0000000000,0.0000000000,0.0000000000,0.0000000000,0.0000000000,0.0000000000,0.0000000000,0.0000000000,0.0000000000,0.0000000000,0.0000000000,0.0000000000,0.0000000000,0.0000000000,0.0000000000,0.0000000000,0.0000000000,0.0000000000,0.0000000000,0.0000000000,0.0000000000,0.0000000000,0.0000000000,0.0000000000,0.0000000000,0.0000000000,0.0000000000,0.0000000000,0.0000000000,0.0000000000,0.0000000000,0.0000000000,0.0000000000,0.0000000000,0.0000000000,0.0000000000,0.0000000000,0.0000000000,0.0000000000,0.0000000000,0.0000000000,0.0000000000,0.0000000000,0.0000000000,0.0000000000,0.0000000000,0.0000000000,0.0000000000,0.0000000000,0.0000000000,0.0000000000,0.0000000000,0.0000000000,0.0000000000,0.0000000000,0.0000000000,0.0000000000,0.0000000000,0.0000000000,0.0000000000,0.0000000000,0.0000000000,0.0000000000,0.0000000000,0.0000000000,0.0000000000,0.0000000000,0.0000000000,0.0000000000,0.0000000000,0.0000000000,0.0000000000,0.0000000000,0.0000000000,0.0000000000,1.0000000000
